name,row,ciclo,clave_plantel,cve_programa,modalidad,matricula_h,matricula_m,matricula_nb,matricula_t,discapacidad_h,discapacidad_m,discapacidad_nb,discapacidad_t,habla_indigena_h,habla_indigena_m,habla_indigena_nb,habla_indigena_t
1 2021-2022 14USU0002Z 5011500002,1,2021-2022,14USU0002Z,5011500002,Escolarizada,60,159,,219,4,6,,10,17,23,,40
2 2021-2022 14USU0002Z 5031100007,2,2021-2022,14USU0002Z,5031100007,Escolarizada,71,263,,334,1,10,,11,2,1,,3
3 2021-2022 14USU0002Z 5031200004,3,2021-2022,14USU0002Z,5031200004,Escolarizada,11,17,,28,1,0,,1,0,2,,2
4 2021-2022 14USU0002Z 5033100003,4,2021-2022,14USU0002Z,5033100003,Escolarizada,243,308,,551,3,10,,13,7,6,,13
5 2021-2022 14USU0002Z 5041100021,5,2021-2022,14USU0002Z,5041100021,Escolarizada,68,37,,105,2,0,,2,10,2,,12
6 2021-2022 14USU0002Z 5041400032,6,2021-2022,14USU0002Z,5041400032,Escolarizada,71,130,,201,2,7,,9,5,4,,9
7 2021-2022 14USU0002Z 5042000002,7,2021-2022,14USU0002Z,5042000002,Escolarizada,121,166,,287,9,7,,16,12,5,,17
8 2021-2022 14USU0002Z 5062100034,8,2021-2022,14USU0002Z,5062100034,Escolarizada,11,15,,26,0,1,,1,0,0,,0
9 2021-2022 14USU0002Z 5062200073,9,2021-2022,14USU0002Z,5062200073,Escolarizada,170,49,,219,6,3,,9,13,2,,15
10 2021-2022 14USU0002Z 5071300009,10,2021-2022,14USU0002Z,5071300009,Escolarizada,244,28,,272,8,3,,11,6,0,,6
11 2021-2022 14USU0002Z 5092100006,11,2021-2022,14USU0002Z,5092100006,Escolarizada,215,729,,944,5,22,,27,9,32,,41
12 2021-2022 14USU0002Z 5094200006,12,2021-2022,14USU0002Z,5094200006,Escolarizada,74,192,,266,3,7,,10,2,10,,12
13 2021-2022 14USU0002Z 5101600013,13,2021-2022,14USU0002Z,5101600013,Escolarizada,20,52,,72,1,5,,6,0,1,,1
14 2021-2022 14USU0003Y 5011500002,14,2021-2022,14USU0003Y,5011500002,Escolarizada,66,240,,306,0,0,,0,0,0,,0
15 2021-2022 14USU0003Y 5031100007,15,2021-2022,14USU0003Y,5031100007,Escolarizada,89,336,,425,4,14,,18,0,0,,0
16 2021-2022 14USU0003Y 5031500010,16,2021-2022,14USU0003Y,5031500010,Escolarizada,41,354,,395,2,7,,9,0,0,,0
17 2021-2022 14USU0003Y 5033100003,17,2021-2022,14USU0003Y,5033100003,Escolarizada,162,301,,463,3,11,,14,0,0,,0
18 2021-2022 14USU0003Y 5041100021,18,2021-2022,14USU0003Y,5041100021,Escolarizada,86,82,,168,4,5,,9,0,0,,0
19 2021-2022 14USU0003Y 5041400032,19,2021-2022,14USU0003Y,5041400032,Escolarizada,167,270,,437,5,7,,12,0,0,,0
20 2021-2022 14USU0003Y 5042000002,20,2021-2022,14USU0003Y,5042000002,Escolarizada,155,242,,397,6,6,,12,0,2,,2
21 2021-2022 14USU0003Y 5051100015,21,2021-2022,14USU0003Y,5051100015,Escolarizada,68,112,,180,1,5,,6,0,0,,0
22 2021-2022 14USU0003Y 5052200021,22,2021-2022,14USU0003Y,5052200021,Escolarizada,46,43,,89,1,1,,2,1,0,,1
23 2021-2022 14USU0003Y 5062200055,23,2021-2022,14USU0003Y,5062200055,Escolarizada,0,0,,0,0,0,,0,0,0,,0
24 2021-2022 14USU0003Y 5062200073,24,2021-2022,14USU0003Y,5062200073,Escolarizada,162,20,,182,3,0,,3,0,0,,0
25 2021-2022 14USU0003Y 5062200082,25,2021-2022,14USU0003Y,5062200082,Escolarizada,138,41,,179,3,2,,5,0,0,,0
26 2021-2022 14USU0003Y 5071300014,26,2021-2022,14USU0003Y,5071300014,Escolarizada,323,34,,357,10,1,,11,0,0,,0
27 2021-2022 14USU0003Y 5071300091,27,2021-2022,14USU0003Y,5071300091,Escolarizada,86,17,,103,3,0,,3,0,0,,0
28 2021-2022 14USU0003Y 5072400001,28,2021-2022,14USU0003Y,5072400001,Escolarizada,24,18,,42,0,0,,0,0,0,,0
29 2021-2022 14USU0003Y 5092100006,29,2021-2022,14USU0003Y,5092100006,Escolarizada,24,103,,127,0,3,,3,0,0,,0
30 2021-2022 14USU0003Y 5094200006,30,2021-2022,14USU0003Y,5094200006,Escolarizada,57,197,,254,3,4,,7,0,0,,0
31 2021-2022 14USU0003Y 5101600013,31,2021-2022,14USU0003Y,5101600013,Escolarizada,47,155,,202,1,4,,5,0,0,,0
32 2021-2022 14USU0004X 5011200004,32,2021-2022,14USU0004X,5011200004,No Escolarizada,146,573,,719,4,24,,28,3,5,,8
33 2021-2022 14USU0004X 5011500002,33,2021-2022,14USU0004X,5011500002,No Escolarizada,4,8,,12,0,0,,0,0,0,,0
34 2021-2022 14USU0004X 5021000007,34,2021-2022,14USU0004X,5021000007,No Escolarizada,111,241,,352,0,6,,6,2,3,,5
35 2021-2022 14USU0004X 5032100001,35,2021-2022,14USU0004X,5032100001,No Escolarizada,47,27,,74,2,1,,3,0,0,,0
36 2021-2022 14USU0004X 5032200003,36,2021-2022,14USU0004X,5032200003,No Escolarizada,0,0,,0,0,0,,0,0,0,,0
37 2021-2022 14USU0004X 5032200012,37,2021-2022,14USU0004X,5032200012,No Escolarizada,28,81,,109,1,1,,2,1,1,,2
38 2021-2022 14USU0004X 5041200075,38,2021-2022,14USU0004X,5041200075,No Escolarizada,341,428,,769,12,7,,19,1,1,,2
39 2021-2022 14USU0004X 5042100065,39,2021-2022,14USU0004X,5042100065,No Escolarizada,573,867,,1440,7,21,,28,1,0,,1
40 2021-2022 14USU0004X 5061000015,40,2021-2022,14USU0004X,5061000015,No Escolarizada,256,126,,382,4,5,,9,0,0,,0
41 2021-2022 14USU0004X 5062200105,41,2021-2022,14USU0004X,5062200105,No Escolarizada,509,160,,669,18,4,,22,1,0,,1
42 2021-2022 14USU0004X 5104100015,42,2021-2022,14USU0004X,5104100015,No Escolarizada,81,77,,158,4,1,,5,0,0,,0
43 2021-2022 14USU0005W 5021000114,43,2021-2022,14USU0005W,5021000114,Escolarizada,215,251,,466,8,6,,14,1,0,,1
44 2021-2022 14USU0005W 5021200054,44,2021-2022,14USU0005W,5021200054,Escolarizada,75,220,,295,5,2,,7,1,1,,2
45 2021-2022 14USU0005W 5021200055,45,2021-2022,14USU0005W,5021200055,Escolarizada,88,118,,206,3,2,,5,0,0,,0
46 2021-2022 14USU0005W 5021400012,46,2021-2022,14USU0005W,5021400012,Escolarizada,68,41,,109,0,0,,0,0,0,,0
47 2021-2022 14USU0005W 5021700002,47,2021-2022,14USU0005W,5021700002,Escolarizada,177,341,,518,7,7,,14,0,0,,0
48 2021-2022 14USU0006V 5021300063,48,2021-2022,14USU0006V,5021300063,Escolarizada,160,82,,242,5,1,,6,1,0,,1
49 2021-2022 14USU0007U 5051100006,49,2021-2022,14USU0007U,5051100006,Escolarizada,126,189,,315,4,4,,8,0,0,,0
50 2021-2022 14USU0008T 5021000010,50,2021-2022,14USU0008T,5021000010,Escolarizada,49,138,,187,2,4,,6,0,0,,0
51 2021-2022 14USU0008T 5021600062,51,2021-2022,14USU0008T,5021600062,Escolarizada,57,137,,194,2,3,,5,0,0,,0
52 2021-2022 14USU0008T 5022500001,52,2021-2022,14USU0008T,5022500001,Escolarizada,62,119,,181,3,6,,9,0,0,,0
53 2021-2022 14USU0008T 5031500008,53,2021-2022,14USU0008T,5031500008,Escolarizada,35,219,,254,0,3,,3,0,0,,0
54 2021-2022 14USU0008T 5033100003,54,2021-2022,14USU0008T,5033100003,Escolarizada,547,919,,1466,8,19,,27,0,1,,1
55 2021-2022 14USU0008T 5033200024,55,2021-2022,14USU0008T,5033200024,Escolarizada,61,177,,238,1,6,,7,0,0,,0
56 2021-2022 14USU0008T 5041400032,56,2021-2022,14USU0008T,5041400032,Escolarizada,333,516,,849,7,13,,20,1,0,,1
57 2021-2022 14USU0008T 5042100012,57,2021-2022,14USU0008T,5042100012,Escolarizada,358,473,,831,11,9,,20,0,0,,0
58 2021-2022 14USU0008T 5052200002,58,2021-2022,14USU0008T,5052200002,Escolarizada,362,194,,556,13,6,,19,1,0,,1
59 2021-2022 14USU0008T 5061100001,59,2021-2022,14USU0008T,5061100001,Escolarizada,364,71,,435,14,1,,15,0,1,,1
60 2021-2022 14USU0008T 5071200009,60,2021-2022,14USU0008T,5071200009,Escolarizada,405,118,,523,14,4,,18,0,0,,0
61 2021-2022 14USU0008T 5073100009,61,2021-2022,14USU0008T,5073100009,Escolarizada,135,123,,258,6,1,,7,0,0,,0
62 2021-2022 14USU0008T 5091100011,62,2021-2022,14USU0008T,5091100011,Escolarizada,504,830,,1334,7,9,,16,0,1,,1
63 2021-2022 14USU0008T 5094200006,63,2021-2022,14USU0008T,5094200006,Escolarizada,80,442,,522,1,8,,9,0,0,,0
64 2021-2022 14USU0008T 5095600005,64,2021-2022,14USU0008T,5095600005,Escolarizada,50,159,,209,1,2,,3,0,0,,0
65 2021-2022 14USU0009S 5033100003,65,2021-2022,14USU0009S,5033100003,Escolarizada,14,29,,43,0,1,,1,0,0,,0
66 2021-2022 14USU0009S 5042000002,66,2021-2022,14USU0009S,5042000002,Escolarizada,33,39,,72,0,1,,1,0,0,,0
67 2021-2022 14USU0009S 5101600013,67,2021-2022,14USU0009S,5101600013,Escolarizada,14,30,,44,0,0,,0,0,0,,0
68 2021-2022 14USU0010H 5021500119,68,2021-2022,14USU0010H,5021500119,Escolarizada,35,107,,142,3,7,,10,1,1,,2
69 2021-2022 14USU0010H 5031200031,69,2021-2022,14USU0010H,5031200031,Escolarizada,184,338,,522,2,10,,12,0,0,,0
70 2021-2022 14USU0010H 5031300010,70,2021-2022,14USU0010H,5031300010,Escolarizada,339,273,,612,10,4,,14,0,1,,1
71 2021-2022 14USU0010H 5031300014,71,2021-2022,14USU0010H,5031300014,Escolarizada,203,553,,756,2,10,,12,1,0,,1
72 2021-2022 14USU0010H 5031500010,72,2021-2022,14USU0010H,5031500010,Escolarizada,74,1214,,1288,3,34,,37,0,2,,2
73 2021-2022 14USU0010H 5032100027,73,2021-2022,14USU0010H,5032100027,Escolarizada,43,84,,127,0,2,,2,0,0,,0
74 2021-2022 14USU0010H 5033200006,74,2021-2022,14USU0010H,5033200006,Escolarizada,177,425,,602,2,11,,13,0,0,,0
75 2021-2022 14USU0011G 5094100009,75,2021-2022,14USU0011G,5094100009,Escolarizada,76,202,,278,1,4,,5,0,0,,0
76 2021-2022 14USU0011G 5041100056,76,2021-2022,14USU0011G,5041100056,Escolarizada,31,41,,72,2,0,,2,0,0,,0
77 2021-2022 14USU0011G 5042000002,77,2021-2022,14USU0011G,5042000002,Escolarizada,36,36,,72,1,0,,1,0,0,,0
78 2021-2022 14USU0011G 5071000020,78,2021-2022,14USU0011G,5071000020,Escolarizada,19,16,,35,2,1,,3,0,0,,0
79 2021-2022 14USU0011G 5071300014,79,2021-2022,14USU0011G,5071300014,Escolarizada,44,4,,48,0,0,,0,0,0,,0
80 2021-2022 14USU0011G 5073200005,80,2021-2022,14USU0011G,5073200005,Escolarizada,34,5,,39,0,0,,0,0,0,,0
81 2021-2022 14USU0011G 5091100011,81,2021-2022,14USU0011G,5091100011,Escolarizada,27,43,,70,0,0,,0,0,0,,0
82 2021-2022 14USU0011G 5092100006,82,2021-2022,14USU0011G,5092100006,Escolarizada,8,60,,68,0,1,,1,0,0,,0
83 2021-2022 14USU0011G 5094200006,83,2021-2022,14USU0011G,5094200006,Escolarizada,11,59,,70,0,2,,2,0,0,,0
84 2021-2022 14USU0011G 5042100092,84,2021-2022,14USU0011G,5042100092,Escolarizada,20,44,,64,0,1,,1,0,0,,0
85 2021-2022 14USU0011G 5051200024,85,2021-2022,14USU0011G,5051200024,Escolarizada,32,40,,72,2,0,,2,0,0,,0
86 2021-2022 14USU0011G 5071100005,86,2021-2022,14USU0011G,5071100005,Escolarizada,44,32,,76,3,1,,4,0,0,,0
87 2021-2022 14USU0011G 5071300014,87,2021-2022,14USU0011G,5071300014,Escolarizada,47,6,,53,0,0,,0,0,0,,0
88 2021-2022 14USU0011G 5073200005,88,2021-2022,14USU0011G,5073200005,Escolarizada,41,9,,50,0,0,,0,0,0,,0
89 2021-2022 14USU0100Z 5012603011,89,2021-2022,14USU0100Z,5012603011,Escolarizada,44,113,,157,1,1,,2,0,0,,0
90 2021-2022 14USU0100Z 5012603027,90,2021-2022,14USU0100Z,5012603027,Escolarizada,55,125,,180,1,2,,3,0,0,,0
91 2021-2022 14USU0100Z 5022300022,91,2021-2022,14USU0100Z,5022300022,Escolarizada,147,445,,592,8,7,,15,0,0,,0
92 2021-2022 14USU0100Z 5022500008,92,2021-2022,14USU0100Z,5022500008,Escolarizada,387,296,,683,12,11,,23,1,1,,2
93 2021-2022 14USU0100Z 5022600002,93,2021-2022,14USU0100Z,5022600002,Escolarizada,279,147,,426,6,7,,13,0,0,,0
94 2021-2022 14USU0100Z 5031200004,94,2021-2022,14USU0100Z,5031200004,Escolarizada,84,190,,274,5,6,,11,1,0,,1
95 2021-2022 14USU0100Z 5033100003,95,2021-2022,14USU0100Z,5033100003,Escolarizada,2818,3212,,6030,39,46,,85,5,3,,8
96 2021-2022 14USU0100Z 5052300015,96,2021-2022,14USU0100Z,5052300015,Escolarizada,154,150,,304,3,6,,9,0,0,,0
97 2021-2022 14USU0110G 5052100005,97,2021-2022,14USU0110G,5052100005,Escolarizada,359,121,,480,10,2,,12,0,0,,0
98 2021-2022 14USU0110G 5052200007,98,2021-2022,14USU0110G,5052200007,Escolarizada,416,394,,810,17,7,,24,1,1,,2
99 2021-2022 14USU0110G 5052200017,99,2021-2022,14USU0110G,5052200017,Escolarizada,118,76,,194,3,2,,5,0,0,,0
100 2021-2022 14USU0110G 5053100004,100,2021-2022,14USU0110G,5053100004,Escolarizada,217,103,,320,7,5,,12,0,1,,1
101 2021-2022 14USU0110G 5061000002,101,2021-2022,14USU0110G,5061000002,Escolarizada,1715,264,,1979,62,6,,68,1,2,,3
102 2021-2022 14USU0110G 5062100009,102,2021-2022,14USU0110G,5062100009,Escolarizada,1351,208,,1559,32,6,,38,3,0,,3
103 2021-2022 14USU0110G 5062200055,103,2021-2022,14USU0110G,5062200055,Escolarizada,1339,234,,1573,41,8,,49,1,1,,2
104 2021-2022 14USU0110G 5071000020,104,2021-2022,14USU0110G,5071000020,Escolarizada,435,314,,749,18,6,,24,1,0,,1
105 2021-2022 14USU0110G 5071200034,105,2021-2022,14USU0110G,5071200034,Escolarizada,174,59,,233,12,1,,13,0,0,,0
106 2021-2022 14USU0110G 5071300009,106,2021-2022,14USU0110G,5071300009,Escolarizada,1702,108,,1810,34,1,,35,0,1,,1
107 2021-2022 14USU0110G 5071300082,107,2021-2022,14USU0110G,5071300082,Escolarizada,299,52,,351,10,1,,11,0,0,,0
108 2021-2022 14USU0110G 5071400015,108,2021-2022,14USU0110G,5071400015,Escolarizada,844,682,,1526,22,17,,39,2,0,,2
109 2021-2022 14USU0110G 5071700019,109,2021-2022,14USU0110G,5071700019,Escolarizada,1394,599,,1993,27,9,,36,4,1,,5
110 2021-2022 14USU0110G 5072100033,110,2021-2022,14USU0110G,5072100033,Escolarizada,178,375,,553,3,10,,13,0,0,,0
111 2021-2022 14USU0110G 5073200005,111,2021-2022,14USU0110G,5073200005,Escolarizada,1065,243,,1308,14,3,,17,1,0,,1
112 2021-2022 14USU0110G 5073200035,112,2021-2022,14USU0110G,5073200035,Escolarizada,251,69,,320,6,3,,9,0,1,,1
113 2021-2022 14USU0110G 5095400006,113,2021-2022,14USU0110G,5095400006,Escolarizada,618,1099,,1717,17,26,,43,0,1,,1
114 2021-2022 14USU0110G 5102100004,114,2021-2022,14USU0110G,5102100004,Escolarizada,196,106,,302,3,0,,3,0,0,,0
115 2021-2022 14USU0110G 4071300015,115,2021-2022,14USU0110G,4071300015,Escolarizada,0,0,,0,0,0,,0,0,0,,0
116 2021-2022 14USU0120N 5031400003,116,2021-2022,14USU0120N,5031400003,Escolarizada,471,226,,697,9,0,,9,0,1,,1
117 2021-2022 14USU0120N 5032100065,117,2021-2022,14USU0120N,5032100065,Escolarizada,171,490,,661,0,10,,10,0,0,,0
118 2021-2022 14USU0120N 5041100009,118,2021-2022,14USU0120N,5041100009,Escolarizada,244,229,,473,6,7,,13,0,0,,0
119 2021-2022 14USU0120N 5041100056,119,2021-2022,14USU0120N,5041100056,Escolarizada,1573,2247,,3820,19,41,,60,0,2,,2
120 2021-2022 14USU0120N 5041100127,120,2021-2022,14USU0120N,5041100127,Escolarizada,309,596,,905,7,16,,23,1,0,,1
121 2021-2022 14USU0120N 5041200028,121,2021-2022,14USU0120N,5041200028,Escolarizada,1019,1358,,2377,16,22,,38,2,2,,4
122 2021-2022 14USU0120N 5041300007,122,2021-2022,14USU0120N,5041300007,Escolarizada,1105,888,,1993,19,18,,37,0,1,,1
123 2021-2022 14USU0120N 5041400032,123,2021-2022,14USU0120N,5041400032,Escolarizada,1627,1889,,3516,26,27,,53,0,4,,4
124 2021-2022 14USU0120N 5042000002,124,2021-2022,14USU0120N,5042000002,Escolarizada,1356,1587,,2943,26,27,,53,1,2,,3
125 2021-2022 14USU0120N 5042100117,125,2021-2022,14USU0120N,5042100117,Escolarizada,203,1012,,1215,6,9,,15,0,1,,1
126 2021-2022 14USU0120N 5042300027,126,2021-2022,14USU0120N,5042300027,Escolarizada,319,272,,591,4,6,,10,1,1,,2
127 2021-2022 14USU0120N 5051300020,127,2021-2022,14USU0120N,5051300020,Escolarizada,116,215,,331,1,7,,8,0,0,,0
128 2021-2022 14USU0120N 5062200082,128,2021-2022,14USU0120N,5062200082,Escolarizada,519,144,,663,12,6,,18,3,0,,3
129 2021-2022 14USU0120N 5101600013,129,2021-2022,14USU0120N,5101600013,Escolarizada,303,1106,,1409,5,24,,29,0,0,,0
130 2021-2022 14USU0120N 4062100004,130,2021-2022,14USU0120N,4062100004,Escolarizada,0,0,,0,0,0,,0,0,0,,0
131 2021-2022 14USU0130U 5041100021,131,2021-2022,14USU0130U,5041100021,Escolarizada,142,104,,246,3,3,,6,0,1,,1
132 2021-2022 14USU0130U 5051100003,132,2021-2022,14USU0130U,5051100003,Escolarizada,774,1134,,1908,14,30,,44,0,1,,1
133 2021-2022 14USU0130U 5072100018,133,2021-2022,14USU0130U,5072100018,Escolarizada,87,155,,242,3,2,,5,0,1,,1
134 2021-2022 14USU0130U 5081300016,134,2021-2022,14USU0130U,5081300016,Escolarizada,1114,529,,1643,18,9,,27,2,1,,3
135 2021-2022 14USU0130U 5082100001,135,2021-2022,14USU0130U,5082100001,Escolarizada,719,1701,,2420,13,44,,57,0,1,,1
136 2021-2022 14USU0140A 5021000110,136,2021-2022,14USU0140A,5021000110,Escolarizada,56,80,,136,3,0,,3,0,0,,0
137 2021-2022 14USU0140A 5021500044,137,2021-2022,14USU0140A,5021500044,Escolarizada,489,900,,1389,11,38,,49,1,0,,1
138 2021-2022 14USU0140A 5021600017,138,2021-2022,14USU0140A,5021600017,Escolarizada,50,516,,566,0,14,,14,0,0,,0
139 2021-2022 14USU0140A 5021600024,139,2021-2022,14USU0140A,5021600024,Escolarizada,69,286,,355,0,5,,5,0,1,,1
140 2021-2022 14USU0140A 5071100019,140,2021-2022,14USU0140A,5071100019,Escolarizada,261,339,,600,5,7,,12,0,0,,0
141 2021-2022 14USU0140A 5073100009,141,2021-2022,14USU0140A,5073100009,Escolarizada,1239,982,,2221,15,16,,31,1,2,,3
142 2021-2022 14USU0140A 5073100024,142,2021-2022,14USU0140A,5073100024,Escolarizada,179,165,,344,1,6,,7,0,0,,0
143 2021-2022 14USU0150H 4062100001,143,2021-2022,14USU0150H,4062100001,Escolarizada,0,0,,0,0,0,,0,0,0,,0
144 2021-2022 14USU0150H 5031100007,144,2021-2022,14USU0150H,5031100007,Escolarizada,39,140,,179,1,8,,9,0,0,,0
145 2021-2022 14USU0150H 5033100003,145,2021-2022,14USU0150H,5033100003,Escolarizada,93,113,,206,2,3,,5,0,0,,0
146 2021-2022 14USU0150H 5041400032,146,2021-2022,14USU0150H,5041400032,Escolarizada,85,80,,165,3,4,,7,0,0,,0
147 2021-2022 14USU0150H 5042000002,147,2021-2022,14USU0150H,5042000002,Escolarizada,65,83,,148,2,1,,3,0,0,,0
148 2021-2022 14USU0150H 5042100117,148,2021-2022,14USU0150H,5042100117,Escolarizada,22,74,,96,1,5,,6,0,0,,0
149 2021-2022 14USU0160O 5011500002,149,2021-2022,14USU0160O,5011500002,Escolarizada,0,0,,0,0,0,,0,0,0,,0
150 2021-2022 14USU0160O 5031100007,150,2021-2022,14USU0160O,5031100007,Escolarizada,140,408,,548,5,21,,26,0,1,,1
151 2021-2022 14USU0160O 5032100038,151,2021-2022,14USU0160O,5032100038,Escolarizada,53,56,,109,0,0,,0,0,0,,0
152 2021-2022 14USU0160O 5033100003,152,2021-2022,14USU0160O,5033100003,Escolarizada,266,385,,651,4,9,,13,1,0,,1
153 2021-2022 14USU0160O 5041100056,153,2021-2022,14USU0160O,5041100056,Escolarizada,164,283,,447,6,5,,11,1,0,,1
154 2021-2022 14USU0160O 5041200028,154,2021-2022,14USU0160O,5041200028,Escolarizada,109,144,,253,6,7,,13,0,0,,0
155 2021-2022 14USU0160O 5041400032,155,2021-2022,14USU0160O,5041400032,Escolarizada,103,202,,305,1,13,,14,0,1,,1
156 2021-2022 14USU0160O 5042000002,156,2021-2022,14USU0160O,5042000002,Escolarizada,143,213,,356,4,6,,10,0,0,,0
157 2021-2022 14USU0160O 5042100117,157,2021-2022,14USU0160O,5042100117,Escolarizada,62,186,,248,1,6,,7,0,0,,0
158 2021-2022 14USU0160O 5061000002,158,2021-2022,14USU0160O,5061000002,Escolarizada,192,55,,247,11,1,,12,0,0,,0
159 2021-2022 14USU0160O 5062200055,159,2021-2022,14USU0160O,5062200055,Escolarizada,178,56,,234,5,3,,8,1,0,,1
160 2021-2022 14USU0160O 5071400015,160,2021-2022,14USU0160O,5071400015,Escolarizada,178,175,,353,5,4,,9,0,0,,0
161 2021-2022 14USU0160O 5071700019,161,2021-2022,14USU0160O,5071700019,Escolarizada,207,71,,278,6,3,,9,0,0,,0
162 2021-2022 14USU0160O 5095400006,162,2021-2022,14USU0160O,5095400006,Escolarizada,185,339,,524,12,10,,22,0,0,,0
163 2021-2022 14USU0160O 5091100011,163,2021-2022,14USU0160O,5091100011,Escolarizada,11,19,,30,0,1,,1,0,0,,0
164 2021-2022 14USU0170V 5033100003,164,2021-2022,14USU0170V,5033100003,Escolarizada,65,61,,126,3,4,,7,0,0,,0
165 2021-2022 14USU0170V 5041100021,165,2021-2022,14USU0170V,5041100021,Escolarizada,76,43,,119,4,0,,4,0,0,,0
166 2021-2022 14USU0170V 5041400032,166,2021-2022,14USU0170V,5041400032,Escolarizada,0,0,,0,0,0,,0,0,0,,0
167 2021-2022 14USU0170V 5042000002,167,2021-2022,14USU0170V,5042000002,Escolarizada,69,80,,149,1,0,,1,0,0,,0
168 2021-2022 14USU0170V 5081100010,168,2021-2022,14USU0170V,5081100010,Escolarizada,127,79,,206,4,4,,8,0,0,,0
169 2021-2022 14USU0170V 5092100006,169,2021-2022,14USU0170V,5092100006,Escolarizada,10,26,,36,0,0,,0,0,0,,0
170 2021-2022 14USU0190I 5021000114,170,2021-2022,14USU0190I,5021000114,Escolarizada,28,60,,88,2,4,,6,0,0,,0
171 2021-2022 14USU0190I 5021500002,171,2021-2022,14USU0190I,5021500002,Escolarizada,184,145,,329,11,9,,20,0,1,,1
172 2021-2022 14USU0190I 5021500044,172,2021-2022,14USU0190I,5021500044,Escolarizada,75,154,,229,2,5,,7,0,0,,0
173 2021-2022 14USU0190I 5021700002,173,2021-2022,14USU0190I,5021700002,Escolarizada,28,95,,123,2,7,,9,0,0,,0
174 2021-2022 14USU0190I 5031100007,174,2021-2022,14USU0190I,5031100007,Escolarizada,98,416,,514,4,12,,16,0,0,,0
175 2021-2022 14USU0190I 5033100003,175,2021-2022,14USU0190I,5033100003,Escolarizada,228,352,,580,4,14,,18,1,0,,1
176 2021-2022 14USU0190I 5041400032,176,2021-2022,14USU0190I,5041400032,Escolarizada,285,322,,607,12,6,,18,0,2,,2
177 2021-2022 14USU0190I 5042000002,177,2021-2022,14USU0190I,5042000002,Escolarizada,233,375,,608,7,13,,20,2,2,,4
178 2021-2022 14USU0190I 5051100003,178,2021-2022,14USU0190I,5051100003,Escolarizada,103,151,,254,8,5,,13,0,0,,0
179 2021-2022 14USU0190I 5061000002,179,2021-2022,14USU0190I,5061000002,Escolarizada,192,28,,220,10,3,,13,0,1,,1
180 2021-2022 14USU0190I 5062100034,180,2021-2022,14USU0190I,5062100034,Escolarizada,137,26,,163,8,0,,8,1,0,,1
181 2021-2022 14USU0190I 5071000047,181,2021-2022,14USU0190I,5071000047,Escolarizada,115,10,,125,12,1,,13,0,0,,0
182 2021-2022 14USU0190I 5072100049,182,2021-2022,14USU0190I,5072100049,Escolarizada,76,99,,175,4,0,,4,0,1,,1
183 2021-2022 14USU0190I 5073100009,183,2021-2022,14USU0190I,5073100009,Escolarizada,328,244,,572,15,8,,23,2,0,,2
184 2021-2022 14USU0190I 5073200005,184,2021-2022,14USU0190I,5073200005,Escolarizada,426,112,,538,6,7,,13,1,0,,1
185 2021-2022 14USU0190I 5091100011,185,2021-2022,14USU0190I,5091100011,Escolarizada,191,310,,501,5,5,,10,1,0,,1
186 2021-2022 14USU0190I 5092100006,186,2021-2022,14USU0190I,5092100006,Escolarizada,70,279,,349,0,13,,13,0,1,,1
187 2021-2022 14USU0190I 5094200006,187,2021-2022,14USU0190I,5094200006,Escolarizada,68,260,,328,1,3,,4,0,0,,0
188 2021-2022 14USU0190I 5101100015,188,2021-2022,14USU0190I,5101100015,Escolarizada,168,96,,264,4,0,,4,0,0,,0
189 2021-2022 14USU0190I 5101600013,189,2021-2022,14USU0190I,5101600013,Escolarizada,137,276,,413,7,9,,16,2,0,,2
190 2021-2022 14USU0200Z 4071500002,190,2021-2022,14USU0200Z,4071500002,Escolarizada,177,4,,181,2,0,,2,1,0,,1
191 2021-2022 14USU0200Z 5021000002,191,2021-2022,14USU0200Z,5021000002,Escolarizada,52,30,,82,2,1,,3,0,0,,0
192 2021-2022 14USU0200Z 5033100003,192,2021-2022,14USU0200Z,5033100003,Escolarizada,169,312,,481,4,12,,16,2,1,,3
193 2021-2022 14USU0200Z 5041100007,193,2021-2022,14USU0200Z,5041100007,Escolarizada,91,166,,257,2,8,,10,0,0,,0
194 2021-2022 14USU0200Z 5041300007,194,2021-2022,14USU0200Z,5041300007,Escolarizada,86,103,,189,3,2,,5,2,2,,4
195 2021-2022 14USU0200Z 5041400032,195,2021-2022,14USU0200Z,5041400032,Escolarizada,136,259,,395,5,5,,10,0,1,,1
196 2021-2022 14USU0200Z 5042000002,196,2021-2022,14USU0200Z,5042000002,Escolarizada,105,214,,319,3,4,,7,0,1,,1
197 2021-2022 14USU0200Z 5051300005,197,2021-2022,14USU0200Z,5051300005,Escolarizada,84,83,,167,2,1,,3,0,3,,3
198 2021-2022 14USU0200Z 5062100033,198,2021-2022,14USU0200Z,5062100033,Escolarizada,127,29,,156,2,0,,2,1,1,,2
199 2021-2022 14USU0200Z 5071300014,199,2021-2022,14USU0200Z,5071300014,Escolarizada,255,25,,280,9,0,,9,1,1,,2
200 2021-2022 14USU0200Z 5073200010,200,2021-2022,14USU0200Z,5073200010,Escolarizada,219,27,,246,3,1,,4,0,0,,0
201 2021-2022 14USU0200Z 5081300016,201,2021-2022,14USU0200Z,5081300016,Escolarizada,244,103,,347,2,5,,7,2,2,,4
202 2021-2022 14USU0200Z 5092100006,202,2021-2022,14USU0200Z,5092100006,Escolarizada,46,271,,317,1,1,,2,0,1,,1
203 2021-2022 14USU0200Z 5094200006,203,2021-2022,14USU0200Z,5094200006,Escolarizada,42,222,,264,3,7,,10,0,1,,1
204 2021-2022 14USU0200Z 5101600013,204,2021-2022,14USU0200Z,5101600013,Escolarizada,56,120,,176,2,5,,7,0,0,,0
205 2021-2022 14USU0210F 5032100038,205,2021-2022,14USU0210F,5032100038,Escolarizada,37,74,,111,4,3,,7,0,0,,0
206 2021-2022 14USU0210F 5033100003,206,2021-2022,14USU0210F,5033100003,Escolarizada,239,404,,643,15,8,,23,1,0,,1
207 2021-2022 14USU0210F 5041100021,207,2021-2022,14USU0210F,5041100021,Escolarizada,233,225,,458,4,9,,13,0,0,,0
208 2021-2022 14USU0210F 5041100056,208,2021-2022,14USU0210F,5041100056,Escolarizada,225,407,,632,6,10,,16,0,0,,0
209 2021-2022 14USU0210F 5042200024,209,2021-2022,14USU0210F,5042200024,Escolarizada,71,168,,239,4,6,,10,0,3,,3
210 2021-2022 14USU0210F 5051100015,210,2021-2022,14USU0210F,5051100015,Escolarizada,58,115,,173,6,6,,12,0,0,,0
211 2021-2022 14USU0210F 5062100034,211,2021-2022,14USU0210F,5062100034,Escolarizada,244,57,,301,8,3,,11,0,0,,0
212 2021-2022 14USU0210F 5072400001,212,2021-2022,14USU0210F,5072400001,Escolarizada,71,50,,121,5,1,,6,0,0,,0
213 2021-2022 14USU0210F 5081100010,213,2021-2022,14USU0210F,5081100010,Escolarizada,175,127,,302,7,3,,10,0,1,,1
214 2021-2022 14USU0210F 5082100001,214,2021-2022,14USU0210F,5082100001,Escolarizada,283,352,,635,7,12,,19,0,1,,1
215 2021-2022 14USU0210F 5091100011,215,2021-2022,14USU0210F,5091100011,Escolarizada,325,502,,827,5,13,,18,0,1,,1
216 2021-2022 14USU0210F 5092100006,216,2021-2022,14USU0210F,5092100006,Escolarizada,158,793,,951,5,19,,24,0,1,,1
217 2021-2022 14USU0210F 5093100002,217,2021-2022,14USU0210F,5093100002,Escolarizada,13,26,,39,0,2,,2,0,0,,0
218 2021-2022 14USU0210F 5094200006,218,2021-2022,14USU0210F,5094200006,Escolarizada,85,359,,444,2,8,,10,0,2,,2
219 2021-2022 14USU0210F 5101100015,219,2021-2022,14USU0210F,5101100015,Escolarizada,44,23,,67,2,0,,2,0,0,,0
220 2021-2022 14USU0210F 5103100007,220,2021-2022,14USU0210F,5103100007,Escolarizada,159,93,,252,1,3,,4,0,0,,0
221 2021-2022 14USU0210F 4062100001,221,2021-2022,14USU0210F,4062100001,Escolarizada,0,0,,0,0,0,,0,0,0,,0
222 2021-2022 14USU0210F 4101600012,222,2021-2022,14USU0210F,4101600012,Escolarizada,0,0,,0,0,0,,0,0,0,,0
223 2021-2022 14USU0210F 4103100001,223,2021-2022,14USU0210F,4103100001,Escolarizada,0,0,,0,0,0,,0,0,0,,0
224 2021-2022 14USU0210F 5022300022,224,2021-2022,14USU0210F,5022300022,Escolarizada,39,93,,132,3,6,,9,0,0,,0
225 2021-2022 14USU0210F 5031100007,225,2021-2022,14USU0210F,5031100007,Escolarizada,142,456,,598,7,20,,27,0,1,,1
226 2021-2022 14USU0210F 5031500010,226,2021-2022,14USU0210F,5031500010,Escolarizada,27,271,,298,2,12,,14,1,2,,3
227 2021-2022 14USU0220M 5011500002,227,2021-2022,14USU0220M,5011500002,Escolarizada,0,0,,0,0,0,,0,0,0,,0
228 2021-2022 14USU0220M 5031100007,228,2021-2022,14USU0220M,5031100007,Escolarizada,60,300,,360,2,11,,13,0,0,,0
229 2021-2022 14USU0220M 5033100003,229,2021-2022,14USU0220M,5033100003,Escolarizada,124,227,,351,9,18,,27,0,0,,0
230 2021-2022 14USU0220M 5041100056,230,2021-2022,14USU0220M,5041100056,Escolarizada,105,212,,317,2,10,,12,0,0,,0
231 2021-2022 14USU0220M 5041400032,231,2021-2022,14USU0220M,5041400032,Escolarizada,108,210,,318,2,5,,7,0,0,,0
232 2021-2022 14USU0220M 5042000002,232,2021-2022,14USU0220M,5042000002,Escolarizada,133,167,,300,9,8,,17,0,0,,0
233 2021-2022 14USU0220M 5061000002,233,2021-2022,14USU0220M,5061000002,Escolarizada,137,33,,170,11,3,,14,0,0,,0
234 2021-2022 14USU0220M 5062200055,234,2021-2022,14USU0220M,5062200055,Escolarizada,0,0,,0,0,0,,0,0,0,,0
235 2021-2022 14USU0220M 5072100002,235,2021-2022,14USU0220M,5072100002,Escolarizada,90,75,,165,4,5,,9,0,0,,0
236 2021-2022 14USU0220M 5081100050,236,2021-2022,14USU0220M,5081100050,Escolarizada,114,43,,157,3,0,,3,0,0,,0
237 2021-2022 14USU0220M 5082100001,237,2021-2022,14USU0220M,5082100001,Escolarizada,129,128,,257,4,6,,10,0,0,,0
238 2021-2022 14USU0220M 5091100011,238,2021-2022,14USU0220M,5091100011,Escolarizada,195,272,,467,3,8,,11,0,0,,0
239 2021-2022 14USU0220M 5092100006,239,2021-2022,14USU0220M,5092100006,Escolarizada,70,339,,409,3,11,,14,0,0,,0
240 2021-2022 14USU0220M 5093100002,240,2021-2022,14USU0220M,5093100002,Escolarizada,103,336,,439,2,9,,11,0,0,,0
241 2021-2022 14USU0220M 5094200006,241,2021-2022,14USU0220M,5094200006,Escolarizada,45,318,,363,3,11,,14,0,0,,0
242 2021-2022 14USU0221L 5022000001,242,2021-2022,14USU0221L,5022000001,Escolarizada,39,64,,103,3,1,,4,0,0,,0
243 2021-2022 14USU0221L 5031100007,243,2021-2022,14USU0221L,5031100007,Escolarizada,79,242,,321,6,6,,12,0,0,,0
244 2021-2022 14USU0221L 5033100003,244,2021-2022,14USU0221L,5033100003,Escolarizada,97,208,,305,5,9,,14,0,0,,0
245 2021-2022 14USU0221L 5042000002,245,2021-2022,14USU0221L,5042000002,Escolarizada,43,108,,151,2,3,,5,0,0,,0
246 2021-2022 14USU0221L 5042400005,246,2021-2022,14USU0221L,5042400005,Escolarizada,113,155,,268,1,6,,7,0,0,,0
247 2021-2022 14USU0221L 5062200073,247,2021-2022,14USU0221L,5062200073,Escolarizada,124,27,,151,6,1,,7,0,0,,0
248 2021-2022 14USU0221L 5071300009,248,2021-2022,14USU0221L,5071300009,Escolarizada,117,17,,134,5,3,,8,0,0,,0
249 2021-2022 14USU0221L 5071300014,249,2021-2022,14USU0221L,5071300014,Escolarizada,300,50,,350,4,4,,8,1,0,,1
250 2021-2022 14USU0221L 5071400008,250,2021-2022,14USU0221L,5071400008,Escolarizada,128,219,,347,2,12,,14,0,1,,1
251 2021-2022 14USU0221L 5071700019,251,2021-2022,14USU0221L,5071700019,Escolarizada,114,81,,195,3,3,,6,0,0,,0
252 2021-2022 14USU0221L 5062200082,252,2021-2022,14USU0221L,5062200082,Escolarizada,0,0,,0,0,0,,0,0,0,,0
253 2021-2022 14USU0221L 5041400032,253,2021-2022,14USU0221L,5041400032,Escolarizada,0,0,,0,0,0,,0,0,0,,0
254 2021-2022 14USU0221L 5062100009,254,2021-2022,14USU0221L,5062100009,Escolarizada,0,0,,0,0,0,,0,0,0,,0
255 2021-2022 14USU0222K 5022200040,255,2021-2022,14USU0222K,5022200040,Escolarizada,32,99,,131,1,0,,1,0,0,,0
256 2021-2022 14USU0222K 5031100007,256,2021-2022,14USU0222K,5031100007,Escolarizada,29,128,,157,4,4,,8,0,0,,0
257 2021-2022 14USU0222K 5032100038,257,2021-2022,14USU0222K,5032100038,Escolarizada,9,15,,24,1,0,,1,0,0,,0
258 2021-2022 14USU0222K 5033100003,258,2021-2022,14USU0222K,5033100003,Escolarizada,110,139,,249,3,5,,8,0,0,,0
259 2021-2022 14USU0222K 5042000002,259,2021-2022,14USU0222K,5042000002,Escolarizada,43,78,,121,0,4,,4,0,0,,0
260 2021-2022 14USU0222K 5062200082,260,2021-2022,14USU0222K,5062200082,Escolarizada,33,23,,56,2,1,,3,0,0,,0
261 2021-2022 14USU0222K 5071000047,261,2021-2022,14USU0222K,5071000047,Escolarizada,92,7,,99,5,1,,6,0,0,,0
262 2021-2022 14USU0222K 5071700019,262,2021-2022,14USU0222K,5071700019,Escolarizada,3,0,,3,0,0,,0,0,0,,0
263 2021-2022 14USU0230T 4093100005,263,2021-2022,14USU0230T,4093100005,Escolarizada,84,200,,284,4,8,,12,0,1,,1
264 2021-2022 14USU0230T 4094100005,264,2021-2022,14USU0230T,4094100005,Escolarizada,100,270,,370,3,8,,11,0,0,,0
265 2021-2022 14USU0230T 4094100010,265,2021-2022,14USU0230T,4094100010,Escolarizada,46,116,,162,0,3,,3,0,0,,0
266 2021-2022 14USU0230T 4095300010,266,2021-2022,14USU0230T,4095300010,Escolarizada,181,291,,472,4,5,,9,0,0,,0
267 2021-2022 14USU0230T 4103100001,267,2021-2022,14USU0230T,4103100001,Escolarizada,88,168,,256,3,4,,7,0,0,,0
268 2021-2022 14USU0230T 5031100007,268,2021-2022,14USU0230T,5031100007,Escolarizada,530,1483,,2013,15,34,,49,0,0,,0
269 2021-2022 14USU0230T 5033200024,269,2021-2022,14USU0230T,5033200024,Escolarizada,53,154,,207,4,7,,11,0,0,,0
270 2021-2022 14USU0230T 5091100011,270,2021-2022,14USU0230T,5091100011,Escolarizada,1682,2752,,4434,23,28,,51,1,1,,2
271 2021-2022 14USU0230T 5092100006,271,2021-2022,14USU0230T,5092100006,Escolarizada,514,2055,,2569,12,28,,40,2,5,,7
272 2021-2022 14USU0230T 5093100002,272,2021-2022,14USU0230T,5093100002,Escolarizada,429,1173,,1602,7,8,,15,0,0,,0
273 2021-2022 14USU0230T 5094200006,273,2021-2022,14USU0230T,5094200006,Escolarizada,205,869,,1074,6,19,,25,0,1,,1
274 2021-2022 14USU0230T 5094300009,274,2021-2022,14USU0230T,5094300009,Escolarizada,37,152,,189,1,2,,3,0,0,,0
275 2021-2022 14USU0230T 5101100015,275,2021-2022,14USU0230T,5101100015,Escolarizada,910,601,,1511,16,10,,26,1,1,,2
276 2021-2022 14USU0002Z 7011400011,276,2021-2022,14USU0002Z,7011400011,Escolarizada,11,14,,25,0,0,,0,0,1,,1
277 2021-2022 14USU0002Z 7031000052,277,2021-2022,14USU0002Z,7031000052,Escolarizada,7,3,,10,1,1,,2,0,0,,0
278 2021-2022 14USU0002Z 7031200009,278,2021-2022,14USU0002Z,7031200009,Escolarizada,6,2,,8,0,0,,0,1,0,,1
279 2021-2022 14USU0002Z 7033100026,279,2021-2022,14USU0002Z,7033100026,Escolarizada,26,21,,47,2,0,,2,3,0,,3
280 2021-2022 14USU0002Z 7042100033,280,2021-2022,14USU0002Z,7042100033,Escolarizada,34,24,,58,0,0,,0,0,1,,1
281 2021-2022 14USU0002Z 7095600030,281,2021-2022,14USU0002Z,7095600030,Escolarizada,21,23,,44,1,0,,1,0,0,,0
282 2021-2022 14USU0003Y 7011400011,282,2021-2022,14USU0003Y,7011400011,Escolarizada,11,25,,36,0,0,,0,1,0,,1
283 2021-2022 14USU0003Y 7012500034,283,2021-2022,14USU0003Y,7012500034,Escolarizada,0,0,,0,0,0,,0,0,0,,0
284 2021-2022 14USU0003Y 7031200071,284,2021-2022,14USU0003Y,7031200071,Escolarizada,1,3,,4,0,0,,0,0,0,,0
285 2021-2022 14USU0003Y 7042100033,285,2021-2022,14USU0003Y,7042100033,Escolarizada,0,0,,0,0,0,,0,0,0,,0
286 2021-2022 14USU0003Y 7052100021,286,2021-2022,14USU0003Y,7052100021,Escolarizada,3,0,,3,0,0,,0,0,0,,0
287 2021-2022 14USU0003Y 7061300005,287,2021-2022,14USU0003Y,7061300005,Escolarizada,8,3,,11,0,0,,0,0,0,,0
288 2021-2022 14USU0003Y 7071300003,288,2021-2022,14USU0003Y,7071300003,Escolarizada,14,5,,19,0,0,,0,0,0,,0
289 2021-2022 14USU0003Y 8052100019,289,2021-2022,14USU0003Y,8052100019,Escolarizada,13,3,,16,0,0,,0,0,0,,0
290 2021-2022 14USU0004X 7011400029,290,2021-2022,14USU0004X,7011400029,No Escolarizada,15,26,,41,0,1,,1,0,0,,0
291 2021-2022 14USU0004X 7012400001,291,2021-2022,14USU0004X,7012400001,No Escolarizada,7,16,,23,0,0,,0,0,1,,1
292 2021-2022 14USU0004X 7021000014,292,2021-2022,14USU0004X,7021000014,No Escolarizada,4,7,,11,0,0,,0,0,0,,0
293 2021-2022 14USU0004X 7031300041,293,2021-2022,14USU0004X,7031300041,No Escolarizada,14,10,,24,0,0,,0,0,0,,0
294 2021-2022 14USU0004X 7032100037,294,2021-2022,14USU0004X,7032100037,No Escolarizada,13,11,,24,0,1,,1,0,0,,0
295 2021-2022 14USU0004X 7041100029,295,2021-2022,14USU0004X,7041100029,No Escolarizada,51,18,,69,1,0,,1,0,0,,0
296 2021-2022 14USU0004X 7042100177,296,2021-2022,14USU0004X,7042100177,No Escolarizada,0,0,,0,0,0,,0,0,0,,0
297 2021-2022 14USU0004X 7042100311,297,2021-2022,14USU0004X,7042100311,No Escolarizada,48,24,,72,1,0,,1,0,0,,0
298 2021-2022 14USU0004X 7042300030,298,2021-2022,14USU0004X,7042300030,No Escolarizada,0,0,,0,0,0,,0,0,0,,0
299 2021-2022 14USU0004X 7042300040,299,2021-2022,14USU0004X,7042300040,No Escolarizada,14,10,,24,0,0,,0,0,0,,0
300 2021-2022 14USU0004X 8011400005,300,2021-2022,14USU0004X,8011400005,No Escolarizada,4,7,,11,0,0,,0,0,0,,0
301 2021-2022 14USU0004X 8021000011,301,2021-2022,14USU0004X,8021000011,No Escolarizada,6,12,,18,1,0,,1,0,0,,0
302 2021-2022 14USU0005W 7012602009,302,2021-2022,14USU0005W,7012602009,Escolarizada,13,17,,30,0,0,,0,0,0,,0
303 2021-2022 14USU0005W 7031000012,303,2021-2022,14USU0005W,7031000012,Escolarizada,6,9,,15,0,1,,1,0,0,,0
304 2021-2022 14USU0008T 7022600002,304,2021-2022,14USU0008T,7022600002,Escolarizada,0,0,,0,0,0,,0,0,0,,0
305 2021-2022 14USU0008T 7042300011,305,2021-2022,14USU0008T,7042300011,Escolarizada,7,9,,16,0,0,,0,0,0,,0
306 2021-2022 14USU0008T 7061100016,306,2021-2022,14USU0008T,7061100016,Escolarizada,0,0,,0,0,0,,0,0,0,,0
307 2021-2022 14USU0008T 7071000033,307,2021-2022,14USU0008T,7071000033,Escolarizada,5,0,,5,0,0,,0,0,0,,0
308 2021-2022 14USU0008T 7071200021,308,2021-2022,14USU0008T,7071200021,Escolarizada,18,7,,25,0,0,,0,0,0,,0
309 2021-2022 14USU0008T 7102100006,309,2021-2022,14USU0008T,7102100006,Escolarizada,13,5,,18,0,1,,1,0,0,,0
310 2021-2022 14USU0008T 8033100003,310,2021-2022,14USU0008T,8033100003,Escolarizada,30,19,,49,0,1,,1,0,0,,0
311 2021-2022 14USU0008T 8071200008,311,2021-2022,14USU0008T,8071200008,Escolarizada,11,8,,19,0,0,,0,0,0,,0
312 2021-2022 14USU0008T 8091345016,312,2021-2022,14USU0008T,8091345016,Escolarizada,8,12,,20,0,0,,0,0,0,,0
313 2021-2022 14USU0008T 8102100001,313,2021-2022,14USU0008T,8102100001,Escolarizada,6,3,,9,0,0,,0,0,0,,0
314 2021-2022 14USU0010H 7011200033,314,2021-2022,14USU0010H,7011200033,Escolarizada,2,12,,14,0,0,,0,0,0,,0
315 2021-2022 14USU0010H 7012603017,315,2021-2022,14USU0010H,7012603017,Escolarizada,10,22,,32,0,0,,0,0,0,,0
316 2021-2022 14USU0010H 7022200011,316,2021-2022,14USU0010H,7022200011,Escolarizada,2,6,,8,0,0,,0,0,0,,0
317 2021-2022 14USU0010H 7022200019,317,2021-2022,14USU0010H,7022200019,Escolarizada,2,6,,8,0,0,,0,0,0,,0
318 2021-2022 14USU0010H 7022300005,318,2021-2022,14USU0010H,7022300005,Escolarizada,15,12,,27,2,0,,2,0,0,,0
319 2021-2022 14USU0010H 7022400002,319,2021-2022,14USU0010H,7022400002,Escolarizada,4,20,,24,0,1,,1,1,0,,1
320 2021-2022 14USU0010H 7022500015,320,2021-2022,14USU0010H,7022500015,Escolarizada,7,7,,14,0,0,,0,0,0,,0
321 2021-2022 14USU0010H 7022600008,321,2021-2022,14USU0010H,7022600008,Escolarizada,12,5,,17,0,0,,0,0,0,,0
322 2021-2022 14USU0010H 7031000001,322,2021-2022,14USU0010H,7031000001,Escolarizada,11,16,,27,0,0,,0,0,0,,0
323 2021-2022 14USU0010H 7031200043,323,2021-2022,14USU0010H,7031200043,Escolarizada,8,16,,24,0,1,,1,0,0,,0
324 2021-2022 14USU0010H 7031300005,324,2021-2022,14USU0010H,7031300005,Escolarizada,11,8,,19,0,0,,0,0,0,,0
325 2021-2022 14USU0010H 7031300078,325,2021-2022,14USU0010H,7031300078,Escolarizada,4,5,,9,0,0,,0,0,0,,0
326 2021-2022 14USU0010H 7032100004,326,2021-2022,14USU0010H,7032100004,Escolarizada,8,9,,17,0,0,,0,0,0,,0
327 2021-2022 14USU0010H 7032100049,327,2021-2022,14USU0010H,7032100049,Escolarizada,4,5,,9,0,0,,0,0,0,,0
328 2021-2022 14USU0010H 7073100005,328,2021-2022,14USU0010H,7073100005,Escolarizada,8,5,,13,0,0,,0,0,0,,0
329 2021-2022 14USU0010H 8011000006,329,2021-2022,14USU0010H,8011000006,Escolarizada,8,4,,12,0,0,,0,0,0,,0
330 2021-2022 14USU0010H 8011500003,330,2021-2022,14USU0010H,8011500003,Escolarizada,9,14,,23,0,0,,0,0,0,,0
331 2021-2022 14USU0010H 8022000001,331,2021-2022,14USU0010H,8022000001,Escolarizada,7,5,,12,0,1,,1,0,0,,0
332 2021-2022 14USU0010H 8022500004,332,2021-2022,14USU0010H,8022500004,Escolarizada,7,10,,17,0,0,,0,0,0,,0
333 2021-2022 14USU0010H 8031000001,333,2021-2022,14USU0010H,8031000001,Escolarizada,24,38,,62,0,0,,0,0,0,,0
334 2021-2022 14USU0010H 8031300003,334,2021-2022,14USU0010H,8031300003,Escolarizada,9,8,,17,0,0,,0,0,0,,0
335 2021-2022 14USU0010H 8052300012,335,2021-2022,14USU0010H,8052300012,Escolarizada,12,11,,23,0,0,,0,0,0,,0
336 2021-2022 14USU0010H 7031200087,336,2021-2022,14USU0010H,7031200087,Escolarizada,2,4,,6,0,0,,0,0,0,,0
337 2021-2022 14USU0100Z 7022300015,337,2021-2022,14USU0100Z,7022300015,Escolarizada,0,0,,0,0,0,,0,0,0,,0
338 2021-2022 14USU0100Z 7022600002,338,2021-2022,14USU0100Z,7022600002,Escolarizada,2,3,,5,0,0,,0,0,0,,0
339 2021-2022 14USU0100Z 7033100026,339,2021-2022,14USU0100Z,7033100026,Escolarizada,55,46,,101,2,0,,2,0,0,,0
340 2021-2022 14USU0100Z 8022300004,340,2021-2022,14USU0100Z,8022300004,Escolarizada,0,0,,0,0,0,,0,0,0,,0
341 2021-2022 14USU0100Z 8022300013,341,2021-2022,14USU0100Z,8022300013,Escolarizada,0,0,,0,0,0,,0,0,0,,0
342 2021-2022 14USU0100Z 8033100009,342,2021-2022,14USU0100Z,8033100009,Escolarizada,22,11,,33,0,0,,0,0,0,,0
343 2021-2022 14USU0110G 6041100014,343,2021-2022,14USU0110G,6041100014,Escolarizada,0,0,,0,0,0,,0,0,0,,0
344 2021-2022 14USU0110G 7012604029,344,2021-2022,14USU0110G,7012604029,Escolarizada,5,5,,10,0,0,,0,0,0,,0
345 2021-2022 14USU0110G 7041100029,345,2021-2022,14USU0110G,7041100029,Escolarizada,0,0,,0,0,0,,0,0,0,,0
346 2021-2022 14USU0110G 7052100009,346,2021-2022,14USU0110G,7052100009,Escolarizada,12,5,,17,0,0,,0,0,0,,0
347 2021-2022 14USU0110G 7052200003,347,2021-2022,14USU0110G,7052200003,Escolarizada,9,6,,15,0,0,,0,0,0,,0
348 2021-2022 14USU0110G 7052200006,348,2021-2022,14USU0110G,7052200006,Escolarizada,16,6,,22,2,0,,2,0,0,,0
349 2021-2022 14USU0110G 7052200018,349,2021-2022,14USU0110G,7052200018,Escolarizada,9,6,,15,0,0,,0,0,0,,0
350 2021-2022 14USU0110G 7052300003,350,2021-2022,14USU0110G,7052300003,Escolarizada,0,0,,0,0,0,,0,0,0,,0
351 2021-2022 14USU0110G 7052300025,351,2021-2022,14USU0110G,7052300025,Escolarizada,8,4,,12,0,0,,0,0,0,,0
352 2021-2022 14USU0110G 7053100007,352,2021-2022,14USU0110G,7053100007,Escolarizada,11,4,,15,0,0,,0,0,0,,0
353 2021-2022 14USU0110G 7061300011,353,2021-2022,14USU0110G,7061300011,Escolarizada,0,0,,0,0,0,,0,0,0,,0
354 2021-2022 14USU0110G 7062000007,354,2021-2022,14USU0110G,7062000007,Escolarizada,8,7,,15,0,1,,1,0,0,,0
355 2021-2022 14USU0110G 7062200074,355,2021-2022,14USU0110G,7062200074,Escolarizada,20,9,,29,1,0,,1,0,0,,0
356 2021-2022 14USU0110G 7071200009,356,2021-2022,14USU0110G,7071200009,Escolarizada,13,0,,13,0,0,,0,0,0,,0
357 2021-2022 14USU0110G 7071300026,357,2021-2022,14USU0110G,7071300026,Escolarizada,19,2,,21,0,0,,0,0,0,,0
358 2021-2022 14USU0110G 7071400012,358,2021-2022,14USU0110G,7071400012,Escolarizada,4,5,,9,0,0,,0,0,0,,0
359 2021-2022 14USU0110G 7071500006,359,2021-2022,14USU0110G,7071500006,Escolarizada,0,0,,0,0,0,,0,0,0,,0
360 2021-2022 14USU0110G 7071600009,360,2021-2022,14USU0110G,7071600009,Escolarizada,0,0,,0,0,0,,0,0,0,,0
361 2021-2022 14USU0110G 7071600020,361,2021-2022,14USU0110G,7071600020,Escolarizada,4,5,,9,0,0,,0,0,1,,1
362 2021-2022 14USU0110G 7071700001,362,2021-2022,14USU0110G,7071700001,Escolarizada,0,0,,0,0,0,,0,0,0,,0
363 2021-2022 14USU0110G 7071700002,363,2021-2022,14USU0110G,7071700002,Escolarizada,0,0,,0,0,0,,0,0,0,,0
364 2021-2022 14USU0110G 7071700009,364,2021-2022,14USU0110G,7071700009,Escolarizada,0,0,,0,0,0,,0,0,0,,0
365 2021-2022 14USU0110G 7072100008,365,2021-2022,14USU0110G,7072100008,Escolarizada,0,0,,0,0,0,,0,0,0,,0
366 2021-2022 14USU0110G 7072100012,366,2021-2022,14USU0110G,7072100012,Escolarizada,0,0,,0,0,0,,0,0,0,,0
367 2021-2022 14USU0110G 7095300001,367,2021-2022,14USU0110G,7095300001,Escolarizada,0,0,,0,0,0,,0,0,0,,0
368 2021-2022 14USU0110G 7101500016,368,2021-2022,14USU0110G,7101500016,Escolarizada,1,15,,16,0,0,,0,0,0,,0
369 2021-2022 14USU0110G 8052000007,369,2021-2022,14USU0110G,8052000007,Escolarizada,0,6,,6,0,0,,0,0,0,,0
370 2021-2022 14USU0110G 8052100009,370,2021-2022,14USU0110G,8052100009,Escolarizada,12,2,,14,0,0,,0,0,0,,0
371 2021-2022 14USU0110G 8052200001,371,2021-2022,14USU0110G,8052200001,Escolarizada,11,4,,15,0,0,,0,0,0,,0
372 2021-2022 14USU0110G 8052200009,372,2021-2022,14USU0110G,8052200009,Escolarizada,6,10,,16,0,0,,0,0,0,,0
373 2021-2022 14USU0110G 8052200018,373,2021-2022,14USU0110G,8052200018,Escolarizada,14,2,,16,0,0,,0,0,0,,0
374 2021-2022 14USU0110G 8053100005,374,2021-2022,14USU0110G,8053100005,Escolarizada,1,1,,2,0,0,,0,0,0,,0
375 2021-2022 14USU0110G 8071300016,375,2021-2022,14USU0110G,8071300016,Escolarizada,12,4,,16,1,0,,1,0,0,,0
376 2021-2022 14USU0110G 8071400003,376,2021-2022,14USU0110G,8071400003,Escolarizada,12,20,,32,0,0,,0,0,0,,0
377 2021-2022 14USU0120N 7011000042,377,2021-2022,14USU0120N,7011000042,Escolarizada,14,16,,30,0,0,,0,0,0,,0
378 2021-2022 14USU0120N 7011200037,378,2021-2022,14USU0120N,7011200037,Escolarizada,0,0,,0,0,0,,0,0,0,,0
379 2021-2022 14USU0120N 7011200077,379,2021-2022,14USU0120N,7011200077,Escolarizada,7,5,,12,0,0,,0,0,0,,0
380 2021-2022 14USU0120N 7011400011,380,2021-2022,14USU0120N,7011400011,Escolarizada,13,24,,37,0,2,,2,1,1,,2
381 2021-2022 14USU0120N 7012000087,381,2021-2022,14USU0120N,7012000087,Escolarizada,0,0,,0,0,0,,0,0,0,,0
382 2021-2022 14USU0120N 7012500034,382,2021-2022,14USU0120N,7012500034,Escolarizada,4,11,,15,0,0,,0,0,0,,0
383 2021-2022 14USU0120N 7031300023,383,2021-2022,14USU0120N,7031300023,Escolarizada,9,8,,17,0,0,,0,0,0,,0
384 2021-2022 14USU0120N 7031400008,384,2021-2022,14USU0120N,7031400008,Escolarizada,14,10,,24,0,0,,0,0,0,,0
385 2021-2022 14USU0120N 7031400038,385,2021-2022,14USU0120N,7031400038,Escolarizada,10,12,,22,0,0,,0,0,0,,0
386 2021-2022 14USU0120N 7031500062,386,2021-2022,14USU0120N,7031500062,Escolarizada,12,21,,33,0,0,,0,0,0,,0
387 2021-2022 14USU0120N 7041100018,387,2021-2022,14USU0120N,7041100018,Escolarizada,0,0,,0,0,0,,0,0,0,,0
388 2021-2022 14USU0120N 7041100024,388,2021-2022,14USU0120N,7041100024,Escolarizada,3,3,,6,0,0,,0,0,0,,0
389 2021-2022 14USU0120N 7041100026,389,2021-2022,14USU0120N,7041100026,Escolarizada,11,16,,27,0,0,,0,0,0,,0
390 2021-2022 14USU0120N 7041200034,390,2021-2022,14USU0120N,7041200034,Escolarizada,37,55,,92,1,1,,2,0,0,,0
391 2021-2022 14USU0120N 7041200042,391,2021-2022,14USU0120N,7041200042,Escolarizada,0,0,,0,0,0,,0,0,0,,0
392 2021-2022 14USU0120N 7041300021,392,2021-2022,14USU0120N,7041300021,Escolarizada,45,46,,91,0,0,,0,0,0,,0
393 2021-2022 14USU0120N 7041300024,393,2021-2022,14USU0120N,7041300024,Escolarizada,0,0,,0,0,0,,0,0,0,,0
394 2021-2022 14USU0120N 7041400008,394,2021-2022,14USU0120N,7041400008,Escolarizada,0,0,,0,0,0,,0,0,0,,0
395 2021-2022 14USU0120N 7041400009,395,2021-2022,14USU0120N,7041400009,Escolarizada,0,0,,0,0,0,,0,0,0,,0
396 2021-2022 14USU0120N 7041400028,396,2021-2022,14USU0120N,7041400028,Escolarizada,0,0,,0,0,0,,0,0,0,,0
397 2021-2022 14USU0120N 7041400048,397,2021-2022,14USU0120N,7041400048,Escolarizada,45,25,,70,0,0,,0,0,0,,0
398 2021-2022 14USU0120N 7042000002,398,2021-2022,14USU0120N,7042000002,Escolarizada,0,0,,0,0,0,,0,0,0,,0
399 2021-2022 14USU0120N 7042100033,399,2021-2022,14USU0120N,7042100033,Escolarizada,98,71,,169,2,0,,2,0,0,,0
400 2021-2022 14USU0120N 7042100129,400,2021-2022,14USU0120N,7042100129,Escolarizada,0,0,,0,0,0,,0,0,0,,0
401 2021-2022 14USU0120N 7061000012,401,2021-2022,14USU0120N,7061000012,Escolarizada,31,10,,41,1,0,,1,0,0,,0
402 2021-2022 14USU0120N 7062200049,402,2021-2022,14USU0120N,7062200049,Escolarizada,22,11,,33,0,0,,0,0,0,,0
403 2021-2022 14USU0120N 7103100010,403,2021-2022,14USU0120N,7103100010,Escolarizada,22,20,,42,1,0,,1,0,0,,0
404 2021-2022 14USU0120N 8031300020,404,2021-2022,14USU0120N,8031300020,Escolarizada,15,11,,26,0,0,,0,0,0,,0
405 2021-2022 14USU0120N 8031400004,405,2021-2022,14USU0120N,8031400004,Escolarizada,0,0,,0,0,0,,0,0,0,,0
406 2021-2022 14USU0120N 8031400010,406,2021-2022,14USU0120N,8031400010,Escolarizada,0,0,,0,0,0,,0,0,0,,0
407 2021-2022 14USU0120N 8031400014,407,2021-2022,14USU0120N,8031400014,Escolarizada,14,7,,21,0,0,,0,0,0,,0
408 2021-2022 14USU0120N 8041400003,408,2021-2022,14USU0120N,8041400003,Escolarizada,17,9,,26,0,0,,0,0,0,,0
409 2021-2022 14USU0120N 8042000005,409,2021-2022,14USU0120N,8042000005,Escolarizada,20,18,,38,1,0,,1,0,0,,0
410 2021-2022 14USU0120N 8042500005,410,2021-2022,14USU0120N,8042500005,Escolarizada,16,28,,44,0,0,,0,0,0,,0
411 2021-2022 14USU0120N 8062200005,411,2021-2022,14USU0120N,8062200005,Escolarizada,13,7,,20,1,0,,1,1,0,,1
412 2021-2022 14USU0120N 7042300031,412,2021-2022,14USU0120N,7042300031,Escolarizada,0,0,,0,0,0,,0,0,0,,0
413 2021-2022 14USU0130U 7011000002,413,2021-2022,14USU0130U,7011000002,Escolarizada,3,23,,26,0,0,,0,0,0,,0
414 2021-2022 14USU0130U 7022600002,414,2021-2022,14USU0130U,7022600002,Escolarizada,0,0,,0,0,0,,0,0,0,,0
415 2021-2022 14USU0130U 7031100005,415,2021-2022,14USU0130U,7031100005,Escolarizada,29,19,,48,1,0,,1,0,0,,0
416 2021-2022 14USU0130U 7051100007,416,2021-2022,14USU0130U,7051100007,Escolarizada,0,0,,0,0,0,,0,0,0,,0
417 2021-2022 14USU0130U 7051300013,417,2021-2022,14USU0130U,7051300013,Escolarizada,15,17,,32,0,0,,0,0,0,,0
418 2021-2022 14USU0130U 7081000006,418,2021-2022,14USU0130U,7081000006,Escolarizada,10,1,,11,0,0,,0,0,0,,0
419 2021-2022 14USU0130U 7081100033,419,2021-2022,14USU0130U,7081100033,Escolarizada,0,0,,0,0,0,,0,0,0,,0
420 2021-2022 14USU0130U 7081100051,420,2021-2022,14USU0130U,7081100051,Escolarizada,6,5,,11,0,0,,0,0,0,,0
421 2021-2022 14USU0130U 7081100056,421,2021-2022,14USU0130U,7081100056,Escolarizada,5,3,,8,0,1,,1,0,0,,0
422 2021-2022 14USU0130U 7081100072,422,2021-2022,14USU0130U,7081100072,Escolarizada,0,0,,0,0,0,,0,0,0,,0
423 2021-2022 14USU0130U 7095600007,423,2021-2022,14USU0130U,7095600007,Escolarizada,4,13,,17,0,0,,0,0,0,,0
424 2021-2022 14USU0130U 7101500016,424,2021-2022,14USU0130U,7101500016,Escolarizada,0,0,,0,0,0,,0,0,0,,0
425 2021-2022 14USU0130U 8031100002,425,2021-2022,14USU0130U,8031100002,Escolarizada,15,13,,28,1,0,,1,0,0,,0
426 2021-2022 14USU0130U 8051100004,426,2021-2022,14USU0130U,8051100004,Escolarizada,0,0,,0,0,0,,0,0,0,,0
427 2021-2022 14USU0130U 8051100024,427,2021-2022,14USU0130U,8051100024,Escolarizada,3,4,,7,0,0,,0,0,0,,0
428 2021-2022 14USU0130U 8051300007,428,2021-2022,14USU0130U,8051300007,Escolarizada,24,20,,44,0,0,,0,1,0,,1
429 2021-2022 14USU0130U 8081100028,429,2021-2022,14USU0130U,8081100028,Escolarizada,0,0,,0,0,0,,0,0,0,,0
430 2021-2022 14USU0130U 6081100005,430,2021-2022,14USU0130U,6081100005,Escolarizada,6,1,,7,0,0,,0,0,0,,0
431 2021-2022 14USU0140A 7012602009,431,2021-2022,14USU0140A,7012602009,Escolarizada,0,0,,0,0,0,,0,0,0,,0
432 2021-2022 14USU0140A 7021300007,432,2021-2022,14USU0140A,7021300007,Escolarizada,4,5,,9,0,0,,0,0,1,,1
433 2021-2022 14USU0140A 7021400005,433,2021-2022,14USU0140A,7021400005,Escolarizada,12,2,,14,0,0,,0,0,0,,0
434 2021-2022 14USU0140A 7021400038,434,2021-2022,14USU0140A,7021400038,Escolarizada,8,12,,20,0,0,,0,0,0,,0
435 2021-2022 14USU0140A 7021600006,435,2021-2022,14USU0140A,7021600006,Escolarizada,0,0,,0,0,0,,0,0,0,,0
436 2021-2022 14USU0140A 7021600019,436,2021-2022,14USU0140A,7021600019,Escolarizada,11,12,,23,0,0,,0,0,0,,0
437 2021-2022 14USU0140A 7042500117,437,2021-2022,14USU0140A,7042500117,Escolarizada,12,28,,40,0,0,,0,0,0,,0
438 2021-2022 14USU0140A 7073100051,438,2021-2022,14USU0140A,7073100051,Escolarizada,0,0,,0,0,0,,0,0,0,,0
439 2021-2022 14USU0140A 7073100082,439,2021-2022,14USU0140A,7073100082,Escolarizada,20,13,,33,0,0,,0,0,0,,0
440 2021-2022 14USU0140A 7073100088,440,2021-2022,14USU0140A,7073100088,Escolarizada,6,5,,11,0,0,,0,0,0,,0
441 2021-2022 14USU0140A 7073100089,441,2021-2022,14USU0140A,7073100089,Escolarizada,16,16,,32,0,0,,0,0,0,,0
442 2021-2022 14USU0140A 7103100003,442,2021-2022,14USU0140A,7103100003,Escolarizada,12,12,,24,1,0,,1,0,0,,0
443 2021-2022 14USU0140A 8021000010,443,2021-2022,14USU0140A,8021000010,Escolarizada,9,7,,16,1,0,,1,0,0,,0
444 2021-2022 14USU0140A 8073100010,444,2021-2022,14USU0140A,8073100010,Escolarizada,31,22,,53,0,0,,0,0,0,,0
445 2021-2022 14USU0140A 7012602002,445,2021-2022,14USU0140A,7012602002,Escolarizada,0,0,,0,0,0,,0,0,0,,0
446 2021-2022 14USU0150H 7011500003,446,2021-2022,14USU0150H,7011500003,Escolarizada,0,0,,0,0,0,,0,0,0,,0
447 2021-2022 14USU0160O 7031100252,447,2021-2022,14USU0160O,7031100252,Escolarizada,0,0,,0,0,0,,0,0,0,,0
448 2021-2022 14USU0160O 7031100253,448,2021-2022,14USU0160O,7031100253,Escolarizada,0,0,,0,0,0,,0,0,0,,0
449 2021-2022 14USU0160O 7031300005,449,2021-2022,14USU0160O,7031300005,Escolarizada,2,2,,4,0,0,,0,0,0,,0
450 2021-2022 14USU0160O 7031300048,450,2021-2022,14USU0160O,7031300048,Escolarizada,0,0,,0,0,0,,0,0,0,,0
451 2021-2022 14USU0160O 7033100026,451,2021-2022,14USU0160O,7033100026,Escolarizada,2,3,,5,0,0,,0,0,0,,0
452 2021-2022 14USU0160O 7042000002,452,2021-2022,14USU0160O,7042000002,Escolarizada,0,0,,0,0,0,,0,0,0,,0
453 2021-2022 14USU0160O 7042100033,453,2021-2022,14USU0160O,7042100033,Escolarizada,13,9,,22,0,0,,0,0,0,,0
454 2021-2022 14USU0160O 7052000001,454,2021-2022,14USU0160O,7052000001,Escolarizada,0,0,,0,0,0,,0,0,0,,0
455 2021-2022 14USU0160O 7053100018,455,2021-2022,14USU0160O,7053100018,Escolarizada,3,1,,4,0,0,,0,0,0,,0
456 2021-2022 14USU0160O 7061000002,456,2021-2022,14USU0160O,7061000002,Escolarizada,0,0,,0,0,0,,0,0,0,,0
457 2021-2022 14USU0160O 7081100078,457,2021-2022,14USU0160O,7081100078,Escolarizada,0,2,,2,0,0,,0,0,0,,0
458 2021-2022 14USU0160O 8031300003,458,2021-2022,14USU0160O,8031300003,Escolarizada,11,3,,14,0,0,,0,0,0,,0
459 2021-2022 14USU0160O 8052000002,459,2021-2022,14USU0160O,8052000002,Escolarizada,0,0,,0,0,0,,0,0,0,,0
460 2021-2022 14USU0160O 8071000012,460,2021-2022,14USU0160O,8071000012,Escolarizada,4,1,,5,0,0,,0,0,0,,0
461 2021-2022 14USU0160O 8081100033,461,2021-2022,14USU0160O,8081100033,Escolarizada,0,0,,0,0,0,,0,0,0,,0
462 2021-2022 14USU0190I 7011400011,462,2021-2022,14USU0190I,7011400011,Escolarizada,0,0,,0,0,0,,0,0,0,,0
463 2021-2022 14USU0190I 7033100026,463,2021-2022,14USU0190I,7033100026,Escolarizada,0,0,,0,0,0,,0,0,0,,0
464 2021-2022 14USU0190I 7041400008,464,2021-2022,14USU0190I,7041400008,Escolarizada,4,3,,7,0,0,,0,0,0,,0
465 2021-2022 14USU0190I 7041400028,465,2021-2022,14USU0190I,7041400028,Escolarizada,0,0,,0,0,0,,0,0,0,,0
466 2021-2022 14USU0190I 7042000002,466,2021-2022,14USU0190I,7042000002,Escolarizada,0,0,,0,0,0,,0,0,0,,0
467 2021-2022 14USU0190I 7042100033,467,2021-2022,14USU0190I,7042100033,Escolarizada,21,21,,42,1,0,,1,0,0,,0
468 2021-2022 14USU0190I 7042200008,468,2021-2022,14USU0190I,7042200008,Escolarizada,0,0,,0,0,0,,0,0,0,,0
469 2021-2022 14USU0190I 7042300054,469,2021-2022,14USU0190I,7042300054,Escolarizada,6,14,,20,0,1,,1,0,0,,0
470 2021-2022 14USU0190I 7052300006,470,2021-2022,14USU0190I,7052300006,Escolarizada,18,4,,22,1,0,,1,0,0,,0
471 2021-2022 14USU0190I 8042000014,471,2021-2022,14USU0190I,8042000014,Escolarizada,9,13,,22,0,0,,0,0,0,,0
472 2021-2022 14USU0190I 8042200004,472,2021-2022,14USU0190I,8042200004,Escolarizada,20,23,,43,0,0,,0,0,0,,0
473 2021-2022 14USU0190I 8051300007,473,2021-2022,14USU0190I,8051300007,Escolarizada,6,9,,15,0,0,,0,0,0,,0
474 2021-2022 14USU0190I 8051300013,474,2021-2022,14USU0190I,8051300013,Escolarizada,0,0,,0,0,0,,0,0,0,,0
475 2021-2022 14USU0190I 7031100103,475,2021-2022,14USU0190I,7031100103,Escolarizada,0,0,,0,0,0,,0,0,0,,0
476 2021-2022 14USU0200Z 7033100026,476,2021-2022,14USU0200Z,7033100026,Escolarizada,17,19,,36,0,1,,1,0,0,,0
477 2021-2022 14USU0200Z 7041300024,477,2021-2022,14USU0200Z,7041300024,Escolarizada,0,0,,0,0,0,,0,0,0,,0
478 2021-2022 14USU0200Z 7041400008,478,2021-2022,14USU0200Z,7041400008,Escolarizada,0,0,,0,0,0,,0,0,0,,0
479 2021-2022 14USU0200Z 7042100015,479,2021-2022,14USU0200Z,7042100015,Escolarizada,24,26,,50,0,0,,0,0,0,,0
480 2021-2022 14USU0200Z 7051300018,480,2021-2022,14USU0200Z,7051300018,Escolarizada,12,12,,24,0,0,,0,0,0,,0
481 2021-2022 14USU0200Z 7051300079,481,2021-2022,14USU0200Z,7051300079,Escolarizada,6,4,,10,0,0,,0,0,0,,0
482 2021-2022 14USU0200Z 7081100073,482,2021-2022,14USU0200Z,7081100073,Escolarizada,15,4,,19,0,0,,0,0,0,,0
483 2021-2022 14USU0200Z 8051300007,483,2021-2022,14USU0200Z,8051300007,Escolarizada,10,10,,20,0,2,,2,0,0,,0
484 2021-2022 14USU0200Z 7062200028,484,2021-2022,14USU0200Z,7062200028,Escolarizada,0,0,,0,0,0,,0,0,0,,0
485 2021-2022 14USU0210F 7011400011,485,2021-2022,14USU0210F,7011400011,Escolarizada,3,2,,5,0,0,,0,0,0,,0
486 2021-2022 14USU0210F 7022600002,486,2021-2022,14USU0210F,7022600002,Escolarizada,0,0,,0,0,0,,0,0,0,,0
487 2021-2022 14USU0210F 7031100005,487,2021-2022,14USU0210F,7031100005,Escolarizada,4,9,,13,0,0,,0,0,0,,0
488 2021-2022 14USU0210F 7031100176,488,2021-2022,14USU0210F,7031100176,Escolarizada,3,5,,8,0,0,,0,1,0,,1
489 2021-2022 14USU0210F 7031200071,489,2021-2022,14USU0210F,7031200071,Escolarizada,0,0,,0,0,0,,0,0,0,,0
490 2021-2022 14USU0210F 7033100026,490,2021-2022,14USU0210F,7033100026,Escolarizada,6,9,,15,0,0,,0,1,0,,1
491 2021-2022 14USU0210F 7042000002,491,2021-2022,14USU0210F,7042000002,Escolarizada,0,0,,0,0,0,,0,0,0,,0
492 2021-2022 14USU0210F 7042100033,492,2021-2022,14USU0210F,7042100033,Escolarizada,7,8,,15,0,0,,0,0,0,,0
493 2021-2022 14USU0210F 7095600015,493,2021-2022,14USU0210F,7095600015,Escolarizada,0,0,,0,0,0,,0,0,0,,0
494 2021-2022 14USU0210F 7095600030,494,2021-2022,14USU0210F,7095600030,Escolarizada,10,6,,16,0,0,,0,0,0,,0
495 2021-2022 14USU0210F 8031100002,495,2021-2022,14USU0210F,8031100002,Escolarizada,1,14,,15,0,0,,0,0,0,,0
496 2021-2022 14USU0210F 8031100026,496,2021-2022,14USU0210F,8031100026,Escolarizada,3,13,,16,0,0,,0,0,0,,0
497 2021-2022 14USU0210F 6091323001,497,2021-2022,14USU0210F,6091323001,Escolarizada,2,3,,5,0,0,,0,0,0,,0
498 2021-2022 14USU0210F 6091326001,498,2021-2022,14USU0210F,6091326001,Escolarizada,5,5,,10,0,0,,0,0,0,,0
499 2021-2022 14USU0210F 6091327002,499,2021-2022,14USU0210F,6091327002,Escolarizada,0,3,,3,0,0,,0,0,0,,0
500 2021-2022 14USU0220M 6081100002,500,2021-2022,14USU0220M,6081100002,Escolarizada,14,4,,18,0,0,,0,0,0,,0
501 2021-2022 14USU0220M 6093202001,501,2021-2022,14USU0220M,6093202001,Escolarizada,3,6,,9,0,0,,0,0,0,,0
502 2021-2022 14USU0220M 6093203005,502,2021-2022,14USU0220M,6093203005,Escolarizada,1,7,,8,0,0,,0,0,0,,0
503 2021-2022 14USU0220M 7011200088,503,2021-2022,14USU0220M,7011200088,Escolarizada,5,14,,19,0,0,,0,0,1,,1
504 2021-2022 14USU0220M 7031200038,504,2021-2022,14USU0220M,7031200038,Escolarizada,0,0,,0,0,0,,0,0,0,,0
505 2021-2022 14USU0220M 7041400028,505,2021-2022,14USU0220M,7041400028,Escolarizada,0,0,,0,0,0,,0,0,0,,0
506 2021-2022 14USU0220M 7042000002,506,2021-2022,14USU0220M,7042000002,Escolarizada,0,0,,0,0,0,,0,0,0,,0
507 2021-2022 14USU0220M 7042100033,507,2021-2022,14USU0220M,7042100033,Escolarizada,4,3,,7,0,0,,0,0,0,,0
508 2021-2022 14USU0220M 7081100023,508,2021-2022,14USU0220M,7081100023,Escolarizada,0,0,,0,0,0,,0,0,0,,0
509 2021-2022 14USU0220M 7081100068,509,2021-2022,14USU0220M,7081100068,Escolarizada,0,0,,0,0,0,,0,0,0,,0
510 2021-2022 14USU0220M 7095600015,510,2021-2022,14USU0220M,7095600015,Escolarizada,0,0,,0,0,0,,0,0,0,,0
511 2021-2022 14USU0220M 8031200023,511,2021-2022,14USU0220M,8031200023,Escolarizada,0,0,,0,0,0,,0,0,0,,0
512 2021-2022 14USU0220M 8095200001,512,2021-2022,14USU0220M,8095200001,Escolarizada,11,17,,28,0,0,,0,0,0,,0
513 2021-2022 14USU0220M 6091323001,513,2021-2022,14USU0220M,6091323001,Escolarizada,6,4,,10,0,0,,0,0,0,,0
514 2021-2022 14USU0220M 6091326001,514,2021-2022,14USU0220M,6091326001,Escolarizada,13,7,,20,0,0,,0,0,0,,0
515 2021-2022 14USU0221L 7012604064,515,2021-2022,14USU0221L,7012604064,Escolarizada,4,1,,5,0,0,,0,0,0,,0
516 2021-2022 14USU0221L 7022500032,516,2021-2022,14USU0221L,7022500032,Escolarizada,2,0,,2,0,0,,0,0,0,,0
517 2021-2022 14USU0221L 7071000035,517,2021-2022,14USU0221L,7071000035,Escolarizada,2,2,,4,0,0,,0,0,0,,0
518 2021-2022 14USU0221L 8071000002,518,2021-2022,14USU0221L,8071000002,Escolarizada,14,5,,19,0,0,,0,0,0,,0
519 2021-2022 14USU0230T 6051100001,519,2021-2022,14USU0230T,6051100001,Escolarizada,0,0,,0,0,0,,0,0,0,,0
520 2021-2022 14USU0230T 6091301004,520,2021-2022,14USU0230T,6091301004,Escolarizada,28,62,,90,0,0,,0,0,0,,0
521 2021-2022 14USU0230T 6091301005,521,2021-2022,14USU0230T,6091301005,Escolarizada,1,1,,2,0,0,,0,0,0,,0
522 2021-2022 14USU0230T 6091301008,522,2021-2022,14USU0230T,6091301008,Escolarizada,0,0,,0,0,0,,0,0,0,,0
523 2021-2022 14USU0230T 6091302001,523,2021-2022,14USU0230T,6091302001,Escolarizada,6,3,,9,0,0,,0,0,0,,0
524 2021-2022 14USU0230T 6091304001,524,2021-2022,14USU0230T,6091304001,Escolarizada,13,5,,18,0,0,,0,0,0,,0
525 2021-2022 14USU0230T 6091304018,525,2021-2022,14USU0230T,6091304018,Escolarizada,0,0,,0,0,0,,0,0,0,,0
526 2021-2022 14USU0230T 6091305002,526,2021-2022,14USU0230T,6091305002,Escolarizada,73,20,,93,0,1,,1,0,0,,0
527 2021-2022 14USU0230T 6091306001,527,2021-2022,14USU0230T,6091306001,Escolarizada,1,1,,2,0,0,,0,0,0,,0
528 2021-2022 14USU0230T 6091307001,528,2021-2022,14USU0230T,6091307001,Escolarizada,21,2,,23,0,0,,0,0,0,,0
529 2021-2022 14USU0230T 6091308001,529,2021-2022,14USU0230T,6091308001,Escolarizada,5,0,,5,0,0,,0,0,0,,0
530 2021-2022 14USU0230T 6091309002,530,2021-2022,14USU0230T,6091309002,Escolarizada,25,13,,38,0,1,,1,0,0,,0
531 2021-2022 14USU0230T 6091310001,531,2021-2022,14USU0230T,6091310001,Escolarizada,3,17,,20,0,1,,1,0,0,,0
532 2021-2022 14USU0230T 6091310002,532,2021-2022,14USU0230T,6091310002,Escolarizada,3,2,,5,0,0,,0,0,0,,0
533 2021-2022 14USU0230T 6091311001,533,2021-2022,14USU0230T,6091311001,Escolarizada,1,4,,5,0,0,,0,0,0,,0
534 2021-2022 14USU0230T 6091312001,534,2021-2022,14USU0230T,6091312001,Escolarizada,5,4,,9,0,1,,1,0,0,,0
535 2021-2022 14USU0230T 6091313001,535,2021-2022,14USU0230T,6091313001,Escolarizada,0,0,,0,0,0,,0,0,0,,0
536 2021-2022 14USU0230T 6091313004,536,2021-2022,14USU0230T,6091313004,Escolarizada,8,7,,15,0,0,,0,0,0,,0
537 2021-2022 14USU0230T 6091313008,537,2021-2022,14USU0230T,6091313008,Escolarizada,0,0,,0,0,0,,0,0,0,,0
538 2021-2022 14USU0230T 6091314001,538,2021-2022,14USU0230T,6091314001,Escolarizada,1,6,,7,0,1,,1,0,0,,0
539 2021-2022 14USU0230T 6091315001,539,2021-2022,14USU0230T,6091315001,Escolarizada,25,31,,56,1,0,,1,0,0,,0
540 2021-2022 14USU0230T 6091316002,540,2021-2022,14USU0230T,6091316002,Escolarizada,37,100,,137,0,2,,2,0,0,,0
541 2021-2022 14USU0230T 6091316004,541,2021-2022,14USU0230T,6091316004,Escolarizada,7,2,,9,0,0,,0,0,0,,0
542 2021-2022 14USU0230T 6091316007,542,2021-2022,14USU0230T,6091316007,Escolarizada,5,5,,10,0,0,,0,0,0,,0
543 2021-2022 14USU0230T 6091317001,543,2021-2022,14USU0230T,6091317001,Escolarizada,5,2,,7,0,0,,0,0,0,,0
544 2021-2022 14USU0230T 6091318001,544,2021-2022,14USU0230T,6091318001,Escolarizada,0,0,,0,0,0,,0,0,0,,0
545 2021-2022 14USU0230T 6091318002,545,2021-2022,14USU0230T,6091318002,Escolarizada,0,0,,0,0,0,,0,0,0,,0
546 2021-2022 14USU0230T 6091319001,546,2021-2022,14USU0230T,6091319001,Escolarizada,2,1,,3,0,0,,0,0,0,,0
547 2021-2022 14USU0230T 6091319004,547,2021-2022,14USU0230T,6091319004,Escolarizada,2,1,,3,0,0,,0,0,0,,0
548 2021-2022 14USU0230T 6091321003,548,2021-2022,14USU0230T,6091321003,Escolarizada,2,2,,4,0,0,,0,0,0,,0
549 2021-2022 14USU0230T 6091322003,549,2021-2022,14USU0230T,6091322003,Escolarizada,20,30,,50,0,0,,0,0,0,,0
550 2021-2022 14USU0230T 6091323001,550,2021-2022,14USU0230T,6091323001,Escolarizada,26,10,,36,0,0,,0,0,0,,0
551 2021-2022 14USU0230T 6091323002,551,2021-2022,14USU0230T,6091323002,Escolarizada,0,0,,0,0,0,,0,0,0,,0
552 2021-2022 14USU0230T 6091325001,552,2021-2022,14USU0230T,6091325001,Escolarizada,0,0,,0,0,0,,0,0,0,,0
553 2021-2022 14USU0230T 6091325002,553,2021-2022,14USU0230T,6091325002,Escolarizada,2,3,,5,0,0,,0,0,0,,0
554 2021-2022 14USU0230T 6091326001,554,2021-2022,14USU0230T,6091326001,Escolarizada,64,115,,179,2,0,,2,0,1,,1
555 2021-2022 14USU0230T 6091327002,555,2021-2022,14USU0230T,6091327002,Escolarizada,100,72,,172,1,2,,3,0,0,,0
556 2021-2022 14USU0230T 6091329001,556,2021-2022,14USU0230T,6091329001,Escolarizada,9,6,,15,0,0,,0,0,0,,0
557 2021-2022 14USU0230T 6091331003,557,2021-2022,14USU0230T,6091331003,Escolarizada,10,10,,20,0,0,,0,0,0,,0
558 2021-2022 14USU0230T 6091332001,558,2021-2022,14USU0230T,6091332001,Escolarizada,10,5,,15,0,0,,0,0,0,,0
559 2021-2022 14USU0230T 6091334001,559,2021-2022,14USU0230T,6091334001,Escolarizada,5,0,,5,0,0,,0,0,0,,0
560 2021-2022 14USU0230T 6091335001,560,2021-2022,14USU0230T,6091335001,Escolarizada,8,19,,27,0,0,,0,0,0,,0
561 2021-2022 14USU0230T 6091335003,561,2021-2022,14USU0230T,6091335003,Escolarizada,2,2,,4,0,0,,0,0,0,,0
562 2021-2022 14USU0230T 6091336001,562,2021-2022,14USU0230T,6091336001,Escolarizada,2,0,,2,0,0,,0,0,0,,0
563 2021-2022 14USU0230T 6091336005,563,2021-2022,14USU0230T,6091336005,Escolarizada,12,2,,14,0,1,,1,0,0,,0
564 2021-2022 14USU0230T 6091336007,564,2021-2022,14USU0230T,6091336007,Escolarizada,0,0,,0,0,0,,0,0,0,,0
565 2021-2022 14USU0230T 6091336009,565,2021-2022,14USU0230T,6091336009,Escolarizada,0,0,,0,0,0,,0,0,0,,0
566 2021-2022 14USU0230T 7051200018,566,2021-2022,14USU0230T,7051200018,Escolarizada,0,0,,0,0,0,,0,0,0,,0
567 2021-2022 14USU0230T 7051200022,567,2021-2022,14USU0230T,7051200022,Escolarizada,0,0,,0,0,0,,0,0,0,,0
568 2021-2022 14USU0230T 6091336013,568,2021-2022,14USU0230T,6091336013,Escolarizada,4,3,,7,0,0,,0,0,0,,0
569 2021-2022 14USU0230T 6091337002,569,2021-2022,14USU0230T,6091337002,Escolarizada,0,0,,0,0,0,,0,0,0,,0
570 2021-2022 14USU0230T 6091337005,570,2021-2022,14USU0230T,6091337005,Escolarizada,34,4,,38,0,0,,0,0,0,,0
571 2021-2022 14USU0230T 6091337008,571,2021-2022,14USU0230T,6091337008,Escolarizada,0,0,,0,0,0,,0,0,0,,0
572 2021-2022 14USU0230T 6091338002,572,2021-2022,14USU0230T,6091338002,Escolarizada,0,0,,0,0,0,,0,0,0,,0
573 2021-2022 14USU0230T 6091338003,573,2021-2022,14USU0230T,6091338003,Escolarizada,7,17,,24,0,0,,0,0,0,,0
574 2021-2022 14USU0230T 6091339001,574,2021-2022,14USU0230T,6091339001,Escolarizada,2,2,,4,0,0,,0,0,0,,0
575 2021-2022 14USU0230T 6091340001,575,2021-2022,14USU0230T,6091340001,Escolarizada,25,58,,83,0,1,,1,0,0,,0
576 2021-2022 14USU0230T 6091340004,576,2021-2022,14USU0230T,6091340004,Escolarizada,0,1,,1,0,0,,0,0,0,,0
577 2021-2022 14USU0230T 6091341001,577,2021-2022,14USU0230T,6091341001,Escolarizada,4,8,,12,0,0,,0,0,0,,0
578 2021-2022 14USU0230T 6091342012,578,2021-2022,14USU0230T,6091342012,Escolarizada,41,28,,69,0,1,,1,1,0,,1
579 2021-2022 14USU0230T 6091342013,579,2021-2022,14USU0230T,6091342013,Escolarizada,0,0,,0,0,0,,0,0,0,,0
580 2021-2022 14USU0230T 6091343001,580,2021-2022,14USU0230T,6091343001,Escolarizada,0,3,,3,0,0,,0,0,0,,0
581 2021-2022 14USU0230T 6091344001,581,2021-2022,14USU0230T,6091344001,Escolarizada,27,3,,30,0,0,,0,0,0,,0
582 2021-2022 14USU0230T 6091344002,582,2021-2022,14USU0230T,6091344002,Escolarizada,0,0,,0,0,0,,0,0,0,,0
583 2021-2022 14USU0230T 6091345005,583,2021-2022,14USU0230T,6091345005,Escolarizada,0,0,,0,0,0,,0,0,0,,0
584 2021-2022 14USU0230T 6091345008,584,2021-2022,14USU0230T,6091345008,Escolarizada,0,1,,1,0,0,,0,0,0,,0
585 2021-2022 14USU0230T 6091345011,585,2021-2022,14USU0230T,6091345011,Escolarizada,0,0,,0,0,0,,0,0,0,,0
586 2021-2022 14USU0230T 6092202002,586,2021-2022,14USU0230T,6092202002,Escolarizada,0,0,,0,0,0,,0,0,0,,0
587 2021-2022 14USU0230T 6092203006,587,2021-2022,14USU0230T,6092203006,Escolarizada,0,0,,0,0,0,,0,0,0,,0
588 2021-2022 14USU0230T 6092204007,588,2021-2022,14USU0230T,6092204007,Escolarizada,5,9,,14,0,0,,0,0,0,,0
589 2021-2022 14USU0230T 6092206002,589,2021-2022,14USU0230T,6092206002,Escolarizada,0,0,,0,0,0,,0,0,0,,0
590 2021-2022 14USU0230T 6092206010,590,2021-2022,14USU0230T,6092206010,Escolarizada,0,0,,0,0,0,,0,0,0,,0
591 2021-2022 14USU0230T 6092207003,591,2021-2022,14USU0230T,6092207003,Escolarizada,0,0,,0,0,0,,0,0,0,,0
592 2021-2022 14USU0230T 6092208015,592,2021-2022,14USU0230T,6092208015,Escolarizada,0,0,,0,0,0,,0,0,0,,0
593 2021-2022 14USU0230T 6093201002,593,2021-2022,14USU0230T,6093201002,Escolarizada,0,0,,0,0,0,,0,0,0,,0
594 2021-2022 14USU0230T 6093201005,594,2021-2022,14USU0230T,6093201005,Escolarizada,0,0,,0,0,0,,0,0,0,,0
595 2021-2022 14USU0230T 6093202001,595,2021-2022,14USU0230T,6093202001,Escolarizada,2,11,,13,0,0,,0,0,0,,0
596 2021-2022 14USU0230T 6093203005,596,2021-2022,14USU0230T,6093203005,Escolarizada,2,13,,15,0,0,,0,0,0,,0
597 2021-2022 14USU0230T 6093204001,597,2021-2022,14USU0230T,6093204001,Escolarizada,11,28,,39,0,0,,0,0,0,,0
598 2021-2022 14USU0230T 6093205004,598,2021-2022,14USU0230T,6093205004,Escolarizada,7,8,,15,0,0,,0,0,0,,0
599 2021-2022 14USU0230T 6093206003,599,2021-2022,14USU0230T,6093206003,Escolarizada,7,5,,12,0,0,,0,0,0,,0
600 2021-2022 14USU0230T 6095600002,600,2021-2022,14USU0230T,6095600002,Escolarizada,8,8,,16,0,0,,0,0,0,,0
601 2021-2022 14USU0230T 7012601008,601,2021-2022,14USU0230T,7012601008,Escolarizada,8,7,,15,0,0,,0,0,0,,0
602 2021-2022 14USU0230T 7012601010,602,2021-2022,14USU0230T,7012601010,Escolarizada,0,0,,0,0,0,,0,0,0,,0
603 2021-2022 14USU0230T 7022600002,603,2021-2022,14USU0230T,7022600002,Escolarizada,0,0,,0,0,0,,0,0,0,,0
604 2021-2022 14USU0230T 7031100001,604,2021-2022,14USU0230T,7031100001,Escolarizada,4,12,,16,0,0,,0,0,0,,0
605 2021-2022 14USU0230T 7031100028,605,2021-2022,14USU0230T,7031100028,Escolarizada,0,0,,0,0,0,,0,0,0,,0
606 2021-2022 14USU0230T 7031100030,606,2021-2022,14USU0230T,7031100030,Escolarizada,1,1,,2,0,0,,0,0,0,,0
607 2021-2022 14USU0230T 7031100043,607,2021-2022,14USU0230T,7031100043,Escolarizada,8,19,,27,0,0,,0,0,0,,0
608 2021-2022 14USU0230T 7031100057,608,2021-2022,14USU0230T,7031100057,Escolarizada,0,0,,0,0,0,,0,0,0,,0
609 2021-2022 14USU0230T 7031100103,609,2021-2022,14USU0230T,7031100103,Escolarizada,0,0,,0,0,0,,0,0,0,,0
610 2021-2022 14USU0230T 7031100188,610,2021-2022,14USU0230T,7031100188,Escolarizada,6,15,,21,0,0,,0,0,0,,0
611 2021-2022 14USU0230T 7031500022,611,2021-2022,14USU0230T,7031500022,Escolarizada,5,14,,19,0,0,,0,0,0,,0
612 2021-2022 14USU0230T 7033200002,612,2021-2022,14USU0230T,7033200002,Escolarizada,0,0,,0,0,0,,0,0,0,,0
613 2021-2022 14USU0230T 7042500034,613,2021-2022,14USU0230T,7042500034,Escolarizada,0,0,,0,0,0,,0,0,0,,0
614 2021-2022 14USU0230T 7042500062,614,2021-2022,14USU0230T,7042500062,Escolarizada,0,0,,0,0,0,,0,0,0,,0
615 2021-2022 14USU0230T 7091316004,615,2021-2022,14USU0230T,7091316004,Escolarizada,0,0,,0,0,0,,0,0,0,,0
616 2021-2022 14USU0230T 7091325001,616,2021-2022,14USU0230T,7091325001,Escolarizada,9,14,,23,0,0,,0,0,0,,0
617 2021-2022 14USU0230T 7091345002,617,2021-2022,14USU0230T,7091345002,Escolarizada,2,8,,10,0,0,,0,0,0,,0
618 2021-2022 14USU0230T 7091345005,618,2021-2022,14USU0230T,7091345005,Escolarizada,0,0,,0,0,0,,0,0,0,,0
619 2021-2022 14USU0230T 7092208001,619,2021-2022,14USU0230T,7092208001,Escolarizada,0,3,,3,0,0,,0,0,0,,0
620 2021-2022 14USU0230T 7093207003,620,2021-2022,14USU0230T,7093207003,Escolarizada,1,2,,3,1,0,,1,0,0,,0
621 2021-2022 14USU0230T 7095000001,621,2021-2022,14USU0230T,7095000001,Escolarizada,0,0,,0,0,0,,0,0,0,,0
622 2021-2022 14USU0230T 7095000011,622,2021-2022,14USU0230T,7095000011,Escolarizada,7,12,,19,0,0,,0,0,0,,0
623 2021-2022 14USU0230T 7095200012,623,2021-2022,14USU0230T,7095200012,Escolarizada,0,0,,0,0,0,,0,0,0,,0
624 2021-2022 14USU0230T 7095600015,624,2021-2022,14USU0230T,7095600015,Escolarizada,0,0,,0,0,0,,0,0,0,,0
625 2021-2022 14USU0230T 7095600030,625,2021-2022,14USU0230T,7095600030,Escolarizada,12,20,,32,0,3,,3,0,0,,0
626 2021-2022 14USU0230T 7095600046,626,2021-2022,14USU0230T,7095600046,Escolarizada,2,6,,8,0,0,,0,0,0,,0
627 2021-2022 14USU0230T 7101000006,627,2021-2022,14USU0230T,7101000006,Escolarizada,10,12,,22,1,0,,1,0,0,,0
628 2021-2022 14USU0230T 8031100011,628,2021-2022,14USU0230T,8031100011,Escolarizada,3,2,,5,0,0,,0,0,0,,0
629 2021-2022 14USU0230T 8051100012,629,2021-2022,14USU0230T,8051100012,Escolarizada,14,31,,45,0,2,,2,0,0,,0
630 2021-2022 14USU0230T 8051200017,630,2021-2022,14USU0230T,8051200017,Escolarizada,36,28,,64,0,0,,0,0,0,,0
631 2021-2022 14USU0230T 8051200020,631,2021-2022,14USU0230T,8051200020,Escolarizada,17,18,,35,0,0,,0,0,0,,0
632 2021-2022 14USU0230T 8072100013,632,2021-2022,14USU0230T,8072100013,Escolarizada,8,19,,27,0,1,,1,0,0,,0
633 2021-2022 14USU0230T 8091100003,633,2021-2022,14USU0230T,8091100003,Escolarizada,7,6,,13,0,0,,0,0,0,,0
634 2021-2022 14USU0230T 8091325001,634,2021-2022,14USU0230T,8091325001,Escolarizada,0,0,,0,0,0,,0,0,0,,0
635 2021-2022 14USU0230T 8091345002,635,2021-2022,14USU0230T,8091345002,Escolarizada,0,0,,0,0,0,,0,0,0,,0
636 2021-2022 14USU0230T 8091345005,636,2021-2022,14USU0230T,8091345005,Escolarizada,0,0,,0,0,0,,0,0,0,,0
637 2021-2022 14USU0230T 8095000001,637,2021-2022,14USU0230T,8095000001,Escolarizada,0,0,,0,0,0,,0,0,0,,0
638 2021-2022 14USU0230T 8095000003,638,2021-2022,14USU0230T,8095000003,Escolarizada,4,1,,5,0,0,,0,0,0,,0
639 2021-2022 14USU0230T 8095200003,639,2021-2022,14USU0230T,8095200003,Escolarizada,28,33,,61,0,1,,1,0,0,,0
640 2021-2022 14USU0230T 8095600001,640,2021-2022,14USU0230T,8095600001,Escolarizada,10,17,,27,0,0,,0,0,1,,1
641 2021-2022 14MMS0607X BGAI,641,2021-2022,14MMS0607X,BGAI,Escolarizada,15,8,,23,0,1,,1,0,0,,0
642 2021-2022 14MMS0607X BGC,642,2021-2022,14MMS0607X,BGC,Escolarizada,1164,1540,,2704,24,28,,52,1,1,,2
643 2021-2022 14MMS0608W BGAI,643,2021-2022,14MMS0608W,BGAI,Escolarizada,10,20,,30,0,0,,0,0,0,,0
644 2021-2022 14MMS0608W BGC,644,2021-2022,14MMS0608W,BGC,Escolarizada,1779,2207,,3986,31,43,,74,0,1,,1
645 2021-2022 14MMS0609V BGAI,645,2021-2022,14MMS0609V,BGAI,Escolarizada,12,18,,30,0,0,,0,0,0,,0
646 2021-2022 14MMS0609V BGC,646,2021-2022,14MMS0609V,BGC,Escolarizada,906,1419,,2325,17,14,,31,0,0,,0
647 2021-2022 14MMS0610K BGAI,647,2021-2022,14MMS0610K,BGAI,Escolarizada,19,16,,35,0,0,,0,0,0,,0
648 2021-2022 14MMS0610K BGC,648,2021-2022,14MMS0610K,BGC,Escolarizada,970,1369,,2339,19,31,,50,0,0,,0
649 2021-2022 14MMS0611J BGAI,649,2021-2022,14MMS0611J,BGAI,Escolarizada,34,33,,67,1,0,,1,0,0,,0
650 2021-2022 14MMS0611J BGC,650,2021-2022,14MMS0611J,BGC,Escolarizada,1016,1675,,2691,12,27,,39,0,1,,1
651 2021-2022 14MMS0612I BGAI,651,2021-2022,14MMS0612I,BGAI,Escolarizada,35,17,,52,0,2,,2,0,0,,0
652 2021-2022 14MMS0612I BGC,652,2021-2022,14MMS0612I,BGC,Escolarizada,1931,2957,,4888,32,48,,80,1,1,,2
653 2021-2022 14MMS0613H BGAI,653,2021-2022,14MMS0613H,BGAI,Escolarizada,32,12,,44,0,0,,0,0,0,,0
654 2021-2022 14MMS0613H BGC,654,2021-2022,14MMS0613H,BGC,Escolarizada,2357,2946,,5303,55,49,,104,7,12,,19
655 2021-2022 14MMS0614G 3101600003,655,2021-2022,14MMS0614G,3101600003,Escolarizada,285,691,,976,6,12,,18,0,1,,1
656 2021-2022 14MMS0614G BGC,656,2021-2022,14MMS0614G,BGC,Escolarizada,2071,2927,,4998,44,58,,102,0,1,,1
657 2021-2022 14MMS0615F BGAI,657,2021-2022,14MMS0615F,BGAI,Escolarizada,95,66,,161,2,0,,2,0,0,,0
658 2021-2022 14MMS0615F BGC,658,2021-2022,14MMS0615F,BGC,Escolarizada,959,1671,,2630,13,35,,48,0,0,,0
659 2021-2022 14MMS0616E 2071100002,659,2021-2022,14MMS0616E,2071100002,Escolarizada,305,13,,318,4,0,,4,0,0,,0
660 2021-2022 14MMS0616E 2071400001,660,2021-2022,14MMS0616E,2071400001,Escolarizada,246,348,,594,3,10,,13,0,0,,0
661 2021-2022 14MMS0616E 2081100001,661,2021-2022,14MMS0616E,2081100001,Escolarizada,0,0,,0,0,0,,0,0,0,,0
662 2021-2022 14MMS0616E 2092100004,662,2021-2022,14MMS0616E,2092100004,Escolarizada,233,634,,867,7,5,,12,0,0,,0
663 2021-2022 14MMS0616E 3081100003,663,2021-2022,14MMS0616E,3081100003,Escolarizada,300,237,,537,4,4,,8,0,0,,0
664 2021-2022 14MMS0616E BGC,664,2021-2022,14MMS0616E,BGC,Escolarizada,468,630,,1098,11,9,,20,0,0,,0
665 2021-2022 14MMS0617D BGC,665,2021-2022,14MMS0617D,BGC,Escolarizada,564,701,,1265,6,12,,18,0,0,,0
666 2021-2022 14MMS0618C BGAI,666,2021-2022,14MMS0618C,BGAI,Escolarizada,0,0,,0,0,0,,0,0,0,,0
667 2021-2022 14MMS0618C BGC,667,2021-2022,14MMS0618C,BGC,Escolarizada,756,952,,1708,10,12,,22,0,0,,0
668 2021-2022 14MMS0619B BGAI,668,2021-2022,14MMS0619B,BGAI,Escolarizada,12,9,,21,0,0,,0,0,0,,0
669 2021-2022 14MMS0619B BGC,669,2021-2022,14MMS0619B,BGC,Escolarizada,636,799,,1435,27,15,,42,0,0,,0
670 2021-2022 14MMS0620R BGC,670,2021-2022,14MMS0620R,BGC,Escolarizada,234,287,,521,1,0,,1,0,0,,0
671 2021-2022 14MMS0621Q BGC,671,2021-2022,14MMS0621Q,BGC,Escolarizada,838,1019,,1857,24,20,,44,0,0,,0
672 2021-2022 14MMS0622P BGC,672,2021-2022,14MMS0622P,BGC,Escolarizada,282,277,,559,5,8,,13,0,0,,0
673 2021-2022 14MMS0623O BGAI,673,2021-2022,14MMS0623O,BGAI,Escolarizada,36,21,,57,2,0,,2,0,0,,0
674 2021-2022 14MMS0623O BGC,674,2021-2022,14MMS0623O,BGC,Escolarizada,1473,2102,,3575,29,37,,66,0,1,,1
675 2021-2022 14MMS0624N BGC,675,2021-2022,14MMS0624N,BGC,Escolarizada,291,391,,682,2,5,,7,0,2,,2
676 2021-2022 14MMS0625M BGAI,676,2021-2022,14MMS0625M,BGAI,Escolarizada,4,13,,17,0,0,,0,2,0,,2
677 2021-2022 14MMS0625M BGC,677,2021-2022,14MMS0625M,BGC,Escolarizada,238,303,,541,8,6,,14,12,14,,26
678 2021-2022 14MMS0626L BGC,678,2021-2022,14MMS0626L,BGC,Escolarizada,972,1278,,2250,24,46,,70,0,2,,2
679 2021-2022 14MMS0627K BGAI,679,2021-2022,14MMS0627K,BGAI,Escolarizada,16,12,,28,0,0,,0,0,0,,0
680 2021-2022 14MMS0627K BGC,680,2021-2022,14MMS0627K,BGC,Escolarizada,312,318,,630,0,1,,1,0,0,,0
681 2021-2022 14MMS0628J BGC,681,2021-2022,14MMS0628J,BGC,Escolarizada,865,1047,,1912,23,23,,46,0,1,,1
682 2021-2022 14MMS0629I BGC,682,2021-2022,14MMS0629I,BGC,Escolarizada,851,1103,,1954,20,27,,47,0,1,,1
683 2021-2022 14MMS0630Y BGAI,683,2021-2022,14MMS0630Y,BGAI,Escolarizada,55,18,,73,5,0,,5,0,0,,0
684 2021-2022 14MMS0630Y BGC,684,2021-2022,14MMS0630Y,BGC,Escolarizada,1071,1298,,2369,26,24,,50,1,0,,1
685 2021-2022 14MMS0631X BGC,685,2021-2022,14MMS0631X,BGC,Escolarizada,1702,2046,,3748,21,33,,54,6,9,,15
686 2021-2022 14MMS0632W 3042100026,686,2021-2022,14MMS0632W,3042100026,Escolarizada,80,89,,169,2,0,,2,0,0,,0
687 2021-2022 14MMS0632W BGC,687,2021-2022,14MMS0632W,BGC,Escolarizada,999,1357,,2356,16,34,,50,0,0,,0
688 2021-2022 14MMS0633V BGC,688,2021-2022,14MMS0633V,BGC,Escolarizada,229,296,,525,10,11,,21,0,2,,2
689 2021-2022 14MMS0634U BGC,689,2021-2022,14MMS0634U,BGC,Escolarizada,903,1312,,2215,21,30,,51,0,2,,2
690 2021-2022 14MMS0635T BGC,690,2021-2022,14MMS0635T,BGC,Escolarizada,714,798,,1512,18,28,,46,0,0,,0
691 2021-2022 14MMS0636S BGC,691,2021-2022,14MMS0636S,BGC,Escolarizada,1417,1547,,2964,22,26,,48,1,1,,2
692 2021-2022 14MMS0637R BGC,692,2021-2022,14MMS0637R,BGC,Escolarizada,392,441,,833,9,5,,14,1,0,,1
693 2021-2022 14MMS0638Q BGC,693,2021-2022,14MMS0638Q,BGC,Escolarizada,357,454,,811,2,0,,2,0,0,,0
694 2021-2022 14MMS0639P BGC,694,2021-2022,14MMS0639P,BGC,Escolarizada,258,292,,550,5,1,,6,0,0,,0
695 2021-2022 14MMS0640E BGC,695,2021-2022,14MMS0640E,BGC,Escolarizada,508,629,,1137,9,16,,25,2,0,,2
696 2021-2022 14MMS0641D BGC,696,2021-2022,14MMS0641D,BGC,Escolarizada,271,316,,587,4,5,,9,0,1,,1
697 2021-2022 14MMS0642C BGC,697,2021-2022,14MMS0642C,BGC,Escolarizada,279,346,,625,6,11,,17,0,0,,0
698 2021-2022 14MMS0643B BGAI,698,2021-2022,14MMS0643B,BGAI,Escolarizada,15,12,,27,0,0,,0,0,0,,0
699 2021-2022 14MMS0643B BGC,699,2021-2022,14MMS0643B,BGC,Escolarizada,495,556,,1051,1,4,,5,0,0,,0
700 2021-2022 14MMS0644A BGC,700,2021-2022,14MMS0644A,BGC,Escolarizada,417,442,,859,4,6,,10,0,0,,0
701 2021-2022 14MMS0645Z 3021700001,701,2021-2022,14MMS0645Z,3021700001,Escolarizada,145,168,,313,2,1,,3,0,0,,0
702 2021-2022 14MMS0645Z 3042100001,702,2021-2022,14MMS0645Z,3042100001,Escolarizada,200,292,,492,6,7,,13,0,0,,0
703 2021-2022 14MMS0645Z BGAI,703,2021-2022,14MMS0645Z,BGAI,Escolarizada,10,12,,22,0,2,,2,0,0,,0
704 2021-2022 14MMS0645Z BGC,704,2021-2022,14MMS0645Z,BGC,Escolarizada,1334,2082,,3416,21,33,,54,0,0,,0
705 2021-2022 14MMS0646Z BGC,705,2021-2022,14MMS0646Z,BGC,Escolarizada,3187,2567,,5754,42,35,,77,1,2,,3
706 2021-2022 14MMS0647Y BGAI,706,2021-2022,14MMS0647Y,BGAI,Escolarizada,2,1,,3,0,0,,0,0,0,,0
707 2021-2022 14MMS0647Y BGC,707,2021-2022,14MMS0647Y,BGC,Escolarizada,1393,1901,,3294,25,22,,47,3,0,,3
708 2021-2022 14MMS0648X BGC,708,2021-2022,14MMS0648X,BGC,Escolarizada,1390,2006,,3396,20,32,,52,0,7,,7
709 2021-2022 14MMS0649W BGAI,709,2021-2022,14MMS0649W,BGAI,Escolarizada,16,19,,35,0,0,,0,0,0,,0
710 2021-2022 14MMS0649W BGC,710,2021-2022,14MMS0649W,BGC,Escolarizada,1997,2637,,4634,28,39,,67,3,4,,7
711 2021-2022 14MMS0650L 3093100005,711,2021-2022,14MMS0650L,3093100005,Escolarizada,161,331,,492,4,4,,8,0,0,,0
712 2021-2022 14MMS0650L 3095300007,712,2021-2022,14MMS0650L,3095300007,Escolarizada,164,356,,520,2,8,,10,0,0,,0
713 2021-2022 14MMS0650L BGAI,713,2021-2022,14MMS0650L,BGAI,Escolarizada,12,8,,20,0,0,,0,0,0,,0
714 2021-2022 14MMS0650L BGC,714,2021-2022,14MMS0650L,BGC,Escolarizada,1486,1814,,3300,23,29,,52,0,0,,0
715 2021-2022 14MMS0651K 3101600003,715,2021-2022,14MMS0651K,3101600003,Escolarizada,129,153,,282,3,4,,7,0,0,,0
716 2021-2022 14MMS0651K BGAI,716,2021-2022,14MMS0651K,BGAI,Escolarizada,0,0,,0,0,0,,0,0,0,,0
717 2021-2022 14MMS0651K BGC,717,2021-2022,14MMS0651K,BGC,Escolarizada,483,665,,1148,11,16,,27,0,3,,3
718 2021-2022 14MMS0652J BGC,718,2021-2022,14MMS0652J,BGC,Escolarizada,276,325,,601,7,12,,19,0,0,,0
719 2021-2022 14MMS0653I BGC,719,2021-2022,14MMS0653I,BGC,Escolarizada,467,574,,1041,9,5,,14,0,1,,1
720 2021-2022 14MMS0654H BGAI,720,2021-2022,14MMS0654H,BGAI,Escolarizada,7,10,,17,0,0,,0,0,0,,0
721 2021-2022 14MMS0654H BGC,721,2021-2022,14MMS0654H,BGC,Escolarizada,607,1107,,1714,5,13,,18,0,0,,0
722 2021-2022 14MMS0655G BGC,722,2021-2022,14MMS0655G,BGC,Escolarizada,700,831,,1531,9,18,,27,1,2,,3
723 2021-2022 14MMS0656F BGC,723,2021-2022,14MMS0656F,BGC,Escolarizada,211,236,,447,0,2,,2,0,1,,1
724 2021-2022 14MMS0657E BGAI,724,2021-2022,14MMS0657E,BGAI,Escolarizada,39,46,,85,1,2,,3,0,0,,0
725 2021-2022 14MMS0657E BGC,725,2021-2022,14MMS0657E,BGC,Escolarizada,1216,1576,,2792,16,20,,36,1,0,,1
726 2021-2022 14MMS0658D BGC,726,2021-2022,14MMS0658D,BGC,Escolarizada,720,829,,1549,11,18,,29,0,0,,0
727 2021-2022 14MMS0659C 3042100026,727,2021-2022,14MMS0659C,3042100026,Escolarizada,60,62,,122,5,2,,7,0,0,,0
728 2021-2022 14MMS0659C BGC,728,2021-2022,14MMS0659C,BGC,Escolarizada,304,400,,704,8,21,,29,0,0,,0
729 2021-2022 14MMS0660S 3042000001,729,2021-2022,14MMS0660S,3042000001,Escolarizada,55,75,,130,1,0,,1,0,0,,0
730 2021-2022 14MMS0660S 3101600003,730,2021-2022,14MMS0660S,3101600003,Escolarizada,39,75,,114,0,1,,1,0,0,,0
731 2021-2022 14MMS0660S BGC,731,2021-2022,14MMS0660S,BGC,Escolarizada,236,244,,480,1,0,,1,0,0,,0
732 2021-2022 14MMS0661R BGC,732,2021-2022,14MMS0661R,BGC,Escolarizada,92,89,,181,1,1,,2,0,0,,0
733 2021-2022 14MMS0662Q BGC,733,2021-2022,14MMS0662Q,BGC,Escolarizada,134,150,,284,0,0,,0,0,0,,0
734 2021-2022 14MMS0663P BGC,734,2021-2022,14MMS0663P,BGC,Escolarizada,76,74,,150,1,2,,3,0,0,,0
735 2021-2022 14MMS0664O BGC,735,2021-2022,14MMS0664O,BGC,Escolarizada,85,98,,183,0,1,,1,0,0,,0
736 2021-2022 14MMS0665N BGC,736,2021-2022,14MMS0665N,BGC,Escolarizada,117,135,,252,1,1,,2,0,0,,0
737 2021-2022 14MMS0666M BGC,737,2021-2022,14MMS0666M,BGC,Escolarizada,114,159,,273,4,5,,9,0,0,,0
738 2021-2022 14MMS0667L BGC,738,2021-2022,14MMS0667L,BGC,Escolarizada,105,166,,271,0,0,,0,0,0,,0
739 2021-2022 14MMS0668K BGC,739,2021-2022,14MMS0668K,BGC,Escolarizada,280,340,,620,3,2,,5,0,0,,0
740 2021-2022 14MMS0669J BGC,740,2021-2022,14MMS0669J,BGC,Escolarizada,124,171,,295,4,3,,7,0,0,,0
741 2021-2022 14MMS0670Z BGC,741,2021-2022,14MMS0670Z,BGC,Escolarizada,74,96,,170,0,2,,2,0,0,,0
742 2021-2022 14MMS0671Y BGC,742,2021-2022,14MMS0671Y,BGC,Escolarizada,71,76,,147,0,0,,0,0,0,,0
743 2021-2022 14MMS0672X BGC,743,2021-2022,14MMS0672X,BGC,Escolarizada,34,39,,73,0,0,,0,0,0,,0
744 2021-2022 14MMS0673W BGC,744,2021-2022,14MMS0673W,BGC,Escolarizada,138,131,,269,0,2,,2,0,0,,0
745 2021-2022 14MMS0674V BGC,745,2021-2022,14MMS0674V,BGC,Escolarizada,82,88,,170,0,0,,0,0,0,,0
746 2021-2022 14MMS0675U BGC,746,2021-2022,14MMS0675U,BGC,Escolarizada,56,71,,127,1,3,,4,0,0,,0
747 2021-2022 14MMS0676T BGC,747,2021-2022,14MMS0676T,BGC,Escolarizada,115,135,,250,1,0,,1,0,0,,0
748 2021-2022 14MMS0677S BGC,748,2021-2022,14MMS0677S,BGC,Escolarizada,116,136,,252,0,0,,0,0,0,,0
749 2021-2022 14MMS0678R BGC,749,2021-2022,14MMS0678R,BGC,Escolarizada,130,111,,241,0,0,,0,0,0,,0
750 2021-2022 14MMS0679Q BGC,750,2021-2022,14MMS0679Q,BGC,Escolarizada,177,201,,378,0,0,,0,0,0,,0
751 2021-2022 14MMS0680F BGC,751,2021-2022,14MMS0680F,BGC,Escolarizada,99,112,,211,0,1,,1,0,0,,0
752 2021-2022 14MMS0681E BGC,752,2021-2022,14MMS0681E,BGC,Escolarizada,106,115,,221,3,1,,4,0,0,,0
753 2021-2022 14MMS0682D BGC,753,2021-2022,14MMS0682D,BGC,Escolarizada,134,135,,269,2,1,,3,0,0,,0
754 2021-2022 14MMS0683C BGC,754,2021-2022,14MMS0683C,BGC,Escolarizada,174,201,,375,1,3,,4,0,1,,1
755 2021-2022 14MMS0684B BGC,755,2021-2022,14MMS0684B,BGC,Escolarizada,58,69,,127,0,0,,0,0,0,,0
756 2021-2022 14MMS0685A BGC,756,2021-2022,14MMS0685A,BGC,Escolarizada,171,183,,354,3,2,,5,6,9,,15
757 2021-2022 14MMS0686Z BGC,757,2021-2022,14MMS0686Z,BGC,Escolarizada,122,132,,254,2,0,,2,54,46,,100
758 2021-2022 14MMS0687Z BGC,758,2021-2022,14MMS0687Z,BGC,Escolarizada,47,44,,91,1,2,,3,2,1,,3
759 2021-2022 14MMS0688Y BGC,759,2021-2022,14MMS0688Y,BGC,Escolarizada,68,78,,146,0,2,,2,4,3,,7
760 2021-2022 14MMS0689X BGC,760,2021-2022,14MMS0689X,BGC,Escolarizada,54,54,,108,0,0,,0,0,0,,0
761 2021-2022 14MMS0690M BGC,761,2021-2022,14MMS0690M,BGC,Escolarizada,28,37,,65,0,0,,0,0,0,,0
762 2021-2022 14MMS0691L BGC,762,2021-2022,14MMS0691L,BGC,Escolarizada,77,119,,196,0,0,,0,0,0,,0
763 2021-2022 14MMS0692K BGC,763,2021-2022,14MMS0692K,BGC,Escolarizada,124,115,,239,2,4,,6,0,0,,0
764 2021-2022 14MMS0693J BGC,764,2021-2022,14MMS0693J,BGC,Escolarizada,355,363,,718,1,1,,2,0,1,,1
765 2021-2022 14MMS0694I BGC,765,2021-2022,14MMS0694I,BGC,Escolarizada,77,102,,179,4,4,,8,0,0,,0
766 2021-2022 14MMS0695H BGC,766,2021-2022,14MMS0695H,BGC,Escolarizada,176,206,,382,3,3,,6,0,0,,0
767 2021-2022 14MMS0696G BGC,767,2021-2022,14MMS0696G,BGC,Escolarizada,229,298,,527,0,1,,1,0,0,,0
768 2021-2022 14MMS0697F BGC,768,2021-2022,14MMS0697F,BGC,Escolarizada,89,116,,205,1,2,,3,0,0,,0
769 2021-2022 14MMS0698E BGC,769,2021-2022,14MMS0698E,BGC,Escolarizada,233,182,,415,1,0,,1,0,0,,0
770 2021-2022 14MMS0699D 3081100003,770,2021-2022,14MMS0699D,3081100003,Escolarizada,55,42,,97,2,0,,2,0,0,,0
771 2021-2022 14MMS0699D BGC,771,2021-2022,14MMS0699D,BGC,Escolarizada,126,153,,279,5,1,,6,0,0,,0
772 2021-2022 14MMS0700C BGC,772,2021-2022,14MMS0700C,BGC,Escolarizada,96,127,,223,2,1,,3,0,0,,0
773 2021-2022 14MMS0701B BGC,773,2021-2022,14MMS0701B,BGC,Escolarizada,418,471,,889,4,8,,12,1,0,,1
774 2021-2022 14MMS0702A BGC,774,2021-2022,14MMS0702A,BGC,Escolarizada,85,82,,167,2,2,,4,0,0,,0
775 2021-2022 14MMS0703Z BGC,775,2021-2022,14MMS0703Z,BGC,Escolarizada,130,138,,268,0,0,,0,37,49,,86
776 2021-2022 14MMS0704Z BGC,776,2021-2022,14MMS0704Z,BGC,Escolarizada,86,101,,187,0,0,,0,0,0,,0
777 2021-2022 14MMS0705Y BGAI,777,2021-2022,14MMS0705Y,BGAI,Escolarizada,4,21,,25,0,0,,0,0,0,,0
778 2021-2022 14MMS0705Y BGC,778,2021-2022,14MMS0705Y,BGC,Escolarizada,338,436,,774,4,7,,11,0,1,,1
779 2021-2022 14MMS0706X BGC,779,2021-2022,14MMS0706X,BGC,Escolarizada,408,476,,884,13,16,,29,0,0,,0
780 2021-2022 14MMS0707W BGC,780,2021-2022,14MMS0707W,BGC,Escolarizada,344,430,,774,0,1,,1,0,0,,0
781 2021-2022 14MMS0708V BGC,781,2021-2022,14MMS0708V,BGC,Escolarizada,285,337,,622,6,4,,10,0,0,,0
782 2021-2022 14MMS0709U BGC,782,2021-2022,14MMS0709U,BGC,Escolarizada,198,210,,408,0,0,,0,0,0,,0
783 2021-2022 14MMS0710J BGC,783,2021-2022,14MMS0710J,BGC,Escolarizada,166,202,,368,0,0,,0,2,0,,2
784 2021-2022 14MMS0711I BGC,784,2021-2022,14MMS0711I,BGC,Escolarizada,93,104,,197,1,0,,1,0,0,,0
785 2021-2022 14MMS0712H BGC,785,2021-2022,14MMS0712H,BGC,Escolarizada,217,278,,495,3,2,,5,0,0,,0
786 2021-2022 14MMS0713G BGC,786,2021-2022,14MMS0713G,BGC,Escolarizada,260,288,,548,7,1,,8,0,0,,0
787 2021-2022 14MMS0714F BGC,787,2021-2022,14MMS0714F,BGC,Escolarizada,212,234,,446,10,8,,18,0,0,,0
788 2021-2022 14MMS0715E BGC,788,2021-2022,14MMS0715E,BGC,Escolarizada,90,152,,242,3,5,,8,0,0,,0
789 2021-2022 14MMS0716D BGC,789,2021-2022,14MMS0716D,BGC,Escolarizada,132,192,,324,0,0,,0,0,0,,0
790 2021-2022 14MMS0717C 3042000001,790,2021-2022,14MMS0717C,3042000001,Escolarizada,45,41,,86,0,0,,0,0,0,,0
791 2021-2022 14MMS0717C 3101600003,791,2021-2022,14MMS0717C,3101600003,Escolarizada,30,58,,88,0,1,,1,0,0,,0
792 2021-2022 14MMS0717C BGC,792,2021-2022,14MMS0717C,BGC,Escolarizada,259,219,,478,6,4,,10,0,0,,0
793 2021-2022 14MMS0718B 3042000001,793,2021-2022,14MMS0718B,3042000001,Escolarizada,45,37,,82,0,0,,0,0,0,,0
794 2021-2022 14MMS0718B 3101600003,794,2021-2022,14MMS0718B,3101600003,Escolarizada,68,98,,166,0,0,,0,0,0,,0
795 2021-2022 14MMS0718B BGC,795,2021-2022,14MMS0718B,BGC,Escolarizada,222,245,,467,1,1,,2,0,0,,0
796 2021-2022 14MMS0719A BGC,796,2021-2022,14MMS0719A,BGC,Escolarizada,105,118,,223,0,0,,0,0,0,,0
797 2021-2022 14MMS0720Q BGC,797,2021-2022,14MMS0720Q,BGC,Escolarizada,180,235,,415,1,0,,1,0,0,,0
798 2021-2022 14MMS0721P BGAI,798,2021-2022,14MMS0721P,BGAI,Escolarizada,13,10,,23,0,0,,0,0,0,,0
799 2021-2022 14MMS0721P BGC,799,2021-2022,14MMS0721P,BGC,Escolarizada,218,328,,546,3,7,,10,0,1,,1
800 2021-2022 14MMS0722O BGC,800,2021-2022,14MMS0722O,BGC,Escolarizada,233,291,,524,1,7,,8,1,0,,1
801 2021-2022 14MMS0723N BGC,801,2021-2022,14MMS0723N,BGC,Escolarizada,69,75,,144,1,1,,2,0,0,,0
802 2021-2022 14MMS0724M BGC,802,2021-2022,14MMS0724M,BGC,Escolarizada,104,128,,232,0,0,,0,0,0,,0
803 2021-2022 14MMS0725L BGC,803,2021-2022,14MMS0725L,BGC,Escolarizada,34,75,,109,1,2,,3,0,0,,0
804 2021-2022 14MMS0726K BGC,804,2021-2022,14MMS0726K,BGC,Escolarizada,47,52,,99,0,0,,0,0,0,,0
805 2021-2022 14MMS0727J BGC,805,2021-2022,14MMS0727J,BGC,Escolarizada,65,89,,154,0,0,,0,0,0,,0
806 2021-2022 14MMS0728I BGC,806,2021-2022,14MMS0728I,BGC,Escolarizada,66,62,,128,1,1,,2,0,0,,0
807 2021-2022 14MMS0730X BGC,807,2021-2022,14MMS0730X,BGC,Escolarizada,86,84,,170,0,1,,1,0,0,,0
808 2021-2022 14MMS0731W BGC,808,2021-2022,14MMS0731W,BGC,Escolarizada,85,67,,152,1,0,,1,1,0,,1
809 2021-2022 14MMS0732V BGC,809,2021-2022,14MMS0732V,BGC,Escolarizada,115,102,,217,0,0,,0,0,1,,1
810 2021-2022 14MMS0733U BGC,810,2021-2022,14MMS0733U,BGC,Escolarizada,67,48,,115,0,0,,0,0,1,,1
811 2021-2022 14MMS0734T BGC,811,2021-2022,14MMS0734T,BGC,Escolarizada,39,37,,76,0,1,,1,4,3,,7
812 2021-2022 14MMS0735S BGC,812,2021-2022,14MMS0735S,BGC,Escolarizada,52,41,,93,1,3,,4,0,0,,0
813 2021-2022 14MMS0736R BGC,813,2021-2022,14MMS0736R,BGC,Escolarizada,58,57,,115,0,0,,0,0,0,,0
814 2021-2022 14MMS0737Q BGC,814,2021-2022,14MMS0737Q,BGC,Escolarizada,41,57,,98,1,1,,2,0,0,,0
815 2021-2022 14MMS0738P BGC,815,2021-2022,14MMS0738P,BGC,Escolarizada,35,52,,87,0,0,,0,3,2,,5
816 2021-2022 14MMS0739O BGC,816,2021-2022,14MMS0739O,BGC,Escolarizada,115,117,,232,1,2,,3,0,0,,0
817 2021-2022 14MMS0740D BGC,817,2021-2022,14MMS0740D,BGC,Escolarizada,45,44,,89,0,0,,0,0,0,,0
818 2021-2022 14MMS0741C BGC,818,2021-2022,14MMS0741C,BGC,Escolarizada,59,80,,139,0,0,,0,0,0,,0
819 2021-2022 14MMS0742B BGC,819,2021-2022,14MMS0742B,BGC,Escolarizada,45,47,,92,0,0,,0,0,0,,0
820 2021-2022 14MMS0743A BGC,820,2021-2022,14MMS0743A,BGC,Escolarizada,47,43,,90,0,0,,0,0,0,,0
821 2021-2022 14MMS0744Z BGC,821,2021-2022,14MMS0744Z,BGC,Escolarizada,510,447,,957,8,14,,22,0,1,,1
822 2021-2022 14MMS0745Z BGC,822,2021-2022,14MMS0745Z,BGC,Escolarizada,35,51,,86,0,0,,0,0,0,,0
823 2021-2022 14MMS0746Y BGC,823,2021-2022,14MMS0746Y,BGC,Escolarizada,89,136,,225,1,1,,2,0,0,,0
824 2021-2022 14MMS0747X BGC,824,2021-2022,14MMS0747X,BGC,Escolarizada,161,225,,386,0,2,,2,0,0,,0
825 2021-2022 14MMS0748W 3081100003,825,2021-2022,14MMS0748W,3081100003,Escolarizada,94,47,,141,3,0,,3,0,0,,0
826 2021-2022 14MMS0748W BGC,826,2021-2022,14MMS0748W,BGC,Escolarizada,96,139,,235,0,0,,0,0,0,,0
827 2021-2022 14MMS0749V BGAI,827,2021-2022,14MMS0749V,BGAI,Escolarizada,117,199,,316,5,7,,12,2,1,,3
828 2021-2022 14MMS0750K BGC,828,2021-2022,14MMS0750K,BGC,Escolarizada,124,175,,299,6,12,,18,0,0,,0
829 2021-2022 14MMS0751J 3021600008,829,2021-2022,14MMS0751J,3021600008,Escolarizada,14,134,,148,0,0,,0,13,129,,142
830 2021-2022 14MMS0751J 3081100019,830,2021-2022,14MMS0751J,3081100019,Escolarizada,152,29,,181,0,0,,0,148,29,,177
831 2021-2022 14MMS0751J BGC,831,2021-2022,14MMS0751J,BGC,Escolarizada,0,0,,0,0,0,,0,0,0,,0
832 2021-2022 14MMS0752I 3061300004,832,2021-2022,14MMS0752I,3061300004,Escolarizada,446,279,,725,12,6,,18,1,1,,2
833 2021-2022 14MMS0752I 3073200001,833,2021-2022,14MMS0752I,3073200001,Escolarizada,356,388,,744,5,8,,13,0,2,,2
834 2021-2022 14MMS0752I BGAI,834,2021-2022,14MMS0752I,BGAI,Escolarizada,47,42,,89,0,2,,2,0,0,,0
835 2021-2022 14MMS0752I BGC,835,2021-2022,14MMS0752I,BGC,Escolarizada,609,1163,,1772,9,27,,36,2,1,,3
836 2021-2022 14MMS0753H BGAI,836,2021-2022,14MMS0753H,BGAI,Escolarizada,81,39,,120,1,0,,1,0,0,,0
837 2021-2022 14MMS0753H BGC,837,2021-2022,14MMS0753H,BGC,Escolarizada,1281,1614,,2895,21,22,,43,0,1,,1
838 2021-2022 14MMS0754G BGC,838,2021-2022,14MMS0754G,BGC,Escolarizada,108,119,,227,7,7,,14,0,0,,0
839 2021-2022 14MMS0755F BGC,839,2021-2022,14MMS0755F,BGC,Escolarizada,82,99,,181,2,0,,2,0,0,,0
840 2021-2022 14MMS0756E BGAI,840,2021-2022,14MMS0756E,BGAI,Escolarizada,18,3,,21,2,0,,2,0,0,,0
841 2021-2022 14MMS0756E BGC,841,2021-2022,14MMS0756E,BGC,Escolarizada,1230,1564,,2794,22,19,,41,8,5,,13
842 2021-2022 14MMS0757D BGAI,842,2021-2022,14MMS0757D,BGAI,Escolarizada,21,9,,30,1,0,,1,0,0,,0
843 2021-2022 14MMS0757D BGC,843,2021-2022,14MMS0757D,BGC,Escolarizada,1210,1503,,2713,21,33,,54,3,2,,5
844 2021-2022 14MMS0758C BGC,844,2021-2022,14MMS0758C,BGC,Escolarizada,100,87,,187,3,1,,4,0,0,,0
845 2021-2022 14MMS0759B BGAI,845,2021-2022,14MMS0759B,BGAI,Escolarizada,57,25,,82,1,0,,1,0,0,,0
846 2021-2022 14MMS0759B BGC,846,2021-2022,14MMS0759B,BGC,Escolarizada,1428,1843,,3271,17,27,,44,1,1,,2
847 2021-2022 14MMS0760R BGC,847,2021-2022,14MMS0760R,BGC,Escolarizada,42,47,,89,0,1,,1,0,0,,0
848 2021-2022 14MMS0761Q BGC,848,2021-2022,14MMS0761Q,BGC,Escolarizada,120,155,,275,1,1,,2,0,0,,0
849 2021-2022 14MMS0762P BGC,849,2021-2022,14MMS0762P,BGC,Escolarizada,109,149,,258,1,0,,1,0,0,,0
850 2021-2022 14MMS0763O BGC,850,2021-2022,14MMS0763O,BGC,Escolarizada,57,53,,110,0,0,,0,0,0,,0
851 2021-2022 14MMS0764N BGC,851,2021-2022,14MMS0764N,BGC,Escolarizada,80,97,,177,1,0,,1,0,0,,0
852 2021-2022 14MMS0766L BGC,852,2021-2022,14MMS0766L,BGC,Escolarizada,33,45,,78,0,0,,0,0,0,,0
853 2021-2022 14MMS0767K BGC,853,2021-2022,14MMS0767K,BGC,Escolarizada,339,372,,711,4,9,,13,0,0,,0
854 2021-2022 14MMS0768J BGC,854,2021-2022,14MMS0768J,BGC,Escolarizada,113,106,,219,1,5,,6,0,0,,0
855 2021-2022 14MMS0769I BGC,855,2021-2022,14MMS0769I,BGC,Escolarizada,102,128,,230,0,4,,4,0,0,,0
856 2021-2022 14MMS0770Y BGC,856,2021-2022,14MMS0770Y,BGC,Escolarizada,51,56,,107,1,1,,2,0,0,,0
857 2021-2022 14MMS0771X BGC,857,2021-2022,14MMS0771X,BGC,Escolarizada,159,220,,379,1,0,,1,0,0,,0
858 2021-2022 14MMS0772W BGC,858,2021-2022,14MMS0772W,BGC,Escolarizada,48,55,,103,2,2,,4,0,0,,0
859 2021-2022 14MMS0773V BGC,859,2021-2022,14MMS0773V,BGC,Escolarizada,989,949,,1938,13,20,,33,0,0,,0
860 2021-2022 14MMS0774U 2092100004,860,2021-2022,14MMS0774U,2092100004,Escolarizada,340,962,,1302,7,8,,15,1,6,,7
861 2021-2022 14MMS0775T 2021300033,861,2021-2022,14MMS0775T,2021300033,Escolarizada,282,141,,423,15,3,,18,0,0,,0
862 2021-2022 14MMS0776S 2062200007,862,2021-2022,14MMS0776S,2062200007,Escolarizada,0,0,,0,0,0,,0,0,0,,0
863 2021-2022 14MMS0776S 2062200013,863,2021-2022,14MMS0776S,2062200013,Escolarizada,893,261,,1154,26,4,,30,0,0,,0
864 2021-2022 14MMS0776S 2071100002,864,2021-2022,14MMS0776S,2071100002,Escolarizada,927,45,,972,13,1,,14,0,0,,0
865 2021-2022 14MMS0776S 2071200002,865,2021-2022,14MMS0776S,2071200002,Escolarizada,508,21,,529,14,0,,14,0,0,,0
866 2021-2022 14MMS0776S 2071400001,866,2021-2022,14MMS0776S,2071400001,Escolarizada,0,0,,0,0,0,,0,0,0,,0
867 2021-2022 14MMS0776S 2071400003,867,2021-2022,14MMS0776S,2071400003,Escolarizada,307,322,,629,6,6,,12,0,0,,0
868 2021-2022 14MMS0776S 2072100002,868,2021-2022,14MMS0776S,2072100002,Escolarizada,286,678,,964,4,8,,12,0,1,,1
869 2021-2022 14MMS0776S 2072300001,869,2021-2022,14MMS0776S,2072300001,Escolarizada,148,50,,198,4,1,,5,0,0,,0
870 2021-2022 14MMS0776S 2072400001,870,2021-2022,14MMS0776S,2072400001,Escolarizada,0,0,,0,0,0,,0,0,0,,0
871 2021-2022 14MMS0776S 2072400002,871,2021-2022,14MMS0776S,2072400002,Escolarizada,0,0,,0,0,0,,0,0,0,,0
872 2021-2022 14MMS0776S 2072400003,872,2021-2022,14MMS0776S,2072400003,Escolarizada,158,50,,208,3,0,,3,0,0,,0
873 2021-2022 14MMS0776S 2101500001,873,2021-2022,14MMS0776S,2101500001,Escolarizada,0,0,,0,0,0,,0,0,0,,0
874 2021-2022 14MMS0776S 3071700002,874,2021-2022,14MMS0776S,3071700002,Escolarizada,74,110,,184,2,2,,4,0,1,,1
875 2021-2022 14MMS0776S 3073200001,875,2021-2022,14MMS0776S,3073200001,Escolarizada,443,256,,699,13,6,,19,1,0,,1
876 2021-2022 14MMS0777R 2092100004,876,2021-2022,14MMS0777R,2092100004,Escolarizada,133,392,,525,4,4,,8,0,0,,0
877 2021-2022 14MMS0798D BGC,877,2021-2022,14MMS0798D,BGC,Escolarizada,312,360,,672,4,6,,10,0,0,,0
878 2021-2022 14MMS0799C 2051200001,878,2021-2022,14MMS0799C,2051200001,Escolarizada,182,301,,483,2,4,,6,0,0,,0
879 2021-2022 14MMS0799C 2062100003,879,2021-2022,14MMS0799C,2062100003,Escolarizada,142,76,,218,3,0,,3,0,0,,0
880 2021-2022 14MMS0799C 2062200007,880,2021-2022,14MMS0799C,2062200007,Escolarizada,590,267,,857,18,2,,20,1,0,,1
881 2021-2022 14MMS0799C 2071100002,881,2021-2022,14MMS0799C,2071100002,Escolarizada,0,0,,0,0,0,,0,0,0,,0
882 2021-2022 14MMS0799C 2071200002,882,2021-2022,14MMS0799C,2071200002,Escolarizada,0,0,,0,0,0,,0,0,0,,0
883 2021-2022 14MMS0799C 2071200011,883,2021-2022,14MMS0799C,2071200011,Escolarizada,227,58,,285,5,2,,7,0,1,,1
884 2021-2022 14MMS0799C 2072000001,884,2021-2022,14MMS0799C,2072000001,Escolarizada,120,48,,168,3,1,,4,0,0,,0
885 2021-2022 14MMS0799C 3041100005,885,2021-2022,14MMS0799C,3041100005,Escolarizada,165,268,,433,4,3,,7,0,0,,0
886 2021-2022 14MMS0799C 3042000001,886,2021-2022,14MMS0799C,3042000001,Escolarizada,279,470,,749,6,7,,13,0,0,,0
887 2021-2022 14MMS0817B BGC,887,2021-2022,14MMS0817B,BGC,Escolarizada,239,190,,429,2,1,,3,1,0,,1
888 2021-2022 14MMS0818A BGAI,888,2021-2022,14MMS0818A,BGAI,Escolarizada,135,87,,222,4,5,,9,0,0,,0
889 2021-2022 14MMS0818A BGC,889,2021-2022,14MMS0818A,BGC,Escolarizada,1534,2446,,3980,16,51,,67,0,0,,0
890 2021-2022 14MMS0827I BGC,890,2021-2022,14MMS0827I,BGC,Escolarizada,125,152,,277,0,0,,0,0,0,,0
891 2021-2022 14MMS0832U BGC,891,2021-2022,14MMS0832U,BGC,Escolarizada,96,112,,208,1,0,,1,0,0,,0
892 2021-2022 14MMS0844Z BGC,892,2021-2022,14MMS0844Z,BGC,Escolarizada,1677,1630,,3307,27,31,,58,2,1,,3
893 2021-2022 14MMS0878P BGC,893,2021-2022,14MMS0878P,BGC,Escolarizada,52,49,,101,0,1,,1,0,0,,0
894 2021-2022 14MMS0879O BGC,894,2021-2022,14MMS0879O,BGC,Escolarizada,64,72,,136,2,0,,2,0,0,,0
