name,row,ciclo,cve_programa,total
211 PE únicos con matrícula -1 - 2024-2025 - 2021300033,1,2024-2025,2021300033,1
211 PE únicos con matrícula -2 - 2024-2025 - 2051200001,2,2024-2025,2051200001,1
211 PE únicos con matrícula -3 - 2024-2025 - 2062100003,3,2024-2025,2062100003,1
211 PE únicos con matrícula -4 - 2024-2025 - 2062200007,4,2024-2025,2062200007,1
211 PE únicos con matrícula -5 - 2024-2025 - 2062200013,5,2024-2025,2062200013,1
211 PE únicos con matrícula -6 - 2024-2025 - 2071100002,6,2024-2025,2071100002,1
211 PE únicos con matrícula -7 - 2024-2025 - 2071200002,7,2024-2025,2071200002,1
211 PE únicos con matrícula -8 - 2024-2025 - 2071200011,8,2024-2025,2071200011,1
211 PE únicos con matrícula -9 - 2024-2025 - 2071400001,9,2024-2025,2071400001,1
211 PE únicos con matrícula -10 - 2024-2025 - 2071400003,10,2024-2025,2071400003,1
211 PE únicos con matrícula -11 - 2024-2025 - 2072000001,11,2024-2025,2072000001,1
211 PE únicos con matrícula -12 - 2024-2025 - 2072100002,12,2024-2025,2072100002,1
211 PE únicos con matrícula -13 - 2024-2025 - 2072300001,13,2024-2025,2072300001,1
211 PE únicos con matrícula -14 - 2024-2025 - 2072400003,14,2024-2025,2072400003,1
211 PE únicos con matrícula -15 - 2024-2025 - 2092100004,15,2024-2025,2092100004,1
211 PE únicos con matrícula -16 - 2024-2025 - 3021600010,16,2024-2025,3021600010,1
211 PE únicos con matrícula -17 - 2024-2025 - 3021700001,17,2024-2025,3021700001,1
211 PE únicos con matrícula -18 - 2024-2025 - 3041100005,18,2024-2025,3041100005,1
211 PE únicos con matrícula -19 - 2024-2025 - 3042000001,19,2024-2025,3042000001,1
211 PE únicos con matrícula -20 - 2024-2025 - 3042100001,20,2024-2025,3042100001,1
211 PE únicos con matrícula -21 - 2024-2025 - 3042100026,21,2024-2025,3042100026,1
211 PE únicos con matrícula -22 - 2024-2025 - 3061300004,22,2024-2025,3061300004,1
211 PE únicos con matrícula -23 - 2024-2025 - 3071700002,23,2024-2025,3071700002,1
211 PE únicos con matrícula -24 - 2024-2025 - 3073200001,24,2024-2025,3073200001,1
211 PE únicos con matrícula -25 - 2024-2025 - 3081100003,25,2024-2025,3081100003,1
211 PE únicos con matrícula -26 - 2024-2025 - 3081100024,26,2024-2025,3081100024,1
211 PE únicos con matrícula -27 - 2024-2025 - 3093100005,27,2024-2025,3093100005,1
211 PE únicos con matrícula -28 - 2024-2025 - 3095300007,28,2024-2025,3095300007,1
211 PE únicos con matrícula -29 - 2024-2025 - 3101600003,29,2024-2025,3101600003,1
211 PE únicos con matrícula -30 - 2024-2025 - 4042100031,30,2024-2025,4042100031,1
211 PE únicos con matrícula -31 - 2024-2025 - 4061300006,31,2024-2025,4061300006,1
211 PE únicos con matrícula -32 - 2024-2025 - 4062200010,32,2024-2025,4062200010,1
211 PE únicos con matrícula -33 - 2024-2025 - 4071100009,33,2024-2025,4071100009,1
211 PE únicos con matrícula -34 - 2024-2025 - 4071300020,34,2024-2025,4071300020,1
211 PE únicos con matrícula -35 - 2024-2025 - 4071500002,35,2024-2025,4071500002,1
211 PE únicos con matrícula -36 - 2024-2025 - 4072000010,36,2024-2025,4072000010,1
211 PE únicos con matrícula -37 - 2024-2025 - 4093100005,37,2024-2025,4093100005,1
211 PE únicos con matrícula -38 - 2024-2025 - 4094100005,38,2024-2025,4094100005,1
211 PE únicos con matrícula -39 - 2024-2025 - 4094100010,39,2024-2025,4094100010,1
211 PE únicos con matrícula -40 - 2024-2025 - 4095300010,40,2024-2025,4095300010,1
211 PE únicos con matrícula -41 - 2024-2025 - 4103100001,41,2024-2025,4103100001,1
211 PE únicos con matrícula -42 - 2024-2025 - 5011100022,42,2024-2025,5011100022,1
211 PE únicos con matrícula -43 - 2024-2025 - 5011200004,43,2024-2025,5011200004,1
211 PE únicos con matrícula -44 - 2024-2025 - 5011500002,44,2024-2025,5011500002,1
211 PE únicos con matrícula -45 - 2024-2025 - 5012603011,45,2024-2025,5012603011,1
211 PE únicos con matrícula -46 - 2024-2025 - 5012603027,46,2024-2025,5012603027,1
211 PE únicos con matrícula -47 - 2024-2025 - 5021000002,47,2024-2025,5021000002,1
211 PE únicos con matrícula -48 - 2024-2025 - 5021000007,48,2024-2025,5021000007,1
211 PE únicos con matrícula -49 - 2024-2025 - 5021000010,49,2024-2025,5021000010,1
211 PE únicos con matrícula -50 - 2024-2025 - 5021000110,50,2024-2025,5021000110,1
211 PE únicos con matrícula -51 - 2024-2025 - 5021000114,51,2024-2025,5021000114,1
211 PE únicos con matrícula -52 - 2024-2025 - 5021200054,52,2024-2025,5021200054,1
211 PE únicos con matrícula -53 - 2024-2025 - 5021200055,53,2024-2025,5021200055,1
211 PE únicos con matrícula -54 - 2024-2025 - 5021300063,54,2024-2025,5021300063,1
211 PE únicos con matrícula -55 - 2024-2025 - 5021400012,55,2024-2025,5021400012,1
211 PE únicos con matrícula -56 - 2024-2025 - 5021500002,56,2024-2025,5021500002,1
211 PE únicos con matrícula -57 - 2024-2025 - 5021500044,57,2024-2025,5021500044,1
211 PE únicos con matrícula -58 - 2024-2025 - 5021500119,58,2024-2025,5021500119,1
211 PE únicos con matrícula -59 - 2024-2025 - 5021600017,59,2024-2025,5021600017,1
211 PE únicos con matrícula -60 - 2024-2025 - 5021600024,60,2024-2025,5021600024,1
211 PE únicos con matrícula -61 - 2024-2025 - 5021600062,61,2024-2025,5021600062,1
211 PE únicos con matrícula -62 - 2024-2025 - 5021700002,62,2024-2025,5021700002,1
211 PE únicos con matrícula -63 - 2024-2025 - 5022000001,63,2024-2025,5022000001,1
211 PE únicos con matrícula -64 - 2024-2025 - 5022200040,64,2024-2025,5022200040,1
211 PE únicos con matrícula -65 - 2024-2025 - 5022300022,65,2024-2025,5022300022,1
211 PE únicos con matrícula -66 - 2024-2025 - 5022500001,66,2024-2025,5022500001,1
211 PE únicos con matrícula -67 - 2024-2025 - 5022500008,67,2024-2025,5022500008,1
211 PE únicos con matrícula -68 - 2024-2025 - 5022600002,68,2024-2025,5022600002,1
211 PE únicos con matrícula -69 - 2024-2025 - 5031100007,69,2024-2025,5031100007,1
211 PE únicos con matrícula -70 - 2024-2025 - 5031200004,70,2024-2025,5031200004,1
211 PE únicos con matrícula -71 - 2024-2025 - 5031200031,71,2024-2025,5031200031,1
211 PE únicos con matrícula -72 - 2024-2025 - 5031300010,72,2024-2025,5031300010,1
211 PE únicos con matrícula -73 - 2024-2025 - 5031300014,73,2024-2025,5031300014,1
211 PE únicos con matrícula -74 - 2024-2025 - 5031300044,74,2024-2025,5031300044,1
211 PE únicos con matrícula -75 - 2024-2025 - 5031400003,75,2024-2025,5031400003,1
211 PE únicos con matrícula -76 - 2024-2025 - 5031500008,76,2024-2025,5031500008,1
211 PE únicos con matrícula -77 - 2024-2025 - 5031500010,77,2024-2025,5031500010,1
211 PE únicos con matrícula -78 - 2024-2025 - 5032100001,78,2024-2025,5032100001,1
211 PE únicos con matrícula -79 - 2024-2025 - 5032100027,79,2024-2025,5032100027,1
211 PE únicos con matrícula -80 - 2024-2025 - 5032100038,80,2024-2025,5032100038,1
211 PE únicos con matrícula -81 - 2024-2025 - 5032100065,81,2024-2025,5032100065,1
211 PE únicos con matrícula -82 - 2024-2025 - 5032200012,82,2024-2025,5032200012,1
211 PE únicos con matrícula -83 - 2024-2025 - 5033100003,83,2024-2025,5033100003,1
211 PE únicos con matrícula -84 - 2024-2025 - 5033200006,84,2024-2025,5033200006,1
211 PE únicos con matrícula -85 - 2024-2025 - 5033200024,85,2024-2025,5033200024,1
211 PE únicos con matrícula -86 - 2024-2025 - 5041100007,86,2024-2025,5041100007,1
211 PE únicos con matrícula -87 - 2024-2025 - 5041100009,87,2024-2025,5041100009,1
211 PE únicos con matrícula -88 - 2024-2025 - 5041100021,88,2024-2025,5041100021,1
211 PE únicos con matrícula -89 - 2024-2025 - 5041100056,89,2024-2025,5041100056,1
211 PE únicos con matrícula -90 - 2024-2025 - 5041100127,90,2024-2025,5041100127,1
211 PE únicos con matrícula -91 - 2024-2025 - 5041200028,91,2024-2025,5041200028,1
211 PE únicos con matrícula -92 - 2024-2025 - 5041200075,92,2024-2025,5041200075,1
211 PE únicos con matrícula -93 - 2024-2025 - 5041300007,93,2024-2025,5041300007,1
211 PE únicos con matrícula -94 - 2024-2025 - 5041300066,94,2024-2025,5041300066,1
211 PE únicos con matrícula -95 - 2024-2025 - 5041400032,95,2024-2025,5041400032,1
211 PE únicos con matrícula -96 - 2024-2025 - 5042000002,96,2024-2025,5042000002,1
211 PE únicos con matrícula -97 - 2024-2025 - 5042100012,97,2024-2025,5042100012,1
211 PE únicos con matrícula -98 - 2024-2025 - 5042100065,98,2024-2025,5042100065,1
211 PE únicos con matrícula -99 - 2024-2025 - 5042100117,99,2024-2025,5042100117,1
211 PE únicos con matrícula -100 - 2024-2025 - 5042200024,100,2024-2025,5042200024,1
211 PE únicos con matrícula -101 - 2024-2025 - 5042300027,101,2024-2025,5042300027,1
211 PE únicos con matrícula -102 - 2024-2025 - 5042400005,102,2024-2025,5042400005,1
211 PE únicos con matrícula -103 - 2024-2025 - 5051100003,103,2024-2025,5051100003,1
211 PE únicos con matrícula -104 - 2024-2025 - 5051100006,104,2024-2025,5051100006,1
211 PE únicos con matrícula -105 - 2024-2025 - 5051100015,105,2024-2025,5051100015,1
211 PE únicos con matrícula -106 - 2024-2025 - 5051200024,106,2024-2025,5051200024,1
211 PE únicos con matrícula -107 - 2024-2025 - 5051300005,107,2024-2025,5051300005,1
211 PE únicos con matrícula -108 - 2024-2025 - 5051300020,108,2024-2025,5051300020,1
211 PE únicos con matrícula -109 - 2024-2025 - 5051300048,109,2024-2025,5051300048,1
211 PE únicos con matrícula -110 - 2024-2025 - 5052100005,110,2024-2025,5052100005,1
211 PE únicos con matrícula -111 - 2024-2025 - 5052200002,111,2024-2025,5052200002,1
211 PE únicos con matrícula -112 - 2024-2025 - 5052200007,112,2024-2025,5052200007,1
211 PE únicos con matrícula -113 - 2024-2025 - 5052200017,113,2024-2025,5052200017,1
211 PE únicos con matrícula -114 - 2024-2025 - 5052200021,114,2024-2025,5052200021,1
211 PE únicos con matrícula -115 - 2024-2025 - 5052300015,115,2024-2025,5052300015,1
211 PE únicos con matrícula -116 - 2024-2025 - 5053100004,116,2024-2025,5053100004,1
211 PE únicos con matrícula -117 - 2024-2025 - 5061000002,117,2024-2025,5061000002,1
211 PE únicos con matrícula -118 - 2024-2025 - 5061000015,118,2024-2025,5061000015,1
211 PE únicos con matrícula -119 - 2024-2025 - 5061100001,119,2024-2025,5061100001,1
211 PE únicos con matrícula -120 - 2024-2025 - 5061300147,120,2024-2025,5061300147,1
211 PE únicos con matrícula -121 - 2024-2025 - 5061300148,121,2024-2025,5061300148,1
211 PE únicos con matrícula -122 - 2024-2025 - 5062100009,122,2024-2025,5062100009,1
211 PE únicos con matrícula -123 - 2024-2025 - 5062100033,123,2024-2025,5062100033,1
211 PE únicos con matrícula -124 - 2024-2025 - 5062100034,124,2024-2025,5062100034,1
211 PE únicos con matrícula -125 - 2024-2025 - 5062200055,125,2024-2025,5062200055,1
211 PE únicos con matrícula -126 - 2024-2025 - 5062200073,126,2024-2025,5062200073,1
211 PE únicos con matrícula -127 - 2024-2025 - 5062200082,127,2024-2025,5062200082,1
211 PE únicos con matrícula -128 - 2024-2025 - 5062200105,128,2024-2025,5062200105,1
211 PE únicos con matrícula -129 - 2024-2025 - 5071000020,129,2024-2025,5071000020,1
211 PE únicos con matrícula -130 - 2024-2025 - 5071000047,130,2024-2025,5071000047,1
211 PE únicos con matrícula -131 - 2024-2025 - 5071100005,131,2024-2025,5071100005,1
211 PE únicos con matrícula -132 - 2024-2025 - 5071100019,132,2024-2025,5071100019,1
211 PE únicos con matrícula -133 - 2024-2025 - 5071200009,133,2024-2025,5071200009,1
211 PE únicos con matrícula -134 - 2024-2025 - 5071200034,134,2024-2025,5071200034,1
211 PE únicos con matrícula -135 - 2024-2025 - 5071300009,135,2024-2025,5071300009,1
211 PE únicos con matrícula -136 - 2024-2025 - 5071300014,136,2024-2025,5071300014,1
211 PE únicos con matrícula -137 - 2024-2025 - 5071300082,137,2024-2025,5071300082,1
211 PE únicos con matrícula -138 - 2024-2025 - 5071300091,138,2024-2025,5071300091,1
211 PE únicos con matrícula -139 - 2024-2025 - 5071300147,139,2024-2025,5071300147,1
211 PE únicos con matrícula -140 - 2024-2025 - 5071300158,140,2024-2025,5071300158,1
211 PE únicos con matrícula -141 - 2024-2025 - 5071400008,141,2024-2025,5071400008,1
211 PE únicos con matrícula -142 - 2024-2025 - 5071400015,142,2024-2025,5071400015,1
211 PE únicos con matrícula -143 - 2024-2025 - 5071700019,143,2024-2025,5071700019,1
211 PE únicos con matrícula -144 - 2024-2025 - 5072100002,144,2024-2025,5072100002,1
211 PE únicos con matrícula -145 - 2024-2025 - 5072100018,145,2024-2025,5072100018,1
211 PE únicos con matrícula -146 - 2024-2025 - 5072100033,146,2024-2025,5072100033,1
211 PE únicos con matrícula -147 - 2024-2025 - 5072100049,147,2024-2025,5072100049,1
211 PE únicos con matrícula -148 - 2024-2025 - 5072400001,148,2024-2025,5072400001,1
211 PE únicos con matrícula -149 - 2024-2025 - 5073100009,149,2024-2025,5073100009,1
211 PE únicos con matrícula -150 - 2024-2025 - 5073100024,150,2024-2025,5073100024,1
211 PE únicos con matrícula -151 - 2024-2025 - 5073200005,151,2024-2025,5073200005,1
211 PE únicos con matrícula -152 - 2024-2025 - 5073200010,152,2024-2025,5073200010,1
211 PE únicos con matrícula -153 - 2024-2025 - 5073200035,153,2024-2025,5073200035,1
211 PE únicos con matrícula -154 - 2024-2025 - 5081100010,154,2024-2025,5081100010,1
211 PE únicos con matrícula -155 - 2024-2025 - 5081100050,155,2024-2025,5081100050,1
211 PE únicos con matrícula -156 - 2024-2025 - 5081300016,156,2024-2025,5081300016,1
211 PE únicos con matrícula -157 - 2024-2025 - 5082100001,157,2024-2025,5082100001,1
211 PE únicos con matrícula -158 - 2024-2025 - 5091100011,158,2024-2025,5091100011,1
211 PE únicos con matrícula -159 - 2024-2025 - 5092100006,159,2024-2025,5092100006,1
211 PE únicos con matrícula -160 - 2024-2025 - 5093100002,160,2024-2025,5093100002,1
211 PE únicos con matrícula -161 - 2024-2025 - 5094100009,161,2024-2025,5094100009,1
211 PE únicos con matrícula -162 - 2024-2025 - 5094200006,162,2024-2025,5094200006,1
211 PE únicos con matrícula -163 - 2024-2025 - 5094300009,163,2024-2025,5094300009,1
211 PE únicos con matrícula -164 - 2024-2025 - 5095200007,164,2024-2025,5095200007,1
211 PE únicos con matrícula -165 - 2024-2025 - 5095400006,165,2024-2025,5095400006,1
211 PE únicos con matrícula -166 - 2024-2025 - 5095600005,166,2024-2025,5095600005,1
211 PE únicos con matrícula -167 - 2024-2025 - 5101100015,167,2024-2025,5101100015,1
211 PE únicos con matrícula -168 - 2024-2025 - 5101600013,168,2024-2025,5101600013,1
211 PE únicos con matrícula -169 - 2024-2025 - 5102100004,169,2024-2025,5102100004,1
211 PE únicos con matrícula -170 - 2024-2025 - 5103100017,170,2024-2025,5103100017,1
211 PE únicos con matrícula -171 - 2024-2025 - 5104100015,171,2024-2025,5104100015,1
211 PE únicos con matrícula -172 - 2024-2025 - 6033100087,172,2024-2025,6033100087,1
211 PE únicos con matrícula -173 - 2024-2025 - 6051100001,173,2024-2025,6051100001,1
211 PE únicos con matrícula -174 - 2024-2025 - 6081100005,174,2024-2025,6081100005,1
211 PE únicos con matrícula -175 - 2024-2025 - 6091301004,175,2024-2025,6091301004,1
211 PE únicos con matrícula -176 - 2024-2025 - 6091301008,176,2024-2025,6091301008,1
211 PE únicos con matrícula -177 - 2024-2025 - 6091302001,177,2024-2025,6091302001,1
211 PE únicos con matrícula -178 - 2024-2025 - 6091304001,178,2024-2025,6091304001,1
211 PE únicos con matrícula -179 - 2024-2025 - 6091304018,179,2024-2025,6091304018,1
211 PE únicos con matrícula -180 - 2024-2025 - 6091305002,180,2024-2025,6091305002,1
211 PE únicos con matrícula -181 - 2024-2025 - 6091306001,181,2024-2025,6091306001,1
211 PE únicos con matrícula -182 - 2024-2025 - 6091307001,182,2024-2025,6091307001,1
211 PE únicos con matrícula -183 - 2024-2025 - 6091308001,183,2024-2025,6091308001,1
211 PE únicos con matrícula -184 - 2024-2025 - 6091309002,184,2024-2025,6091309002,1
211 PE únicos con matrícula -185 - 2024-2025 - 6091310001,185,2024-2025,6091310001,1
211 PE únicos con matrícula -186 - 2024-2025 - 6091310002,186,2024-2025,6091310002,1
211 PE únicos con matrícula -187 - 2024-2025 - 6091311001,187,2024-2025,6091311001,1
211 PE únicos con matrícula -188 - 2024-2025 - 6091312001,188,2024-2025,6091312001,1
211 PE únicos con matrícula -189 - 2024-2025 - 6091313001,189,2024-2025,6091313001,1
211 PE únicos con matrícula -190 - 2024-2025 - 6091313004,190,2024-2025,6091313004,1
211 PE únicos con matrícula -191 - 2024-2025 - 6091313008,191,2024-2025,6091313008,1
211 PE únicos con matrícula -192 - 2024-2025 - 6091314001,192,2024-2025,6091314001,1
211 PE únicos con matrícula -193 - 2024-2025 - 6091315001,193,2024-2025,6091315001,1
211 PE únicos con matrícula -194 - 2024-2025 - 6091316002,194,2024-2025,6091316002,1
211 PE únicos con matrícula -195 - 2024-2025 - 6091316004,195,2024-2025,6091316004,1
211 PE únicos con matrícula -196 - 2024-2025 - 6091316007,196,2024-2025,6091316007,1
211 PE únicos con matrícula -197 - 2024-2025 - 6091317001,197,2024-2025,6091317001,1
211 PE únicos con matrícula -198 - 2024-2025 - 6091317003,198,2024-2025,6091317003,1
211 PE únicos con matrícula -199 - 2024-2025 - 6091317009,199,2024-2025,6091317009,1
211 PE únicos con matrícula -200 - 2024-2025 - 6091318001,200,2024-2025,6091318001,1
211 PE únicos con matrícula -201 - 2024-2025 - 6091318002,201,2024-2025,6091318002,1
211 PE únicos con matrícula -202 - 2024-2025 - 6091319001,202,2024-2025,6091319001,1
211 PE únicos con matrícula -203 - 2024-2025 - 6091319004,203,2024-2025,6091319004,1
211 PE únicos con matrícula -204 - 2024-2025 - 6091321003,204,2024-2025,6091321003,1
211 PE únicos con matrícula -205 - 2024-2025 - 6091322003,205,2024-2025,6091322003,1
211 PE únicos con matrícula -206 - 2024-2025 - 6091323001,206,2024-2025,6091323001,1
211 PE únicos con matrícula -207 - 2024-2025 - 6091325002,207,2024-2025,6091325002,1
211 PE únicos con matrícula -208 - 2024-2025 - 6091326001,208,2024-2025,6091326001,1
211 PE únicos con matrícula -209 - 2024-2025 - 6091327002,209,2024-2025,6091327002,1
211 PE únicos con matrícula -210 - 2024-2025 - 6091329001,210,2024-2025,6091329001,1
211 PE únicos con matrícula -211 - 2024-2025 - 6091331003,211,2024-2025,6091331003,1
211 PE únicos con matrícula -212 - 2024-2025 - 6091331004,212,2024-2025,6091331004,1
211 PE únicos con matrícula -213 - 2024-2025 - 6091332001,213,2024-2025,6091332001,1
211 PE únicos con matrícula -214 - 2024-2025 - 6091334001,214,2024-2025,6091334001,1
211 PE únicos con matrícula -215 - 2024-2025 - 6091335001,215,2024-2025,6091335001,1
211 PE únicos con matrícula -216 - 2024-2025 - 6091335003,216,2024-2025,6091335003,1
211 PE únicos con matrícula -217 - 2024-2025 - 6091336001,217,2024-2025,6091336001,1
211 PE únicos con matrícula -218 - 2024-2025 - 6091336005,218,2024-2025,6091336005,1
211 PE únicos con matrícula -219 - 2024-2025 - 6091336007,219,2024-2025,6091336007,1
211 PE únicos con matrícula -220 - 2024-2025 - 6091336013,220,2024-2025,6091336013,1
211 PE únicos con matrícula -221 - 2024-2025 - 6091337005,221,2024-2025,6091337005,1
211 PE únicos con matrícula -222 - 2024-2025 - 6091338003,222,2024-2025,6091338003,1
211 PE únicos con matrícula -223 - 2024-2025 - 6091339001,223,2024-2025,6091339001,1
211 PE únicos con matrícula -224 - 2024-2025 - 6091340001,224,2024-2025,6091340001,1
211 PE únicos con matrícula -225 - 2024-2025 - 6091340004,225,2024-2025,6091340004,1
211 PE únicos con matrícula -226 - 2024-2025 - 6091341001,226,2024-2025,6091341001,1
211 PE únicos con matrícula -227 - 2024-2025 - 6091342012,227,2024-2025,6091342012,1
211 PE únicos con matrícula -228 - 2024-2025 - 6091343001,228,2024-2025,6091343001,1
211 PE únicos con matrícula -229 - 2024-2025 - 6091344001,229,2024-2025,6091344001,1
211 PE únicos con matrícula -230 - 2024-2025 - 6091344002,230,2024-2025,6091344002,1
211 PE únicos con matrícula -231 - 2024-2025 - 6091345008,231,2024-2025,6091345008,1
211 PE únicos con matrícula -232 - 2024-2025 - 6092202002,232,2024-2025,6092202002,1
211 PE únicos con matrícula -233 - 2024-2025 - 6092204007,233,2024-2025,6092204007,1
211 PE únicos con matrícula -234 - 2024-2025 - 6092205001,234,2024-2025,6092205001,1
211 PE únicos con matrícula -235 - 2024-2025 - 6092206002,235,2024-2025,6092206002,1
211 PE únicos con matrícula -236 - 2024-2025 - 6092206010,236,2024-2025,6092206010,1
211 PE únicos con matrícula -237 - 2024-2025 - 6092207003,237,2024-2025,6092207003,1
211 PE únicos con matrícula -238 - 2024-2025 - 6093201002,238,2024-2025,6093201002,1
211 PE únicos con matrícula -239 - 2024-2025 - 6093201005,239,2024-2025,6093201005,1
211 PE únicos con matrícula -240 - 2024-2025 - 6093202001,240,2024-2025,6093202001,1
211 PE únicos con matrícula -241 - 2024-2025 - 6093203005,241,2024-2025,6093203005,1
211 PE únicos con matrícula -242 - 2024-2025 - 6093204001,242,2024-2025,6093204001,1
211 PE únicos con matrícula -243 - 2024-2025 - 6093205004,243,2024-2025,6093205004,1
211 PE únicos con matrícula -244 - 2024-2025 - 6093206003,244,2024-2025,6093206003,1
211 PE únicos con matrícula -245 - 2024-2025 - 6095600002,245,2024-2025,6095600002,1
211 PE únicos con matrícula -246 - 2024-2025 - 7011000002,246,2024-2025,7011000002,1
211 PE únicos con matrícula -247 - 2024-2025 - 7011000042,247,2024-2025,7011000042,1
211 PE únicos con matrícula -248 - 2024-2025 - 7011000094,248,2024-2025,7011000094,1
211 PE únicos con matrícula -249 - 2024-2025 - 7011200033,249,2024-2025,7011200033,1
211 PE únicos con matrícula -250 - 2024-2025 - 7011200077,250,2024-2025,7011200077,1
211 PE únicos con matrícula -251 - 2024-2025 - 7011200088,251,2024-2025,7011200088,1
211 PE únicos con matrícula -252 - 2024-2025 - 7011400011,252,2024-2025,7011400011,1
211 PE únicos con matrícula -253 - 2024-2025 - 7011400029,253,2024-2025,7011400029,1
211 PE únicos con matrícula -254 - 2024-2025 - 7012400001,254,2024-2025,7012400001,1
211 PE únicos con matrícula -255 - 2024-2025 - 7012500034,255,2024-2025,7012500034,1
211 PE únicos con matrícula -256 - 2024-2025 - 7012601008,256,2024-2025,7012601008,1
211 PE únicos con matrícula -257 - 2024-2025 - 7012602009,257,2024-2025,7012602009,1
211 PE únicos con matrícula -258 - 2024-2025 - 7012603017,258,2024-2025,7012603017,1
211 PE únicos con matrícula -259 - 2024-2025 - 7012604029,259,2024-2025,7012604029,1
211 PE únicos con matrícula -260 - 2024-2025 - 7012604064,260,2024-2025,7012604064,1
211 PE únicos con matrícula -261 - 2024-2025 - 7021000014,261,2024-2025,7021000014,1
211 PE únicos con matrícula -262 - 2024-2025 - 7021400005,262,2024-2025,7021400005,1
211 PE únicos con matrícula -263 - 2024-2025 - 7021400038,263,2024-2025,7021400038,1
211 PE únicos con matrícula -264 - 2024-2025 - 7021600019,264,2024-2025,7021600019,1
211 PE únicos con matrícula -265 - 2024-2025 - 7022200011,265,2024-2025,7022200011,1
211 PE únicos con matrícula -266 - 2024-2025 - 7022200019,266,2024-2025,7022200019,1
211 PE únicos con matrícula -267 - 2024-2025 - 7022300005,267,2024-2025,7022300005,1
211 PE únicos con matrícula -268 - 2024-2025 - 7022300034,268,2024-2025,7022300034,1
211 PE únicos con matrícula -269 - 2024-2025 - 7022300036,269,2024-2025,7022300036,1
211 PE únicos con matrícula -270 - 2024-2025 - 7022300037,270,2024-2025,7022300037,1
211 PE únicos con matrícula -271 - 2024-2025 - 7022400002,271,2024-2025,7022400002,1
211 PE únicos con matrícula -272 - 2024-2025 - 7022400011,272,2024-2025,7022400011,1
211 PE únicos con matrícula -273 - 2024-2025 - 7022500008,273,2024-2025,7022500008,1
211 PE únicos con matrícula -274 - 2024-2025 - 7022500015,274,2024-2025,7022500015,1
211 PE únicos con matrícula -275 - 2024-2025 - 7022600002,275,2024-2025,7022600002,1
211 PE únicos con matrícula -276 - 2024-2025 - 7022600008,276,2024-2025,7022600008,1
211 PE únicos con matrícula -277 - 2024-2025 - 7031000001,277,2024-2025,7031000001,1
211 PE únicos con matrícula -278 - 2024-2025 - 7031000052,278,2024-2025,7031000052,1
211 PE únicos con matrícula -279 - 2024-2025 - 7031000067,279,2024-2025,7031000067,1
211 PE únicos con matrícula -280 - 2024-2025 - 7031100001,280,2024-2025,7031100001,1
211 PE únicos con matrícula -281 - 2024-2025 - 7031100005,281,2024-2025,7031100005,1
211 PE únicos con matrícula -282 - 2024-2025 - 7031100030,282,2024-2025,7031100030,1
211 PE únicos con matrícula -283 - 2024-2025 - 7031100041,283,2024-2025,7031100041,1
211 PE únicos con matrícula -284 - 2024-2025 - 7031100043,284,2024-2025,7031100043,1
211 PE únicos con matrícula -285 - 2024-2025 - 7031100176,285,2024-2025,7031100176,1
211 PE únicos con matrícula -286 - 2024-2025 - 7031100188,286,2024-2025,7031100188,1
211 PE únicos con matrícula -287 - 2024-2025 - 7031100253,287,2024-2025,7031100253,1
211 PE únicos con matrícula -288 - 2024-2025 - 7031200009,288,2024-2025,7031200009,1
211 PE únicos con matrícula -289 - 2024-2025 - 7031200016,289,2024-2025,7031200016,1
211 PE únicos con matrícula -290 - 2024-2025 - 7031200035,290,2024-2025,7031200035,1
211 PE únicos con matrícula -291 - 2024-2025 - 7031200043,291,2024-2025,7031200043,1
211 PE únicos con matrícula -292 - 2024-2025 - 7031200071,292,2024-2025,7031200071,1
211 PE únicos con matrícula -293 - 2024-2025 - 7031200087,293,2024-2025,7031200087,1
211 PE únicos con matrícula -294 - 2024-2025 - 7031200093,294,2024-2025,7031200093,1
211 PE únicos con matrícula -295 - 2024-2025 - 7031300005,295,2024-2025,7031300005,1
211 PE únicos con matrícula -296 - 2024-2025 - 7031300023,296,2024-2025,7031300023,1
211 PE únicos con matrícula -297 - 2024-2025 - 7031300041,297,2024-2025,7031300041,1
211 PE únicos con matrícula -298 - 2024-2025 - 7031300078,298,2024-2025,7031300078,1
211 PE únicos con matrícula -299 - 2024-2025 - 7031300118,299,2024-2025,7031300118,1
211 PE únicos con matrícula -300 - 2024-2025 - 7031400008,300,2024-2025,7031400008,1
211 PE únicos con matrícula -301 - 2024-2025 - 7031400038,301,2024-2025,7031400038,1
211 PE únicos con matrícula -302 - 2024-2025 - 7031500022,302,2024-2025,7031500022,1
211 PE únicos con matrícula -303 - 2024-2025 - 7031500062,303,2024-2025,7031500062,1
211 PE únicos con matrícula -304 - 2024-2025 - 7031500078,304,2024-2025,7031500078,1
211 PE únicos con matrícula -305 - 2024-2025 - 7032100004,305,2024-2025,7032100004,1
211 PE únicos con matrícula -306 - 2024-2025 - 7032100037,306,2024-2025,7032100037,1
211 PE únicos con matrícula -307 - 2024-2025 - 7032100049,307,2024-2025,7032100049,1
211 PE únicos con matrícula -308 - 2024-2025 - 7033100026,308,2024-2025,7033100026,1
211 PE únicos con matrícula -309 - 2024-2025 - 7033200077,309,2024-2025,7033200077,1
211 PE únicos con matrícula -310 - 2024-2025 - 7041100026,310,2024-2025,7041100026,1
211 PE únicos con matrícula -311 - 2024-2025 - 7041100029,311,2024-2025,7041100029,1
211 PE únicos con matrícula -312 - 2024-2025 - 7041200034,312,2024-2025,7041200034,1
211 PE únicos con matrícula -313 - 2024-2025 - 7041300021,313,2024-2025,7041300021,1
211 PE únicos con matrícula -314 - 2024-2025 - 7041300082,314,2024-2025,7041300082,1
211 PE únicos con matrícula -315 - 2024-2025 - 7041400048,315,2024-2025,7041400048,1
211 PE únicos con matrícula -316 - 2024-2025 - 7042100015,316,2024-2025,7042100015,1
211 PE únicos con matrícula -317 - 2024-2025 - 7042100033,317,2024-2025,7042100033,1
211 PE únicos con matrícula -318 - 2024-2025 - 7042100268,318,2024-2025,7042100268,1
211 PE únicos con matrícula -319 - 2024-2025 - 7042100311,319,2024-2025,7042100311,1
211 PE únicos con matrícula -320 - 2024-2025 - 7042300011,320,2024-2025,7042300011,1
211 PE únicos con matrícula -321 - 2024-2025 - 7042300040,321,2024-2025,7042300040,1
211 PE únicos con matrícula -322 - 2024-2025 - 7042300054,322,2024-2025,7042300054,1
211 PE únicos con matrícula -323 - 2024-2025 - 7042500117,323,2024-2025,7042500117,1
211 PE únicos con matrícula -324 - 2024-2025 - 7051300013,324,2024-2025,7051300013,1
211 PE únicos con matrícula -325 - 2024-2025 - 7051300018,325,2024-2025,7051300018,1
211 PE únicos con matrícula -326 - 2024-2025 - 7051300079,326,2024-2025,7051300079,1
211 PE únicos con matrícula -327 - 2024-2025 - 7051300093,327,2024-2025,7051300093,1
211 PE únicos con matrícula -328 - 2024-2025 - 7052100009,328,2024-2025,7052100009,1
211 PE únicos con matrícula -329 - 2024-2025 - 7052100021,329,2024-2025,7052100021,1
211 PE únicos con matrícula -330 - 2024-2025 - 7052100029,330,2024-2025,7052100029,1
211 PE únicos con matrícula -331 - 2024-2025 - 7052200003,331,2024-2025,7052200003,1
211 PE únicos con matrícula -332 - 2024-2025 - 7052200006,332,2024-2025,7052200006,1
211 PE únicos con matrícula -333 - 2024-2025 - 7052200016,333,2024-2025,7052200016,1
211 PE únicos con matrícula -334 - 2024-2025 - 7052200018,334,2024-2025,7052200018,1
211 PE únicos con matrícula -335 - 2024-2025 - 7052300006,335,2024-2025,7052300006,1
211 PE únicos con matrícula -336 - 2024-2025 - 7052300025,336,2024-2025,7052300025,1
211 PE únicos con matrícula -337 - 2024-2025 - 7052300035,337,2024-2025,7052300035,1
211 PE únicos con matrícula -338 - 2024-2025 - 7053100007,338,2024-2025,7053100007,1
211 PE únicos con matrícula -339 - 2024-2025 - 7053100018,339,2024-2025,7053100018,1
211 PE únicos con matrícula -340 - 2024-2025 - 7061000012,340,2024-2025,7061000012,1
211 PE únicos con matrícula -341 - 2024-2025 - 7061300005,341,2024-2025,7061300005,1
211 PE únicos con matrícula -342 - 2024-2025 - 7061300057,342,2024-2025,7061300057,1
211 PE únicos con matrícula -343 - 2024-2025 - 7062000007,343,2024-2025,7062000007,1
211 PE únicos con matrícula -344 - 2024-2025 - 7062200049,344,2024-2025,7062200049,1
211 PE únicos con matrícula -345 - 2024-2025 - 7062200074,345,2024-2025,7062200074,1
211 PE únicos con matrícula -346 - 2024-2025 - 7071000033,346,2024-2025,7071000033,1
211 PE únicos con matrícula -347 - 2024-2025 - 7071000035,347,2024-2025,7071000035,1
211 PE únicos con matrícula -348 - 2024-2025 - 7071200009,348,2024-2025,7071200009,1
211 PE únicos con matrícula -349 - 2024-2025 - 7071200021,349,2024-2025,7071200021,1
211 PE únicos con matrícula -350 - 2024-2025 - 7071300003,350,2024-2025,7071300003,1
211 PE únicos con matrícula -351 - 2024-2025 - 7071300026,351,2024-2025,7071300026,1
211 PE únicos con matrícula -352 - 2024-2025 - 7071300053,352,2024-2025,7071300053,1
211 PE únicos con matrícula -353 - 2024-2025 - 7071400012,353,2024-2025,7071400012,1
211 PE únicos con matrícula -354 - 2024-2025 - 7071600020,354,2024-2025,7071600020,1
211 PE únicos con matrícula -355 - 2024-2025 - 7073100005,355,2024-2025,7073100005,1
211 PE únicos con matrícula -356 - 2024-2025 - 7073100082,356,2024-2025,7073100082,1
211 PE únicos con matrícula -357 - 2024-2025 - 7073100088,357,2024-2025,7073100088,1
211 PE únicos con matrícula -358 - 2024-2025 - 7073100089,358,2024-2025,7073100089,1
211 PE únicos con matrícula -359 - 2024-2025 - 7073200013,359,2024-2025,7073200013,1
211 PE únicos con matrícula -360 - 2024-2025 - 7081000006,360,2024-2025,7081000006,1
211 PE únicos con matrícula -361 - 2024-2025 - 7081100051,361,2024-2025,7081100051,1
211 PE únicos con matrícula -362 - 2024-2025 - 7081100056,362,2024-2025,7081100056,1
211 PE únicos con matrícula -363 - 2024-2025 - 7081100068,363,2024-2025,7081100068,1
211 PE únicos con matrícula -364 - 2024-2025 - 7081100073,364,2024-2025,7081100073,1
211 PE únicos con matrícula -365 - 2024-2025 - 7081100078,365,2024-2025,7081100078,1
211 PE únicos con matrícula -366 - 2024-2025 - 7081100105,366,2024-2025,7081100105,1
211 PE únicos con matrícula -367 - 2024-2025 - 7091325001,367,2024-2025,7091325001,1
211 PE únicos con matrícula -368 - 2024-2025 - 7093207003,368,2024-2025,7093207003,1
211 PE únicos con matrícula -369 - 2024-2025 - 7094200035,369,2024-2025,7094200035,1
211 PE únicos con matrícula -370 - 2024-2025 - 7095000011,370,2024-2025,7095000011,1
211 PE únicos con matrícula -371 - 2024-2025 - 7095400007,371,2024-2025,7095400007,1
211 PE únicos con matrícula -372 - 2024-2025 - 7095600007,372,2024-2025,7095600007,1
211 PE únicos con matrícula -373 - 2024-2025 - 7095600030,373,2024-2025,7095600030,1
211 PE únicos con matrícula -374 - 2024-2025 - 7095600046,374,2024-2025,7095600046,1
211 PE únicos con matrícula -375 - 2024-2025 - 7095600068,375,2024-2025,7095600068,1
211 PE únicos con matrícula -376 - 2024-2025 - 7101000006,376,2024-2025,7101000006,1
211 PE únicos con matrícula -377 - 2024-2025 - 7101500016,377,2024-2025,7101500016,1
211 PE únicos con matrícula -378 - 2024-2025 - 7102100006,378,2024-2025,7102100006,1
211 PE únicos con matrícula -379 - 2024-2025 - 7103100003,379,2024-2025,7103100003,1
211 PE únicos con matrícula -380 - 2024-2025 - 7103100010,380,2024-2025,7103100010,1
211 PE únicos con matrícula -381 - 2024-2025 - 8011000006,381,2024-2025,8011000006,1
211 PE únicos con matrícula -382 - 2024-2025 - 8011400005,382,2024-2025,8011400005,1
211 PE únicos con matrícula -383 - 2024-2025 - 8011500003,383,2024-2025,8011500003,1
211 PE únicos con matrícula -384 - 2024-2025 - 8021000010,384,2024-2025,8021000010,1
211 PE únicos con matrícula -385 - 2024-2025 - 8021000011,385,2024-2025,8021000011,1
211 PE únicos con matrícula -386 - 2024-2025 - 8022000001,386,2024-2025,8022000001,1
211 PE únicos con matrícula -387 - 2024-2025 - 8022500004,387,2024-2025,8022500004,1
211 PE únicos con matrícula -388 - 2024-2025 - 8031000001,388,2024-2025,8031000001,1
211 PE únicos con matrícula -389 - 2024-2025 - 8031000021,389,2024-2025,8031000021,1
211 PE únicos con matrícula -390 - 2024-2025 - 8031100002,390,2024-2025,8031100002,1
211 PE únicos con matrícula -391 - 2024-2025 - 8031100011,391,2024-2025,8031100011,1
211 PE únicos con matrícula -392 - 2024-2025 - 8031100026,392,2024-2025,8031100026,1
211 PE únicos con matrícula -393 - 2024-2025 - 8031100040,393,2024-2025,8031100040,1
211 PE únicos con matrícula -394 - 2024-2025 - 8031300003,394,2024-2025,8031300003,1
211 PE únicos con matrícula -395 - 2024-2025 - 8031300020,395,2024-2025,8031300020,1
211 PE únicos con matrícula -396 - 2024-2025 - 8031300039,396,2024-2025,8031300039,1
211 PE únicos con matrícula -397 - 2024-2025 - 8031400014,397,2024-2025,8031400014,1
211 PE únicos con matrícula -398 - 2024-2025 - 8033100003,398,2024-2025,8033100003,1
211 PE únicos con matrícula -399 - 2024-2025 - 8033100009,399,2024-2025,8033100009,1
211 PE únicos con matrícula -400 - 2024-2025 - 8041400003,400,2024-2025,8041400003,1
211 PE únicos con matrícula -401 - 2024-2025 - 8042000005,401,2024-2025,8042000005,1
211 PE únicos con matrícula -402 - 2024-2025 - 8042000014,402,2024-2025,8042000014,1
211 PE únicos con matrícula -403 - 2024-2025 - 8042100049,403,2024-2025,8042100049,1
211 PE únicos con matrícula -404 - 2024-2025 - 8042100051,404,2024-2025,8042100051,1
211 PE únicos con matrícula -405 - 2024-2025 - 8042200004,405,2024-2025,8042200004,1
211 PE únicos con matrícula -406 - 2024-2025 - 8042500005,406,2024-2025,8042500005,1
211 PE únicos con matrícula -407 - 2024-2025 - 8051100012,407,2024-2025,8051100012,1
211 PE únicos con matrícula -408 - 2024-2025 - 8051200017,408,2024-2025,8051200017,1
211 PE únicos con matrícula -409 - 2024-2025 - 8051200020,409,2024-2025,8051200020,1
211 PE únicos con matrícula -410 - 2024-2025 - 8051200038,410,2024-2025,8051200038,1
211 PE únicos con matrícula -411 - 2024-2025 - 8051300007,411,2024-2025,8051300007,1
211 PE únicos con matrícula -412 - 2024-2025 - 8052000007,412,2024-2025,8052000007,1
211 PE únicos con matrícula -413 - 2024-2025 - 8052100009,413,2024-2025,8052100009,1
211 PE únicos con matrícula -414 - 2024-2025 - 8052100019,414,2024-2025,8052100019,1
211 PE únicos con matrícula -415 - 2024-2025 - 8052200001,415,2024-2025,8052200001,1
211 PE únicos con matrícula -416 - 2024-2025 - 8052200009,416,2024-2025,8052200009,1
211 PE únicos con matrícula -417 - 2024-2025 - 8052200018,417,2024-2025,8052200018,1
211 PE únicos con matrícula -418 - 2024-2025 - 8052200023,418,2024-2025,8052200023,1
211 PE únicos con matrícula -419 - 2024-2025 - 8052300012,419,2024-2025,8052300012,1
211 PE únicos con matrícula -420 - 2024-2025 - 8052300021,420,2024-2025,8052300021,1
211 PE únicos con matrícula -421 - 2024-2025 - 8053100005,421,2024-2025,8053100005,1
211 PE únicos con matrícula -422 - 2024-2025 - 8061100020,422,2024-2025,8061100020,1
211 PE únicos con matrícula -423 - 2024-2025 - 8062200005,423,2024-2025,8062200005,1
211 PE únicos con matrícula -424 - 2024-2025 - 8071000002,424,2024-2025,8071000002,1
211 PE únicos con matrícula -425 - 2024-2025 - 8071000012,425,2024-2025,8071000012,1
211 PE únicos con matrícula -426 - 2024-2025 - 8071200008,426,2024-2025,8071200008,1
211 PE únicos con matrícula -427 - 2024-2025 - 8071300016,427,2024-2025,8071300016,1
211 PE únicos con matrícula -428 - 2024-2025 - 8071400003,428,2024-2025,8071400003,1
211 PE únicos con matrícula -429 - 2024-2025 - 8072100013,429,2024-2025,8072100013,1
211 PE únicos con matrícula -430 - 2024-2025 - 8072300004,430,2024-2025,8072300004,1
211 PE únicos con matrícula -431 - 2024-2025 - 8073100010,431,2024-2025,8073100010,1
211 PE únicos con matrícula -432 - 2024-2025 - 8091100003,432,2024-2025,8091100003,1
211 PE únicos con matrícula -433 - 2024-2025 - 8091345016,433,2024-2025,8091345016,1
211 PE únicos con matrícula -434 - 2024-2025 - 8094200006,434,2024-2025,8094200006,1
211 PE únicos con matrícula -435 - 2024-2025 - 8095000003,435,2024-2025,8095000003,1
211 PE únicos con matrícula -436 - 2024-2025 - 8095200001,436,2024-2025,8095200001,1
211 PE únicos con matrícula -437 - 2024-2025 - 8095200003,437,2024-2025,8095200003,1
211 PE únicos con matrícula -438 - 2024-2025 - 8095600001,438,2024-2025,8095600001,1
211 PE únicos con matrícula -439 - 2024-2025 - 8102100001,439,2024-2025,8102100001,1
211 PE únicos con matrícula -440 - 2024-2025 - BGAI,440,2024-2025,BGAI,1
211 PE únicos con matrícula -441 - 2024-2025 - BGC,441,2024-2025,BGC,1
