name,row,ciclo,anio,calendario,clave_plantel,cve_programa,aspirantes_h,aspirantes_m,aspirantes_nb,aspirantes_t,admitidos_h,admitidos_m,admitidos_nb,admitidos_t,no_admitidos_h,no_admitidos_m,no_admitidos_nb,no_admitidos_t,por_admision,cupo,puntaje_minimo
13 Admisión 2024A 1 14MMS0607X BGC,1,2024-2025,2024,B,14MMS0607X,BGC,,,,1002,,,,451,,,,551,45.00998004,,154.837
13 Admisión 2024A 2 14MMS0608W BGC,2,2024-2025,2024,B,14MMS0608W,BGC,,,,1542,,,,630,,,,912,40.85603113,,151.641
13 Admisión 2024A 3 14MMS0609V BGC,3,2024-2025,2024,B,14MMS0609V,BGC,,,,1147,,,,480,,,,667,41.84829991,,156.121
13 Admisión 2024A 4 14MMS0610K BGC,4,2024-2025,2024,B,14MMS0610K,BGC,,,,772,,,,400,,,,372,51.8134715,,152.004
13 Admisión 2024A 5 14MMS0611J BGC,5,2024-2025,2024,B,14MMS0611J,BGC,,,,1346,,,,450,,,,896,33.43239227,,168.71
13 Admisión 2024A 6 14MMS0612I BGC,6,2024-2025,2024,B,14MMS0612I,BGC,,,,1856,,,,1000,,,,856,53.87931034,,144.681
13 Admisión 2024A 7 14MMS0613H BGC,7,2024-2025,2024,B,14MMS0613H,BGC,,,,2004,,,,1000,,,,1004,49.9001996,,149.363
13 Admisión 2024A 8 14MMS0647Y BGC,8,2024-2025,2024,B,14MMS0647Y,BGC,,,,1362,,,,600,,,,762,44.05286344,,148.764
13 Admisión 2024A 9 14MMS0762P BGC,9,2024-2025,2024,B,14MMS0762P,BGC,,,,91,,,,91,,,,0,100,,123.617
13 Admisión 2024A 10 14MMS0761Q BGC,10,2024-2025,2024,B,14MMS0761Q,BGC,,,,108,,,,108,,,,0,100,,116.628
13 Admisión 2024A 11 14MMS0648X BGC,11,2024-2025,2024,B,14MMS0648X,BGC,,,,1596,,,,600,,,,996,37.59398496,,161.629
13 Admisión 2024A 12 14MMS0649W BGC,12,2024-2025,2024,B,14MMS0649W,BGC,,,,1876,,,,720,,,,1156,38.37953092,,158.836
13 Admisión 2024A 13 14MMS0650L 3093100005,13,2024-2025,2024,B,14MMS0650L,3093100005,,,,177,,,,70,,,,107,39.5480226,,157.425
13 Admisión 2024A 14 14MMS0650L 3095300007,14,2024-2025,2024,B,14MMS0650L,3095300007,,,,140,,,,70,,,,70,50,,157.734
13 Admisión 2024A 15 14MMS0650L BGC,15,2024-2025,2024,B,14MMS0650L,BGC,,,,1235,,,,540,,,,695,43.72469636,,156.057
13 Admisión 2024A 16 14MMS0646Z BGC,16,2024-2025,2024,B,14MMS0646Z,BGC,,,,1046,,,,1046,,,,0,100,,110.249
13 Admisión 2024A 17 14MMS0615F BGC,17,2024-2025,2024,B,14MMS0615F,BGC,,,,1657,,,,450,,,,1207,27.15751358,,160.138
13 Admisión 2024A 18 14MMS0630Y BGC,18,2024-2025,2024,B,14MMS0630Y,BGC,,,,921,,,,360,,,,561,39.08794788,,152.735
13 Admisión 2024A 19 14MMS0641D BGC,19,2024-2025,2024,B,14MMS0641D,BGC,,,,171,,,,90,,,,81,52.63157895,,141.752
13 Admisión 2024A 20 14MMS0631X BGC,20,2024-2025,2024,B,14MMS0631X,BGC,,,,1245,,,,600,,,,645,48.19277108,,150.995
13 Admisión 2024A 21 14MMS0636S BGC,21,2024-2025,2024,B,14MMS0636S,BGC,,,,950,,,,540,,,,410,56.84210526,,138.519
13 Admisión 2024A 22 14MMS0752I 3061300004,22,2024-2025,2024,B,14MMS0752I,3061300004,,,,305,,,,110,,,,195,36.06557377,,152.73
13 Admisión 2024A 23 14MMS0752I 3073200001,23,2024-2025,2024,B,14MMS0752I,3073200001,,,,364,,,,110,,,,254,30.21978022,,150.776
13 Admisión 2024A 24 14MMS0752I BGC,24,2024-2025,2024,B,14MMS0752I,BGC,,,,1068,,,,550,,,,518,51.49812734,,147.24
13 Admisión 2024A 25 14MMS0753H BGC,25,2024-2025,2024,B,14MMS0753H,BGC,,,,1246,,,,500,,,,746,40.12841091,,149.478
13 Admisión 2024A 26 14MMS0757D BGC,26,2024-2025,2024,B,14MMS0757D,BGC,,,,1122,,,,450,,,,672,40.10695187,,152.466
13 Admisión 2024A 27 14MMS0756E BGC,27,2024-2025,2024,B,14MMS0756E,BGC,,,,954,,,,500,,,,454,52.41090147,,142.367
13 Admisión 2024A 28 14MMS0878P BGC,28,2024-2025,2024,B,14MMS0878P,BGC,,,,619,,,,350,,,,269,56.54281099,,140.967
13 Admisión 2024A 29 14MMS0844Z BGC,29,2024-2025,2024,B,14MMS0844Z,BGC,,,,1271,,,,540,,,,731,42.48623131,,148.637
13 Admisión 2024A 30 14MMS0776S 2072300001,30,2024-2025,2024,B,14MMS0776S,2072300001,,,,11,,,,0,,,,11,0,,0
13 Admisión 2024A 31 14MMS0776S 2072400003,31,2024-2025,2024,B,14MMS0776S,2072400003,,,,24,,,,24,,,,0,100,,122.686
13 Admisión 2024A 32 14MMS0776S 3071700002,32,2024-2025,2024,B,14MMS0776S,3071700002,,,,76,,,,40,,,,36,52.63157895,,150.938
13 Admisión 2024A 33 14MMS0776S 2071200002,33,2024-2025,2024,B,14MMS0776S,2071200002,,,,115,,,,80,,,,35,69.56521739,,143.873
13 Admisión 2024A 34 14MMS0776S 2071400003,34,2024-2025,2024,B,14MMS0776S,2071400003,,,,104,,,,80,,,,24,76.92307692,,146.143
13 Admisión 2024A 35 14MMS0776S 2071100002,35,2024-2025,2024,B,14MMS0776S,2071100002,,,,250,,,,160,,,,90,64,,139.437
13 Admisión 2024A 36 14MMS0776S 2072100002,36,2024-2025,2024,B,14MMS0776S,2072100002,,,,248,,,,160,,,,88,64.51612903,,145.674
13 Admisión 2024A 37 14MMS0776S 3073200001,37,2024-2025,2024,B,14MMS0776S,3073200001,,,,279,,,,135,,,,144,48.38709677,,153.188
13 Admisión 2024A 38 14MMS0776S 2062200013,38,2024-2025,2024,B,14MMS0776S,2062200013,,,,320,,,,180,,,,140,56.25,,151.2
13 Admisión 2024A 39 14MMS0799C 2062100003,39,2024-2025,2024,B,14MMS0799C,2062100003,,,,40,,,,40,,,,0,100,,122.343
13 Admisión 2024A 40 14MMS0799C 2072000001,40,2024-2025,2024,B,14MMS0799C,2072000001,,,,49,,,,40,,,,9,81.63265306,,138.021
13 Admisión 2024A 41 14MMS0799C 2071200011,41,2024-2025,2024,B,14MMS0799C,2071200011,,,,53,,,,30,,,,23,56.60377358,,148.265
13 Admisión 2024A 42 14MMS0799C 3041100005,42,2024-2025,2024,B,14MMS0799C,3041100005,,,,121,,,,70,,,,51,57.85123967,,147.709
13 Admisión 2024A 43 14MMS0799C 2051200001,43,2024-2025,2024,B,14MMS0799C,2051200001,,,,153,,,,80,,,,73,52.2875817,,152.854
13 Admisión 2024A 44 14MMS0799C 3042000001,44,2024-2025,2024,B,14MMS0799C,3042000001,,,,195,,,,80,,,,115,41.02564103,,158.359
13 Admisión 2024A 45 14MMS0799C 2062200007,45,2024-2025,2024,B,14MMS0799C,2062200007,,,,163,,,,80,,,,83,49.0797546,,156.153
13 Admisión 2024A 46 14MMS0645Z 3021700001,46,2024-2025,2024,B,14MMS0645Z,3021700001,,,,107,,,,80,,,,27,74.76635514,,131.976
13 Admisión 2024A 47 14MMS0645Z 3042100026,47,2024-2025,2024,B,14MMS0645Z,3042100026,,,,279,,,,100,,,,179,35.84229391,,153.901
13 Admisión 2024A 48 14MMS0645Z BGC,48,2024-2025,2024,B,14MMS0645Z,BGC,,,,1576,,,,590,,,,986,37.43654822,,153.579
13 Admisión 2024A 49 14MMS0623O BGC,49,2024-2025,2024,B,14MMS0623O,BGC,,,,1762,,,,600,,,,1162,34.05221339,,155.474
13 Admisión 2024A 50 14MMS0614G 3101600003,50,2024-2025,2024,B,14MMS0614G,3101600003,,,,201,,,,201,,,,0,100,,121.282
13 Admisión 2024A 51 14MMS0614G BGC,51,2024-2025,2024,B,14MMS0614G,BGC,,,,2152,,,,900,,,,1252,41.82156134,,156.799
13 Admisión 2024A 52 14MMS0640E BGC,52,2024-2025,2024,B,14MMS0640E,BGC,,,,310,,,,180,,,,130,58.06451613,,137.514
13 Admisión 2024A 53 14MMS0643B BGC,53,2024-2025,2024,B,14MMS0643B,BGC,,,,298,,,,200,,,,98,67.11409396,,138.42
13 Admisión 2024A 54 14MMS0727J BGC,54,2024-2025,2024,B,14MMS0727J,BGC,,,,46,,,,46,,,,0,100,,122.867
13 Admisión 2024A 55 14MMS0717C 3042000001,55,2024-2025,2024,B,14MMS0717C,3042000001,,,,38,,,,38,,,,0,100,,122.805
13 Admisión 2024A 56 14MMS0717C 3101600003,56,2024-2025,2024,B,14MMS0717C,3101600003,,,,37,,,,37,,,,0,100,,129.694
13 Admisión 2024A 57 14MMS0717C BGC,57,2024-2025,2024,B,14MMS0717C,BGC,,,,130,,,,130,,,,0,100,,121.289
13 Admisión 2024A 58 14MMS0741C BGC,58,2024-2025,2024,B,14MMS0741C,BGC,,,,75,,,,50,,,,25,66.66666667,,134.517
13 Admisión 2024A 59 14MMS0617D BGC,59,2024-2025,2024,B,14MMS0617D,BGC,,,,543,,,,360,,,,183,66.29834254,,143.6
13 Admisión 2024A 60 14MMS0662Q BGC,60,2024-2025,2024,B,14MMS0662Q,BGC,,,,94,,,,94,,,,0,100,,111.735
13 Admisión 2024A 61 14MMS0663P BGC,61,2024-2025,2024,B,14MMS0663P,BGC,,,,46,,,,46,,,,0,100,,123.702
13 Admisión 2024A 62 14MMS0664O BGC,62,2024-2025,2024,B,14MMS0664O,BGC,,,,51,,,,51,,,,0,100,,124.943
13 Admisión 2024A 63 14MMS0665N BGC,63,2024-2025,2024,B,14MMS0665N,BGC,,,,123,,,,123,,,,0,100,,116.972
13 Admisión 2024A 64 14MMS0619B BGC,64,2024-2025,2024,B,14MMS0619B,BGC,,,,515,,,,270,,,,245,52.42718447,,150.801
13 Admisión 2024A 65 14MMS0666M BGC,65,2024-2025,2024,B,14MMS0666M,BGC,,,,123,,,,123,,,,0,100,,117.768
13 Admisión 2024A 66 14MMS0667L BGC,66,2024-2025,2024,B,14MMS0667L,BGC,,,,117,,,,117,,,,0,100,,122.874
13 Admisión 2024A 67 14MMS0728I BGC,67,2024-2025,2024,B,14MMS0728I,BGC,,,,53,,,,53,,,,0,100,,123.682
13 Admisión 2024A 68 14MMS0618C BGC,68,2024-2025,2024,B,14MMS0618C,BGC,,,,558,,,,500,,,,58,89.60573477,,131.053
13 Admisión 2024A 69 14MMS0668K BGC,69,2024-2025,2024,B,14MMS0668K,BGC,,,,233,,,,190,,,,43,81.54506438,,135.306
13 Admisión 2024A 70 14MMS0747X BGC,70,2024-2025,2024,B,14MMS0747X,BGC,,,,215,,,,215,,,,0,100,,115.646
13 Admisión 2024A 71 14MMS0750K BGC,71,2024-2025,2024,B,14MMS0750K,BGC,,,,96,,,,96,,,,0,100,,120.429
13 Admisión 2024A 72 14MMS0621Q BGC,72,2024-2025,2024,B,14MMS0621Q,BGC,,,,683,,,,320,,,,363,46.85212299,,151.143
13 Admisión 2024A 73 14MMS0622P BGC,73,2024-2025,2024,B,14MMS0622P,BGC,,,,152,,,,152,,,,0,100,,119.813
13 Admisión 2024A 74 14MMS0732V BGC,74,2024-2025,2024,B,14MMS0732V,BGC,,,,70,,,,70,,,,0,100,,118.58
13 Admisión 2024A 75 14MMS0733U BGC,75,2024-2025,2024,B,14MMS0733U,BGC,,,,32,,,,32,,,,0,100,,118.151
13 Admisión 2024A 76 14MMS0674V BGC,76,2024-2025,2024,B,14MMS0674V,BGC,,,,62,,,,62,,,,0,100,,118.154
13 Admisión 2024A 77 14MMS0734T BGC,77,2024-2025,2024,B,14MMS0734T,BGC,,,,29,,,,29,,,,0,100,,114.935
13 Admisión 2024A 78 14MMS0675U BGC,78,2024-2025,2024,B,14MMS0675U,BGC,,,,45,,,,45,,,,0,100,,107.509
13 Admisión 2024A 79 14MMS0676T BGC,79,2024-2025,2024,B,14MMS0676T,BGC,,,,104,,,,104,,,,0,100,,120.355
13 Admisión 2024A 80 14MMS0735S BGC,80,2024-2025,2024,B,14MMS0735S,BGC,,,,39,,,,39,,,,0,100,,125.51
13 Admisión 2024A 81 14MMS0736R BGC,81,2024-2025,2024,B,14MMS0736R,BGC,,,,38,,,,38,,,,0,100,,120.09
13 Admisión 2024A 82 14MMS0737Q BGC,82,2024-2025,2024,B,14MMS0737Q,BGC,,,,33,,,,33,,,,0,100,,126.115
13 Admisión 2024A 83 14MMS0677S BGC,83,2024-2025,2024,B,14MMS0677S,BGC,,,,83,,,,83,,,,0,100,,114.972
13 Admisión 2024A 84 14MMS0651K 3101600003,84,2024-2025,2024,B,14MMS0651K,3101600003,,,,100,,,,50,,,,50,50,,142.119
13 Admisión 2024A 85 14MMS0651K BGC,85,2024-2025,2024,B,14MMS0651K,BGC,,,,453,,,,200,,,,253,44.15011038,,153.959
13 Admisión 2024A 86 14MMS0698E BGC,86,2024-2025,2024,B,14MMS0698E,BGC,,,,124,,,,124,,,,0,100,,119.482
13 Admisión 2024A 87 14MMS0624N BGC,87,2024-2025,2024,B,14MMS0624N,BGC,,,,227,,,,200,,,,27,88.10572687,,128.135
13 Admisión 2024A 88 14MMS0682D BGC,88,2024-2025,2024,B,14MMS0682D,BGC,,,,95,,,,70,,,,25,73.68421053,,135.665
13 Admisión 2024A 89 14MMS0683C BGC,89,2024-2025,2024,B,14MMS0683C,BGC,,,,125,,,,100,,,,25,80,,132.964
13 Admisión 2024A 90 14MMS0626L BGC,90,2024-2025,2024,B,14MMS0626L,BGC,,,,819,,,,440,,,,379,53.72405372,,146.571
13 Admisión 2024A 91 14MMS0758C BGC,91,2024-2025,2024,B,14MMS0758C,BGC,,,,69,,,,69,,,,0,100,,117.702
13 Admisión 2024A 92 14MMS0680F BGC,92,2024-2025,2024,B,14MMS0680F,BGC,,,,86,,,,86,,,,0,100,,113.131
13 Admisión 2024A 93 14MMS0681E BGC,93,2024-2025,2024,B,14MMS0681E,BGC,,,,102,,,,102,,,,0,100,,118.942
13 Admisión 2024A 94 14MMS0707W BGC,94,2024-2025,2024,B,14MMS0707W,BGC,,,,323,,,,323,,,,0,100,,112.637
13 Admisión 2024A 95 14MMS0625M BGC,95,2024-2025,2024,B,14MMS0625M,BGC,,,,233,,,,233,,,,0,100,,114.834
13 Admisión 2024A 96 14MMS0738P BGC,96,2024-2025,2024,B,14MMS0738P,BGC,,,,36,,,,36,,,,0,100,,123.273
13 Admisión 2024A 97 14MMS0684B BGC,97,2024-2025,2024,B,14MMS0684B,BGC,,,,46,,,,46,,,,0,100,,114.784
13 Admisión 2024A 98 14MMS0687Z BGC,98,2024-2025,2024,B,14MMS0687Z,BGC,,,,33,,,,33,,,,0,100,,122.833
13 Admisión 2024A 99 14MMS0688Y BGC,99,2024-2025,2024,B,14MMS0688Y,BGC,,,,63,,,,63,,,,0,100,,113.931
13 Admisión 2024A 100 14MMS0652J BGC,100,2024-2025,2024,B,14MMS0652J,BGC,,,,223,,,,160,,,,63,71.74887892,,141.69
13 Admisión 2024A 101 14MMS0718B 3042000001,101,2024-2025,2024,B,14MMS0718B,3042000001,,,,23,,,,23,,,,0,100,,117.857
13 Admisión 2024A 102 14MMS0718B 3101600003,102,2024-2025,2024,B,14MMS0718B,3101600003,,,,76,,,,76,,,,0,100,,121.869
13 Admisión 2024A 103 14MMS0718B BGC,103,2024-2025,2024,B,14MMS0718B,BGC,,,,126,,,,126,,,,0,100,,114.482
13 Admisión 2024A 104 14MMS0637R BGC,104,2024-2025,2024,B,14MMS0637R,BGC,,,,293,,,,293,,,,0,100,,113.392
13 Admisión 2024A 105 14MMS0760R BGC,105,2024-2025,2024,B,14MMS0760R,BGC,,,,29,,,,29,,,,0,100,,129.274
13 Admisión 2024A 106 14MMS0671Y BGC,106,2024-2025,2024,B,14MMS0671Y,BGC,,,,66,,,,66,,,,0,100,,118.873
13 Admisión 2024A 107 14MMS0673W BGC,107,2024-2025,2024,B,14MMS0673W,BGC,,,,107,,,,107,,,,0,100,,115.637
13 Admisión 2024A 108 14MMS0731W BGC,108,2024-2025,2024,B,14MMS0731W,BGC,,,,65,,,,65,,,,0,100,,109.352
13 Admisión 2024A 109 14MMS0654H BGC,109,2024-2025,2024,B,14MMS0654H,BGC,,,,877,,,,300,,,,577,34.20752566,,158.391
13 Admisión 2024A 110 14MMS0879O BGC,110,2024-2025,2024,B,14MMS0879O,BGC,,,,95,,,,70,,,,25,73.68421053,,138.469
13 Admisión 2024A 111 14MMS0616E 2071100002,111,2024-2025,2024,B,14MMS0616E,2071100002,,,,65,,,,65,,,,0,100,,114.899
13 Admisión 2024A 112 14MMS0616E 2071400001,112,2024-2025,2024,B,14MMS0616E,2071400001,,,,99,,,,80,,,,19,80.80808081,,136.282
13 Admisión 2024A 113 14MMS0616E 3081100003,113,2024-2025,2024,B,14MMS0616E,3081100003,,,,236,,,,180,,,,56,76.27118644,,131.102
13 Admisión 2024A 114 14MMS0616E BGC,114,2024-2025,2024,B,14MMS0616E,BGC,,,,268,,,,240,,,,28,89.55223881,,128.371
13 Admisión 2024A 115 14MMS0616E 2092100004,115,2024-2025,2024,B,14MMS0616E,2092100004,,,,231,,,,200,,,,31,86.58008658,,132.895
13 Admisión 2024A 116 14MMS0639P BGC,116,2024-2025,2024,B,14MMS0639P,BGC,,,,216,,,,160,,,,56,74.07407407,,140.685
13 Admisión 2024A 117 14MMS0827I BGC,117,2024-2025,2024,B,14MMS0827I,BGC,,,,104,,,,104,,,,0,100,,118.477
13 Admisión 2024A 118 14MMS0699D 3081100003,118,2024-2025,2024,B,14MMS0699D,3081100003,,,,67,,,,45,,,,22,67.1641791,,136.564
13 Admisión 2024A 119 14MMS0699D BGC,119,2024-2025,2024,B,14MMS0699D,BGC,,,,73,,,,73,,,,0,100,,121.33
13 Admisión 2024A 120 14MMS0748W BGC,120,2024-2025,2024,B,14MMS0748W,BGC,,,,65,,,,65,,,,0,100,,126.184
13 Admisión 2024A 121 14MMS0748W 3081100003,121,2024-2025,2024,B,14MMS0748W,3081100003,,,,60,,,,60,,,,0,100,,113.032
13 Admisión 2024A 122 14MMS0642C BGC,122,2024-2025,2024,B,14MMS0642C,BGC,,,,232,,,,160,,,,72,68.96551724,,143.322
13 Admisión 2024A 123 14MMS0726K BGC,123,2024-2025,2024,B,14MMS0726K,BGC,,,,42,,,,42,,,,0,100,,122.98
13 Admisión 2024A 124 14MMS0661R BGC,124,2024-2025,2024,B,14MMS0661R,BGC,,,,60,,,,60,,,,0,100,,115.605
13 Admisión 2024A 125 14MMS0685A BGC,125,2024-2025,2024,B,14MMS0685A,BGC,,,,119,,,,119,,,,0,100,,115.535
13 Admisión 2024A 126 14MMS0686Z BGC,126,2024-2025,2024,B,14MMS0686Z,BGC,,,,79,,,,79,,,,0,100,,112.277
13 Admisión 2024A 127 14MMS0798D BGC,127,2024-2025,2024,B,14MMS0798D,BGC,,,,348,,,,180,,,,168,51.72413793,,144.306
13 Admisión 2024A 128 14MMS0705Y BGC,128,2024-2025,2024,B,14MMS0705Y,BGC,,,,280,,,,200,,,,80,71.42857143,,145.446
13 Admisión 2024A 129 14MMS0693J BGC,129,2024-2025,2024,B,14MMS0693J,BGC,,,,237,,,,160,,,,77,67.51054852,,138.959
13 Admisión 2024A 130 14MMS0653I BGC,130,2024-2025,2024,B,14MMS0653I,BGC,,,,406,,,,406,,,,0,100,,111.55
13 Admisión 2024A 131 14MMS0678R BGC,131,2024-2025,2024,B,14MMS0678R,BGC,,,,99,,,,99,,,,0,100,,116.853
13 Admisión 2024A 132 14MMS0691L BGC,132,2024-2025,2024,B,14MMS0691L,BGC,,,,88,,,,88,,,,0,100,,112.809
13 Admisión 2024A 133 14MMS0692K BGC,133,2024-2025,2024,B,14MMS0692K,BGC,,,,85,,,,85,,,,0,100,,120.07
13 Admisión 2024A 134 14MMS0635T BGC,134,2024-2025,2024,B,14MMS0635T,BGC,,,,517,,,,270,,,,247,52.22437137,,151.159
13 Admisión 2024A 135 14MMS0628J BGC,135,2024-2025,2024,B,14MMS0628J,BGC,,,,589,,,,589,,,,0,100,,114.886
13 Admisión 2024A 136 14MMS0764N BGC,136,2024-2025,2024,B,14MMS0764N,BGC,,,,62,,,,62,,,,0,100,,115.38
13 Admisión 2024A 137 14MMS0697F BGC,137,2024-2025,2024,B,14MMS0697F,BGC,,,,95,,,,95,,,,0,100,,123.992
13 Admisión 2024A 138 14MMS0694I BGC,138,2024-2025,2024,B,14MMS0694I,BGC,,,,75,,,,75,,,,0,100,,114.503
13 Admisión 2024A 139 14MMS0695H BGC,139,2024-2025,2024,B,14MMS0695H,BGC,,,,146,,,,146,,,,0,100,,113.049
13 Admisión 2024A 140 14MMS0696G BGC,140,2024-2025,2024,B,14MMS0696G,BGC,,,,216,,,,216,,,,0,100,,117.629
13 Admisión 2024A 141 14MMS0722O BGC,141,2024-2025,2024,B,14MMS0722O,BGC,,,,195,,,,195,,,,0,100,,109.184
13 Admisión 2024A 142 14MMS0634U BGC,142,2024-2025,2024,B,14MMS0634U,BGC,,,,1095,,,,700,,,,395,63.92694064,,151.273
13 Admisión 2024A 143 14MMS0700C BGC,143,2024-2025,2024,B,14MMS0700C,BGC,,,,96,,,,96,,,,0,100,,117.331
13 Admisión 2024A 144 14MMS0701B BGC,144,2024-2025,2024,B,14MMS0701B,BGC,,,,328,,,,328,,,,0,100,,113.192
13 Admisión 2024A 145 14MMS0702A BGC,145,2024-2025,2024,B,14MMS0702A,BGC,,,,65,,,,65,,,,0,100,,117.726
13 Admisión 2024A 146 14MMS0703Z BGC,146,2024-2025,2024,B,14MMS0703Z,BGC,,,,91,,,,91,,,,0,100,,113.384
13 Admisión 2024A 147 14MMS0704Z BGC,147,2024-2025,2024,B,14MMS0704Z,BGC,,,,55,,,,55,,,,0,100,,117.865
13 Admisión 2024A 148 14MMS0818A BGC,148,2024-2025,2024,B,14MMS0818A,BGC,,,,1967,,,,700,,,,1267,35.58718861,,158.913
13 Admisión 2024A 149 14MMS0629I BGC,149,2024-2025,2024,B,14MMS0629I,BGC,,,,619,,,,619,,,,0,100,,112.821
13 Admisión 2024A 150 14MMS0769I BGC,150,2024-2025,2024,B,14MMS0769I,BGC,,,,136,,,,136,,,,0,100,,109.666
13 Admisión 2024A 151 14MMS0644A BGC,151,2024-2025,2024,B,14MMS0644A,BGC,,,,266,,,,266,,,,0,100,,115.257
13 Admisión 2024A 152 14MMS0739O BGC,152,2024-2025,2024,B,14MMS0739O,BGC,,,,84,,,,84,,,,0,100,,113.266
13 Admisión 2024A 153 14MMS0706X BGC,153,2024-2025,2024,B,14MMS0706X,BGC,,,,294,,,,294,,,,0,100,,119.911
13 Admisión 2024A 154 14MMS0714F BGC,154,2024-2025,2024,B,14MMS0714F,BGC,,,,170,,,,170,,,,0,100,,129.996
13 Admisión 2024A 155 14MMS0759B BGC,155,2024-2025,2024,B,14MMS0759B,BGC,,,,1753,,,,600,,,,1153,34.22703936,,157.069
13 Admisión 2024A 156 14MMS0627K BGC,156,2024-2025,2024,B,14MMS0627K,BGC,,,,174,,,,174,,,,0,100,,113.144
13 Admisión 2024A 157 14MMS0754G BGC,157,2024-2025,2024,B,14MMS0754G,BGC,,,,103,,,,103,,,,0,100,,120.372
13 Admisión 2024A 158 14MMS0709U BGC,158,2024-2025,2024,B,14MMS0709U,BGC,,,,189,,,,140,,,,49,74.07407407,,137.359
13 Admisión 2024A 159 14MMS0710J BGC,159,2024-2025,2024,B,14MMS0710J,BGC,,,,210,,,,175,,,,35,83.33333333,,128.017
13 Admisión 2024A 160 14MMS0832U BGC,160,2024-2025,2024,B,14MMS0832U,BGC,,,,99,,,,99,,,,0,100,,114.485
13 Admisión 2024A 161 14MMS0655G BGC,161,2024-2025,2024,B,14MMS0655G,BGC,,,,570,,,,570,,,,0,100,,113.277
13 Admisión 2024A 162 14MMS0771X BGC,162,2024-2025,2024,B,14MMS0771X,BGC,,,,149,,,,149,,,,0,100,,118.642
13 Admisión 2024A 163 14MMS0620R BGC,163,2024-2025,2024,B,14MMS0620R,BGC,,,,172,,,,172,,,,0,100,,120.911
13 Admisión 2024A 164 14MMS0766L BGC,164,2024-2025,2024,B,14MMS0766L,BGC,,,,28,,,,28,,,,0,100,,124.515
13 Admisión 2024A 165 14MMS0690M BGC,165,2024-2025,2024,B,14MMS0690M,BGC,,,,36,,,,36,,,,0,100,,125.209
13 Admisión 2024A 166 14MMS0689X BGC,166,2024-2025,2024,B,14MMS0689X,BGC,,,,51,,,,51,,,,0,100,,121.192
13 Admisión 2024A 167 14MMS0770Y BGC,167,2024-2025,2024,B,14MMS0770Y,BGC,,,,23,,,,23,,,,0,100,,119.65
13 Admisión 2024A 168 14MMS0740D BGC,168,2024-2025,2024,B,14MMS0740D,BGC,,,,39,,,,39,,,,0,100,,117.434
13 Admisión 2024A 169 14MMS0656F BGC,169,2024-2025,2024,B,14MMS0656F,BGC,,,,164,,,,120,,,,44,73.17073171,,143.4
13 Admisión 2024A 170 14MMS0768J BGC,170,2024-2025,2024,B,14MMS0768J,BGC,,,,74,,,,74,,,,0,100,,120.902
13 Admisión 2024A 171 14MMS0711I BGC,171,2024-2025,2024,B,14MMS0711I,BGC,,,,79,,,,40,,,,39,50.63291139,,146.162
13 Admisión 2024A 172 14MMS0730X BGC,172,2024-2025,2024,B,14MMS0730X,BGC,,,,43,,,,43,,,,0,100,,120.756
13 Admisión 2024A 173 14MMS0670Z BGC,173,2024-2025,2024,B,14MMS0670Z,BGC,,,,65,,,,65,,,,0,100,,122.228
13 Admisión 2024A 174 14MMS0632W 3042100026,174,2024-2025,2024,B,14MMS0632W,3042100026,,,,54,,,,54,,,,0,100,,119.201
13 Admisión 2024A 175 14MMS0632W BGC,175,2024-2025,2024,B,14MMS0632W,BGC,,,,825,,,,550,,,,275,66.66666667,,147.885
13 Admisión 2024A 176 14MMS0713G BGC,176,2024-2025,2024,B,14MMS0713G,BGC,,,,205,,,,120,,,,85,58.53658537,,149.93
13 Admisión 2024A 177 14MMS0763O BGC,177,2024-2025,2024,B,14MMS0763O,BGC,,,,34,,,,34,,,,0,100,,118.698
13 Admisión 2024A 178 14MMS0715E BGC,178,2024-2025,2024,B,14MMS0715E,BGC,,,,108,,,,108,,,,0,100,,123.09
13 Admisión 2024A 179 14MMS0716D BGC,179,2024-2025,2024,B,14MMS0716D,BGC,,,,111,,,,111,,,,0,100,,121.408
13 Admisión 2024A 180 14MMS0660S 3042000001,180,2024-2025,2024,B,14MMS0660S,3042000001,,,,34,,,,34,,,,0,100,,131.233
13 Admisión 2024A 181 14MMS0660S 3101600003,181,2024-2025,2024,B,14MMS0660S,3101600003,,,,22,,,,22,,,,0,100,,124.062
13 Admisión 2024A 182 14MMS0660S BGC,182,2024-2025,2024,B,14MMS0660S,BGC,,,,203,,,,203,,,,0,100,,114.204
13 Admisión 2024A 183 14MMS0719A BGC,183,2024-2025,2024,B,14MMS0719A,BGC,,,,78,,,,78,,,,0,100,,113.629
13 Admisión 2024A 184 14MMS0742B BGC,184,2024-2025,2024,B,14MMS0742B,BGC,,,,30,,,,30,,,,0,100,,117.201
13 Admisión 2024A 185 14MMS0720Q BGC,185,2024-2025,2024,B,14MMS0720Q,BGC,,,,125,,,,125,,,,0,100,,121.686
13 Admisión 2024A 186 14MMS0743A BGC,186,2024-2025,2024,B,14MMS0743A,BGC,,,,29,,,,29,,,,0,100,,117.424
13 Admisión 2024A 187 14MMS0657E BGC,187,2024-2025,2024,B,14MMS0657E,BGC,,,,1533,,,,600,,,,933,39.13894325,,153.657
13 Admisión 2024A 188 14MMS0721P BGC,188,2024-2025,2024,B,14MMS0721P,BGC,,,,399,,,,185,,,,214,46.36591479,,148.07
13 Admisión 2024A 189 14MMS0817B BGC,189,2024-2025,2024,B,14MMS0817B,BGC,,,,146,,,,146,,,,0,100,,118.645
13 Admisión 2024A 190 14MMS0744Z BGC,190,2024-2025,2024,B,14MMS0744Z,BGC,,,,264,,,,200,,,,64,75.75757576,,134.466
13 Admisión 2024A 191 14MMS0773V BGC,191,2024-2025,2024,B,14MMS0773V,BGC,,,,557,,,,400,,,,157,71.81328546,,136.114
13 Admisión 2024A 192 14MMS0633V BGC,192,2024-2025,2024,B,14MMS0633V,BGC,,,,261,,,,261,,,,0,100,,113.396
13 Admisión 2024A 193 14MMS0772W BGC,193,2024-2025,2024,B,14MMS0772W,BGC,,,,54,,,,54,,,,0,100,,123.142
13 Admisión 2024A 194 14MMS0679Q BGC,194,2024-2025,2024,B,14MMS0679Q,BGC,,,,156,,,,156,,,,0,100,,119.192
13 Admisión 2024A 195 14MMS0723N BGC,195,2024-2025,2024,B,14MMS0723N,BGC,,,,53,,,,53,,,,0,100,,118.878
13 Admisión 2024A 196 14MMS0712H BGC,196,2024-2025,2024,B,14MMS0712H,BGC,,,,151,,,,151,,,,0,100,,117.587
13 Admisión 2024A 197 14MMS0669J BGC,197,2024-2025,2024,B,14MMS0669J,BGC,,,,95,,,,95,,,,0,100,,117.012
13 Admisión 2024A 198 14MMS0672X BGC,198,2024-2025,2024,B,14MMS0672X,BGC,,,,21,,,,21,,,,0,100,,111.176
13 Admisión 2024A 199 14MMS0708V BGC,199,2024-2025,2024,B,14MMS0708V,BGC,,,,192,,,,192,,,,0,100,,117
13 Admisión 2024A 200 14MMS0767K BGC,200,2024-2025,2024,B,14MMS0767K,BGC,,,,311,,,,220,,,,91,70.73954984,,137.449
13 Admisión 2024A 201 14MMS0830W 3021600008,201,2024-2025,2024,B,14MMS0830W,3021600008,,,,25,,,,24,,,,1,96,,69
13 Admisión 2024A 202 14MMS0830W 3081100019,202,2024-2025,2024,B,14MMS0830W,3081100019,,,,28,,,,28,,,,0,100,,71
13 Admisión 2024A 203 14MMS0751J 3081100019,203,2024-2025,2024,B,14MMS0751J,3081100019,,,,31,,,,31,,,,0,100,,74
13 Admisión 2024A 204 14MMS0751J 3021600008,204,2024-2025,2024,B,14MMS0751J,3021600008,,,,39,,,,39,,,,0,100,,69
13 Admisión 2024A 205 14MMS0659C 3042100026,205,2024-2025,2024,B,14MMS0659C,3042100026,,,,64,,,,64,,,,0,100,,117.528
13 Admisión 2024A 206 14MMS0659C BGC,206,2024-2025,2024,B,14MMS0659C,BGC,,,,268,,,,180,,,,88,67.1641791,,143.86
13 Admisión 2024A 207 14MMS0755F BGC,207,2024-2025,2024,B,14MMS0755F,BGC,,,,33,,,,33,,,,0,100,,123.964
13 Admisión 2024A 208 14MMS0745Z BGC,208,2024-2025,2024,B,14MMS0745Z,BGC,,,,38,,,,38,,,,0,100,,116.209
13 Admisión 2024A 209 14MMS0746Y BGC,209,2024-2025,2024,B,14MMS0746Y,BGC,,,,113,,,,45,,,,68,39.82300885,,148.297
13 Admisión 2024A 210 14MMS0724M BGC,210,2024-2025,2024,B,14MMS0724M,BGC,,,,99,,,,99,,,,0,100,,116.691
13 Admisión 2024A 211 14MMS0638Q BGC,211,2024-2025,2024,B,14MMS0638Q,BGC,,,,279,,,,260,,,,19,93.18996416,,127.331
13 Admisión 2024A 212 14MMS0658D BGC,212,2024-2025,2024,B,14MMS0658D,BGC,,,,495,,,,360,,,,135,72.72727273,,143.257
13 Admisión 2024A 213 14MMS0725L BGC,213,2024-2025,2024,B,14MMS0725L,BGC,,,,46,,,,46,,,,0,100,,118.209
13 Admisión 2024A 214 14MMS0912F BGC,214,2024-2025,2024,B,14MMS0912F,BGC,,,,795,,,,700,,,,95,88.05031447,,134.926
13 Admisión 2024A 215 14MMS0607X BGAI,215,2024-2025,2024,B,14MMS0607X,BGAI,,,,87,,,,84,,,,3,96.55172414,,
13 Admisión 2024A 216 14USU0140A 5073100009,216,2024-2025,2024,B,14USU0140A,5073100009,,,,1061,,,,220,,,,841,20.73515551,220,160.4333
13 Admisión 2024A 217 14USU0140A 5021000110,217,2024-2025,2024,B,14USU0140A,5021000110,,,,368,,,,40,,,,328,10.86956522,40,176.2933
13 Admisión 2024A 218 14USU0140A 5021600017,218,2024-2025,2024,B,14USU0140A,5021600017,,,,268,,,,60,,,,208,22.3880597,60,153.5667
13 Admisión 2024A 219 14USU0140A 5021600024,219,2024-2025,2024,B,14USU0140A,5021600024,,,,42,,,,40,,,,2,95.23809524,40,116.6233
13 Admisión 2024A 220 14USU0140A 5071100019,220,2024-2025,2024,B,14USU0140A,5071100019,,,,454,,,,80,,,,374,17.62114537,80,159.03
13 Admisión 2024A 221 14USU0140A 5021500044,221,2024-2025,2024,B,14USU0140A,5021500044,,,,437,,,,180,,,,257,41.18993135,180,139.1867
13 Admisión 2024A 222 14USU0140A 5073100024,222,2024-2025,2024,B,14USU0140A,5073100024,,,,38,,,,38,,,,0,100,38,103.71
13 Admisión 2024A 223 14USU0006V 5021300063,223,2024-2025,2024,B,14USU0006V,5021300063,,,,2,,,,2,,,,0,100,5,112.87
13 Admisión 2024A 224 14USU0006V 5021300063,224,2024-2025,2024,B,14USU0006V,5021300063,,,,7,,,,7,,,,0,100,15,116.8333
13 Admisión 2024A 225 14USU0006V 5021300063,225,2024-2025,2024,B,14USU0006V,5021300063,,,,3,,,,3,,,,0,100,5,112.0267
13 Admisión 2024A 226 14USU0006V 5021300063,226,2024-2025,2024,B,14USU0006V,5021300063,,,,18,,,,18,,,,0,100,35,113.4967
13 Admisión 2024A 227 14USU0006V 5021300063,227,2024-2025,2024,B,14USU0006V,5021300063,,,,6,,,,6,,,,0,100,15,127.6667
13 Admisión 2024A 228 14USU0006V 2021300033,228,2024-2025,2024,B,14USU0006V,2021300033,,,,137,,,,137,,,,0,100,150,124.914
13 Admisión 2024A 229 14USU0005W 5021200054,229,2024-2025,2024,B,14USU0005W,5021200054,,,,39,,,,35,,,,4,89.74358974,35,112.7133
13 Admisión 2024A 230 14USU0005W 5021200055,230,2024-2025,2024,B,14USU0005W,5021200055,,,,23,,,,23,,,,0,100,25,103.9167
13 Admisión 2024A 231 14USU0005W 5021000114,231,2024-2025,2024,B,14USU0005W,5021000114,,,,54,,,,54,,,,0,100,60,98
13 Admisión 2024A 232 14USU0005W 5021700002,232,2024-2025,2024,B,14USU0005W,5021700002,,,,59,,,,59,,,,0,100,60,105.54
13 Admisión 2024A 233 14USU0130U 5081300016,233,2024-2025,2024,B,14USU0130U,5081300016,,,,670,,,,260,,,,410,38.80597015,260,126
13 Admisión 2024A 234 14USU0130U 5041100021,234,2024-2025,2024,B,14USU0130U,5041100021,,,,48,,,,48,,,,0,100,55,85.5433
13 Admisión 2024A 235 14USU0130U 5051100003,235,2024-2025,2024,B,14USU0130U,5051100003,,,,229,,,,229,,,,0,100,260,92.55
13 Admisión 2024A 236 14USU0130U 5072100018,236,2024-2025,2024,B,14USU0130U,5072100018,,,,25,,,,25,,,,0,100,55,102.8333
13 Admisión 2024A 237 14USU0130U 5082100001,237,2024-2025,2024,B,14USU0130U,5082100001,,,,1045,,,,270,,,,775,25.83732057,270,140.5467
13 Admisión 2024A 238 14USU0120N 5041100009,238,2024-2025,2024,B,14USU0120N,5041100009,,,,205,,,,138,,,,67,67.31707317,138,126.9133
13 Admisión 2024A 239 14USU0120N 5042000002,239,2024-2025,2024,B,14USU0120N,5042000002,,,,585,,,,430,,,,155,73.5042735,430,117.24
13 Admisión 2024A 240 14USU0120N 5041300007,240,2024-2025,2024,B,14USU0120N,5041300007,,,,684,,,,310,,,,374,45.32163743,310,144.7967
13 Admisión 2024A 241 14USU0120N 5042300027,241,2024-2025,2024,B,14USU0120N,5042300027,,,,53,,,,53,,,,0,100,55,86.0967
13 Admisión 2024A 242 14USU0120N 5041400032,242,2024-2025,2024,B,14USU0120N,5041400032,,,,884,,,,487,,,,397,55.09049774,487,130.65
13 Admisión 2024A 243 14USU0120N 5031400003,243,2024-2025,2024,B,14USU0120N,5031400003,,,,109,,,,90,,,,19,82.56880734,90,117.08
13 Admisión 2024A 244 14USU0120N 5041100127,244,2024-2025,2024,B,14USU0120N,5041100127,,,,380,,,,137,,,,243,36.05263158,137,141.2533
13 Admisión 2024A 245 14USU0120N 5051300020,245,2024-2025,2024,B,14USU0120N,5051300020,,,,27,,,,27,,,,0,100,50,94.7933
13 Admisión 2024A 246 14USU0120N 5041200028,246,2024-2025,2024,B,14USU0120N,5041200028,,,,592,,,,342,,,,250,57.77027027,342,125.3433
13 Admisión 2024A 247 14USU0120N 5041100056,247,2024-2025,2024,B,14USU0120N,5041100056,,,,1125,,,,471,,,,654,41.86666667,471,137.74
13 Admisión 2024A 248 14USU0120N 5042100117,248,2024-2025,2024,B,14USU0120N,5042100117,,,,202,,,,169,,,,33,83.66336634,169,108.1367
13 Admisión 2024A 249 14USU0120N 5032100065,249,2024-2025,2024,B,14USU0120N,5032100065,,,,181,,,,104,,,,77,57.45856354,104,126.4167
13 Admisión 2024A 250 14USU0120N 5062200082,250,2024-2025,2024,B,14USU0120N,5062200082,,,,141,,,,114,,,,27,80.85106383,114,117.0833
13 Admisión 2024A 251 14USU0120N 5101600013,251,2024-2025,2024,B,14USU0120N,5101600013,,,,199,,,,178,,,,21,89.44723618,178,106.9167
13 Admisión 2024A 252 14USU0120N 4062200010,252,2024-2025,2024,B,14USU0120N,4062200010,,,,21,,,,21,,,,0,100,21,108.8733
13 Admisión 2024A 253 CUTLAQUEPAQUE 5041100009,253,2024-2025,2024,B,CUTLAQUEPAQUE,5041100009,,,,35,,,,35,,,,0,100,40,81.44
13 Admisión 2024A 254 CUTLAQUEPAQUE 5101600013,254,2024-2025,2024,B,CUTLAQUEPAQUE,5101600013,,,,36,,,,36,,,,0,100,40,93.5033
13 Admisión 2024A 255 14USU0120N 5041200075,255,2024-2025,2024,B,14USU0120N,5041200075,,,,198,,,,177,,,,21,89.39393939,191,60
13 Admisión 2024A 256 14USU0110G 5071000020,256,2024-2025,2024,B,14USU0110G,5071000020,,,,401,,,,110,,,,291,27.43142145,110,167.3333
13 Admisión 2024A 257 14USU0110G 5073200005,257,2024-2025,2024,B,14USU0110G,5073200005,,,,617,,,,140,,,,477,22.6904376,140,158.18
13 Admisión 2024A 258 14USU0110G 5061000002,258,2024-2025,2024,B,14USU0110G,5061000002,,,,731,,,,340,,,,391,46.51162791,340,144.5833
13 Admisión 2024A 259 14USU0110G 5062100009,259,2024-2025,2024,B,14USU0110G,5062100009,,,,194,,,,90,,,,104,46.39175258,130,140.25
13 Admisión 2024A 260 14USU0110G 5102100004,260,2024-2025,2024,B,14USU0110G,5102100004,,,,74,,,,46,,,,28,62.16216216,60,125.4867
13 Admisión 2024A 261 14USU0110G 5073200035,261,2024-2025,2024,B,14USU0110G,5073200035,,,,49,,,,30,,,,19,61.2244898,54,126.5833
13 Admisión 2024A 262 14USU0110G 5071200034,262,2024-2025,2024,B,14USU0110G,5071200034,,,,35,,,,24,,,,11,68.57142857,35,135.12
13 Admisión 2024A 263 14USU0110G 5071700019,263,2024-2025,2024,B,14USU0110G,5071700019,,,,676,,,,220,,,,456,32.5443787,220,148.2567
13 Admisión 2024A 264 14USU0110G 5062200055,264,2024-2025,2024,B,14USU0110G,5062200055,,,,614,,,,280,,,,334,45.60260586,280,143.08
13 Admisión 2024A 265 14USU0110G 5071300009,265,2024-2025,2024,B,14USU0110G,5071300009,,,,619,,,,210,,,,409,33.92568659,210,146.45
13 Admisión 2024A 266 14USU0110G 5071400015,266,2024-2025,2024,B,14USU0110G,5071400015,,,,256,,,,170,,,,86,66.40625,170,135.5
13 Admisión 2024A 267 14USU0110G 5071300082,267,2024-2025,2024,B,14USU0110G,5071300082,,,,283,,,,100,,,,183,35.33568905,100,153.6833
13 Admisión 2024A 268 14USU0110G 5052200017,268,2024-2025,2024,B,14USU0110G,5052200017,,,,16,,,,8,,,,8,50,20,145.5333
13 Admisión 2024A 269 14USU0110G 5052100005,269,2024-2025,2024,B,14USU0110G,5052100005,,,,106,,,,82,,,,24,77.35849057,90,140.1133
13 Admisión 2024A 270 14USU0110G 5072100033,270,2024-2025,2024,B,14USU0110G,5072100033,,,,201,,,,80,,,,121,39.80099502,80,146.8933
13 Admisión 2024A 271 14USU0110G 5053100004,271,2024-2025,2024,B,14USU0110G,5053100004,,,,58,,,,38,,,,20,65.51724138,60,144.8933
13 Admisión 2024A 272 14USU0110G 5052200007,272,2024-2025,2024,B,14USU0110G,5052200007,,,,101,,,,67,,,,34,66.33663366,95,125.1833
13 Admisión 2024A 273 14USU0110G 5095400006,273,2024-2025,2024,B,14USU0110G,5095400006,,,,664,,,,195,,,,469,29.36746988,195,156.0233
13 Admisión 2024A 274 14USU0110G 4072000010,274,2024-2025,2024,B,14USU0110G,4072000010,,,,4,,,,4,,,,0,100,4,106.5833
13 Admisión 2024A 275 CUTLAQUEPAQUE 4061300006,275,2024-2025,2024,B,CUTLAQUEPAQUE,4061300006,,,,34,,,,34,,,,0,100,34,102.5
13 Admisión 2024A 276 CUTLAQUEPAQUE 5071700019,276,2024-2025,2024,B,CUTLAQUEPAQUE,5071700019,,,,69,,,,40,,,,29,57.97101449,40,126.5
13 Admisión 2024A 277 CUTLAQUEPAQUE 5062200055,277,2024-2025,2024,B,CUTLAQUEPAQUE,5062200055,,,,73,,,,40,,,,33,54.79452055,40,123.8333
13 Admisión 2024A 278 14USU0110G 5061000015,278,2024-2025,2024,B,14USU0110G,5061000015,,,,156,,,,149,,,,7,95.51282051,162,60
13 Admisión 2024A 279 14USU0110G 5062200105,279,2024-2025,2024,B,14USU0110G,5062200105,,,,109,,,,102,,,,7,93.57798165,109,60
13 Admisión 2024A 280 14USU0230T 5033200024,280,2024-2025,2024,B,14USU0230T,5033200024,,,,139,,,,37,,,,102,26.61870504,37,138.13
13 Admisión 2024A 281 14USU0230T 5093100002,281,2024-2025,2024,B,14USU0230T,5093100002,,,,1601,,,,156,,,,1445,9.743910056,156,166.7667
13 Admisión 2024A 282 14USU0230T 5101100015,282,2024-2025,2024,B,14USU0230T,5101100015,,,,481,,,,186,,,,295,38.66943867,186,126.94
13 Admisión 2024A 283 14USU0230T 5092100006,283,2024-2025,2024,B,14USU0230T,5092100006,,,,955,,,,360,,,,595,37.69633508,360,130.3633
13 Admisión 2024A 284 14USU0230T 5092100006,284,2024-2025,2024,B,14USU0230T,5092100006,,,,72,,,,72,,,,0,100,72,74
13 Admisión 2024A 285 14USU0230T 5094200006,285,2024-2025,2024,B,14USU0230T,5094200006,,,,568,,,,124,,,,444,21.83098592,124,150.0767
13 Admisión 2024A 286 14USU0230T 5094300009,286,2024-2025,2024,B,14USU0230T,5094300009,,,,110,,,,34,,,,76,30.90909091,34,133.1667
13 Admisión 2024A 287 14USU0230T 5031100007,287,2024-2025,2024,B,14USU0230T,5031100007,,,,1687,,,,218,,,,1469,12.92234736,218,162.8367
13 Admisión 2024A 288 14USU0230T 5094100009,288,2024-2025,2024,B,14USU0230T,5094100009,,,,614,,,,67,,,,547,10.91205212,67,156.2767
13 Admisión 2024A 289 14USU0230T 5091100011,289,2024-2025,2024,B,14USU0230T,5091100011,,,,3488,,,,367,,,,3121,10.52178899,367,178.7633
13 Admisión 2024A 290 14USU0230T 4103100001,290,2024-2025,2024,B,14USU0230T,4103100001,,,,134,,,,62,,,,72,46.26865672,62,129.15
13 Admisión 2024A 291 14USU0230T 4103100001,291,2024-2025,2024,B,14USU0230T,4103100001,,,,27,,,,27,,,,0,100,27,71
13 Admisión 2024A 292 14USU0230T 4093100005,292,2024-2025,2024,B,14USU0230T,4093100005,,,,103,,,,63,,,,40,61.16504854,63,121.4633
13 Admisión 2024A 293 14USU0230T 4095300010,293,2024-2025,2024,B,14USU0230T,4095300010,,,,117,,,,94,,,,23,80.34188034,94,111
13 Admisión 2024A 294 14USU0230T 4094100010,294,2024-2025,2024,B,14USU0230T,4094100010,,,,27,,,,27,,,,0,100,32,101.4267
13 Admisión 2024A 295 14USU0010H 5033100003,295,2024-2025,2024,B,14USU0010H,5033100003,,,,1062,,,,421,,,,641,39.64218456,421,136.9167
13 Admisión 2024A 296 14USU0010H 5033100003,296,2024-2025,2024,B,14USU0010H,5033100003,,,,288,,,,200,,,,88,69.44444444,200,115.75
13 Admisión 2024A 297 14USU0010H 5031200004,297,2024-2025,2024,B,14USU0010H,5031200004,,,,39,,,,35,,,,4,89.74358974,35,107.7967
13 Admisión 2024A 298 14USU0010H 5033200006,298,2024-2025,2024,B,14USU0010H,5033200006,,,,237,,,,90,,,,147,37.97468354,90,125.3333
13 Admisión 2024A 299 14USU0010H 5012603011,299,2024-2025,2024,B,14USU0010H,5012603011,,,,37,,,,37,,,,0,100,40,87.5067
13 Admisión 2024A 300 14USU0010H 5012603027,300,2024-2025,2024,B,14USU0010H,5012603027,,,,38,,,,38,,,,0,100,46,117.64
13 Admisión 2024A 301 14USU0010H 5021500119,301,2024-2025,2024,B,14USU0010H,5021500119,,,,51,,,,44,,,,7,86.2745098,44,126.0033
13 Admisión 2024A 302 14USU0010H 5031300010,302,2024-2025,2024,B,14USU0010H,5031300010,,,,47,,,,47,,,,0,100,80,82.9167
13 Admisión 2024A 303 14USU0010H 5022600002,303,2024-2025,2024,B,14USU0010H,5022600002,,,,35,,,,35,,,,0,100,60,103.65
13 Admisión 2024A 304 14USU0010H 5052300015,304,2024-2025,2024,B,14USU0010H,5052300015,,,,14,,,,14,,,,0,100,40,104.25
13 Admisión 2024A 305 14USU0010H 5022500008,305,2024-2025,2024,B,14USU0010H,5022500008,,,,48,,,,48,,,,0,100,70,89.5267
13 Admisión 2024A 306 14USU0010H 5022300022,306,2024-2025,2024,B,14USU0010H,5022300022,,,,77,,,,77,,,,0,100,80,100.1667
13 Admisión 2024A 307 14USU0010H 5031300014,307,2024-2025,2024,B,14USU0010H,5031300014,,,,132,,,,80,,,,52,60.60606061,80,132.4167
13 Admisión 2024A 308 14USU0010H 5031200031,308,2024-2025,2024,B,14USU0010H,5031200031,,,,27,,,,27,,,,0,100,80,101.8333
13 Admisión 2024A 309 14USU0010H 5031500010,309,2024-2025,2024,B,14USU0010H,5031500010,,,,157,,,,153,,,,4,97.4522293,153,94.6667
13 Admisión 2024A 310 14USU0010H 5031500010,310,2024-2025,2024,B,14USU0010H,5031500010,,,,18,,,,18,,,,0,100,18,74
13 Admisión 2024A 311 CUTLAQUEPAQUE 5033100003,311,2024-2025,2024,B,CUTLAQUEPAQUE,5033100003,,,,116,,,,80,,,,36,68.96551724,80,114.3767
13 Admisión 2024A 312 14USU0220M 5033100003,312,2024-2025,2024,B,14USU0220M,5033100003,,,,75,,,,44,,,,31,58.66666667,44,133.2033
13 Admisión 2024A 313 14USU0220M 5072100002,313,2024-2025,2024,B,14USU0220M,5072100002,,,,76,,,,44,,,,32,57.89473684,44,128.0733
13 Admisión 2024A 314 14USU0220M 5061000002,314,2024-2025,2024,B,14USU0220M,5061000002,,,,75,,,,44,,,,31,58.66666667,44,137.2967
13 Admisión 2024A 315 14USU0220M 5081100050,315,2024-2025,2024,B,14USU0220M,5081100050,,,,44,,,,44,,,,0,100,44,89.0167
13 Admisión 2024A 316 14USU0220M 5042000002,316,2024-2025,2024,B,14USU0220M,5042000002,,,,68,,,,44,,,,24,64.70588235,44,123.75
13 Admisión 2024A 317 14USU0220M 5093100002,317,2024-2025,2024,B,14USU0220M,5093100002,,,,330,,,,44,,,,286,13.33333333,44,161.8967
13 Admisión 2024A 318 14USU0220M 5041400032,318,2024-2025,2024,B,14USU0220M,5041400032,,,,101,,,,44,,,,57,43.56435644,44,144.5833
13 Admisión 2024A 319 14USU0220M 5092100006,319,2024-2025,2024,B,14USU0220M,5092100006,,,,80,,,,44,,,,36,55,44,129.75
13 Admisión 2024A 320 14USU0220M 5082100001,320,2024-2025,2024,B,14USU0220M,5082100001,,,,254,,,,45,,,,209,17.71653543,45,147.75
13 Admisión 2024A 321 14USU0220M 5041100056,321,2024-2025,2024,B,14USU0220M,5041100056,,,,121,,,,44,,,,77,36.36363636,44,141.1667
13 Admisión 2024A 322 14USU0220M 5094200006,322,2024-2025,2024,B,14USU0220M,5094200006,,,,114,,,,44,,,,70,38.59649123,44,134.25
13 Admisión 2024A 323 14USU0220M 5031100007,323,2024-2025,2024,B,14USU0220M,5031100007,,,,165,,,,44,,,,121,26.66666667,44,144.8833
13 Admisión 2024A 324 14USU0220M 5095400006,324,2024-2025,2024,B,14USU0220M,5095400006,,,,106,,,,44,,,,62,41.50943396,44,151.8833
13 Admisión 2024A 325 14USU0220M 5091100011,325,2024-2025,2024,B,14USU0220M,5091100011,,,,387,,,,105,,,,282,27.13178295,105,165.7633
13 Admisión 2024A 326 14USU0150H 5033100003,326,2024-2025,2024,B,14USU0150H,5033100003,,,,14,,,,14,,,,0,100,35,101.4833
13 Admisión 2024A 327 14USU0150H 5042000002,327,2024-2025,2024,B,14USU0150H,5042000002,,,,20,,,,20,,,,0,100,35,112.4
13 Admisión 2024A 328 14USU0150H 5041400032,328,2024-2025,2024,B,14USU0150H,5041400032,,,,17,,,,17,,,,0,100,35,111.62
13 Admisión 2024A 329 14USU0150H 5042200024,329,2024-2025,2024,B,14USU0150H,5042200024,,,,7,,,,7,,,,0,100,30,89.4167
13 Admisión 2024A 330 14USU0150H 5031100007,330,2024-2025,2024,B,14USU0150H,5031100007,,,,24,,,,24,,,,0,100,35,102
13 Admisión 2024A 331 14USU0170V 5033100003,331,2024-2025,2024,B,14USU0170V,5033100003,,,,12,,,,12,,,,0,100,35,107.2033
13 Admisión 2024A 332 14USU0170V 5042000002,332,2024-2025,2024,B,14USU0170V,5042000002,,,,14,,,,14,,,,0,100,35,104.8333
13 Admisión 2024A 333 14USU0170V 5081100010,333,2024-2025,2024,B,14USU0170V,5081100010,,,,36,,,,35,,,,1,97.22222222,35,94
13 Admisión 2024A 334 14USU0170V 5041100021,334,2024-2025,2024,B,14USU0170V,5041100021,,,,21,,,,21,,,,0,100,35,95.6833
13 Admisión 2024A 335 14USU0170V 5092100006,335,2024-2025,2024,B,14USU0170V,5092100006,,,,15,,,,15,,,,0,100,20,75.22
13 Admisión 2024A 336 14USU0160O 5061000002,336,2024-2025,2024,B,14USU0160O,5061000002,,,,49,,,,40,,,,9,81.63265306,40,115.4367
13 Admisión 2024A 337 14USU0160O 5071700019,337,2024-2025,2024,B,14USU0160O,5071700019,,,,103,,,,40,,,,63,38.83495146,40,129.9067
13 Admisión 2024A 338 14USU0160O 5062200055,338,2024-2025,2024,B,14USU0160O,5062200055,,,,36,,,,36,,,,0,100,40,107.6
13 Admisión 2024A 339 14USU0160O 5071300014,339,2024-2025,2024,B,14USU0160O,5071300014,,,,72,,,,30,,,,42,41.66666667,30,139.9167
13 Admisión 2024A 340 14USU0160O 5071400015,340,2024-2025,2024,B,14USU0160O,5071400015,,,,79,,,,40,,,,39,50.63291139,40,129.8867
13 Admisión 2024A 341 14USU0160O 5042000002,341,2024-2025,2024,B,14USU0160O,5042000002,,,,63,,,,40,,,,23,63.49206349,40,114.9167
13 Admisión 2024A 342 14USU0160O 5041400032,342,2024-2025,2024,B,14USU0160O,5041400032,,,,78,,,,40,,,,38,51.28205128,40,132.0767
13 Admisión 2024A 343 14USU0160O 5092100006,343,2024-2025,2024,B,14USU0160O,5092100006,,,,32,,,,30,,,,2,93.75,30,98.65
13 Admisión 2024A 344 14USU0160O 5041200028,344,2024-2025,2024,B,14USU0160O,5041200028,,,,30,,,,30,,,,0,100,40,99.9667
13 Admisión 2024A 345 14USU0160O 5041100056,345,2024-2025,2024,B,14USU0160O,5041100056,,,,95,,,,80,,,,15,84.21052632,80,106.6333
13 Admisión 2024A 346 14USU0160O 5032100038,346,2024-2025,2024,B,14USU0160O,5032100038,,,,3,,,,3,,,,0,100,40,102.3367
13 Admisión 2024A 347 14USU0160O 5031100007,347,2024-2025,2024,B,14USU0160O,5031100007,,,,103,,,,80,,,,23,77.66990291,80,112.4167
13 Admisión 2024A 348 14USU0160O 5095400006,348,2024-2025,2024,B,14USU0160O,5095400006,,,,152,,,,60,,,,92,39.47368421,60,141.9133
13 Admisión 2024A 349 14USU0160O 5042100117,349,2024-2025,2024,B,14USU0160O,5042100117,,,,25,,,,25,,,,0,100,40,97.4067
13 Admisión 2024A 350 14USU0160O 5091100011,350,2024-2025,2024,B,14USU0160O,5091100011,,,,341,,,,30,,,,311,8.797653959,30,175.1167
13 Admisión 2024A 351 14USU0160O 5031100007,351,2024-2025,2024,B,14USU0160O,5031100007,,,,24,,,,24,,,,0,100,35,102
13 Admisión 2024A 352 14USU0190I 5033100003,352,2024-2025,2024,B,14USU0190I,5033100003,,,,133,,,,90,,,,43,67.66917293,90,119.1667
13 Admisión 2024A 353 14USU0190I 5073200005,353,2024-2025,2024,B,14USU0190I,5073200005,,,,105,,,,90,,,,15,85.71428571,90,113.4167
13 Admisión 2024A 354 14USU0190I 5061000002,354,2024-2025,2024,B,14USU0190I,5061000002,,,,70,,,,41,,,,29,58.57142857,41,129.5833
13 Admisión 2024A 355 14USU0190I 5062100034,355,2024-2025,2024,B,14USU0190I,5062100034,,,,30,,,,30,,,,0,100,40,98.75
13 Admisión 2024A 356 14USU0190I 5071000047,356,2024-2025,2024,B,14USU0190I,5071000047,,,,32,,,,30,,,,2,93.75,30,102.9767
13 Admisión 2024A 357 14USU0190I 5051100003,357,2024-2025,2024,B,14USU0190I,5051100003,,,,56,,,,41,,,,15,73.21428571,41,118.02
13 Admisión 2024A 358 14USU0190I 5042000002,358,2024-2025,2024,B,14USU0190I,5042000002,,,,122,,,,90,,,,32,73.7704918,90,113.3333
13 Admisión 2024A 359 14USU0190I 5073100009,359,2024-2025,2024,B,14USU0190I,5073100009,,,,166,,,,80,,,,86,48.19277108,80,134.9167
13 Admisión 2024A 360 14USU0190I 5021000114,360,2024-2025,2024,B,14USU0190I,5021000114,,,,15,,,,15,,,,0,100,24,114.5867
13 Admisión 2024A 361 14USU0190I 5021700002,361,2024-2025,2024,B,14USU0190I,5021700002,,,,18,,,,18,,,,0,100,30,114.4467
13 Admisión 2024A 362 14USU0190I 5072100049,362,2024-2025,2024,B,14USU0190I,5072100049,,,,103,,,,30,,,,73,29.12621359,30,143.9367
13 Admisión 2024A 363 14USU0190I 5041400032,363,2024-2025,2024,B,14USU0190I,5041400032,,,,135,,,,90,,,,45,66.66666667,90,123.75
13 Admisión 2024A 364 14USU0190I 5101100015,364,2024-2025,2024,B,14USU0190I,5101100015,,,,43,,,,41,,,,2,95.34883721,41,98.5
13 Admisión 2024A 365 14USU0190I 5021500044,365,2024-2025,2024,B,14USU0190I,5021500044,,,,46,,,,41,,,,5,89.13043478,41,108.8133
13 Admisión 2024A 366 14USU0190I 5092100006,366,2024-2025,2024,B,14USU0190I,5092100006,,,,104,,,,80,,,,24,76.92307692,80,112.6433
13 Admisión 2024A 367 14USU0190I 5021500002,367,2024-2025,2024,B,14USU0190I,5021500002,,,,53,,,,41,,,,12,77.35849057,41,113.76
13 Admisión 2024A 368 14USU0190I 5094200006,368,2024-2025,2024,B,14USU0190I,5094200006,,,,79,,,,41,,,,38,51.89873418,41,128.1667
13 Admisión 2024A 369 14USU0190I 5031100007,369,2024-2025,2024,B,14USU0190I,5031100007,,,,147,,,,90,,,,57,61.2244898,90,123.8633
13 Admisión 2024A 370 14USU0190I 5101600013,370,2024-2025,2024,B,14USU0190I,5101600013,,,,29,,,,29,,,,0,100,40,94.8333
13 Admisión 2024A 371 14USU0190I 5091100011,371,2024-2025,2024,B,14USU0190I,5091100011,,,,540,,,,80,,,,460,14.81481481,80,166.3667
13 Admisión 2024A 372 14USU0009S 5033100003,372,2024-2025,2024,B,14USU0009S,5033100003,,,,6,,,,6,,,,0,100,10,90.5833
13 Admisión 2024A 373 14USU0009S 5042000002,373,2024-2025,2024,B,14USU0009S,5042000002,,,,16,,,,16,,,,0,100,20,82
13 Admisión 2024A 374 14USU0009S 5101600013,374,2024-2025,2024,B,14USU0009S,5101600013,,,,5,,,,5,,,,0,100,10,97.2533
13 Admisión 2024A 375 14USU0200Z 5033100003,375,2024-2025,2024,B,14USU0200Z,5033100003,,,,62,,,,62,,,,0,100,70,94.6533
13 Admisión 2024A 376 14USU0200Z 5041100007,376,2024-2025,2024,B,14USU0200Z,5041100007,,,,44,,,,44,,,,0,100,44,103.2667
13 Admisión 2024A 377 14USU0200Z 5071300014,377,2024-2025,2024,B,14USU0200Z,5071300014,,,,44,,,,44,,,,0,100,46,95.58
13 Admisión 2024A 378 14USU0200Z 5081300016,378,2024-2025,2024,B,14USU0200Z,5081300016,,,,153,,,,80,,,,73,52.2875817,80,117.93
13 Admisión 2024A 379 14USU0200Z 5042000002,379,2024-2025,2024,B,14USU0200Z,5042000002,,,,65,,,,65,,,,0,100,65,88.8333
13 Admisión 2024A 380 14USU0200Z 5041300007,380,2024-2025,2024,B,14USU0200Z,5041300007,,,,37,,,,37,,,,0,100,37,85.4167
13 Admisión 2024A 381 14USU0200Z 5021000002,381,2024-2025,2024,B,14USU0200Z,5021000002,,,,20,,,,20,,,,0,100,30,104.1667
13 Admisión 2024A 382 14USU0200Z 5051100006,382,2024-2025,2024,B,14USU0200Z,5051100006,,,,43,,,,43,,,,0,100,60,97.1267
13 Admisión 2024A 383 14USU0200Z 5041400032,383,2024-2025,2024,B,14USU0200Z,5041400032,,,,71,,,,71,,,,0,100,71,88.6133
13 Admisión 2024A 384 14USU0200Z 5092100006,384,2024-2025,2024,B,14USU0200Z,5092100006,,,,84,,,,50,,,,34,59.52380952,50,116.7333
13 Admisión 2024A 385 14USU0200Z 5073200010,385,2024-2025,2024,B,14USU0200Z,5073200010,,,,33,,,,33,,,,0,100,45,103.83
13 Admisión 2024A 386 14USU0200Z 5051300005,386,2024-2025,2024,B,14USU0200Z,5051300005,,,,23,,,,23,,,,0,100,35,89.0433
13 Admisión 2024A 387 14USU0200Z 5062100033,387,2024-2025,2024,B,14USU0200Z,5062100033,,,,35,,,,35,,,,0,100,35,103.8067
13 Admisión 2024A 388 14USU0200Z 5094200006,388,2024-2025,2024,B,14USU0200Z,5094200006,,,,68,,,,50,,,,18,73.52941176,50,113.5
13 Admisión 2024A 389 14USU0200Z 5101600013,389,2024-2025,2024,B,14USU0200Z,5101600013,,,,17,,,,17,,,,0,100,30,92.98
13 Admisión 2024A 390 14USU0200Z 4071500002,390,2024-2025,2024,B,14USU0200Z,4071500002,,,,64,,,,55,,,,9,85.9375,55,102.73
13 Admisión 2024A 391 14USU0221L 5033100003,391,2024-2025,2024,B,14USU0221L,5033100003,,,,78,,,,50,,,,28,64.1025641,50,116.4167
13 Admisión 2024A 392 14USU0221L 5071400008,392,2024-2025,2024,B,14USU0221L,5071400008,,,,59,,,,59,,,,0,100,75,95.6133
13 Admisión 2024A 393 14USU0221L 5062200073,393,2024-2025,2024,B,14USU0221L,5062200073,,,,30,,,,30,,,,0,100,40,96.0833
13 Admisión 2024A 394 14USU0221L 5071700019,394,2024-2025,2024,B,14USU0221L,5071700019,,,,38,,,,38,,,,0,100,47,98.71
13 Admisión 2024A 395 14USU0221L 5071300014,395,2024-2025,2024,B,14USU0221L,5071300014,,,,58,,,,58,,,,0,100,70,107.1767
13 Admisión 2024A 396 14USU0221L 5092100006,396,2024-2025,2024,B,14USU0221L,5092100006,,,,8,,,,8,,,,0,100,50,84
13 Admisión 2024A 397 14USU0221L 5022000001,397,2024-2025,2024,B,14USU0221L,5022000001,,,,21,,,,21,,,,0,100,35,100.2633
13 Admisión 2024A 398 14USU0221L 5042400005,398,2024-2025,2024,B,14USU0221L,5042400005,,,,29,,,,29,,,,0,100,40,90.75
13 Admisión 2024A 399 14USU0221L 5031100007,399,2024-2025,2024,B,14USU0221L,5031100007,,,,78,,,,50,,,,28,64.1025641,50,116.6133
13 Admisión 2024A 400 14USU0222K 5071000047,400,2024-2025,2024,B,14USU0222K,5071000047,,,,9,,,,9,,,,0,100,30,105.8333
13 Admisión 2024A 401 14USU0222K 5042000002,401,2024-2025,2024,B,14USU0222K,5042000002,,,,33,,,,33,,,,0,100,40,98.22
13 Admisión 2024A 402 14USU0222K 5031100007,402,2024-2025,2024,B,14USU0222K,5031100007,,,,36,,,,36,,,,0,100,45,87.6667
13 Admisión 2024A 403 14USU0222K 5033100003,403,2024-2025,2024,B,14USU0222K,5033100003,,,,24,,,,24,,,,0,100,35,99.8033
13 Admisión 2024A 404 14USU0002Z 5033100003,404,2024-2025,2024,B,14USU0002Z,5033100003,,,,42,,,,42,,,,0,100,70,86.6667
13 Admisión 2024A 405 14USU0002Z 5062200073,405,2024-2025,2024,B,14USU0002Z,5062200073,,,,16,,,,16,,,,0,100,40,109.3633
13 Admisión 2024A 406 14USU0002Z 5071300009,406,2024-2025,2024,B,14USU0002Z,5071300009,,,,21,,,,21,,,,0,100,40,103.75
13 Admisión 2024A 407 14USU0002Z 5042000002,407,2024-2025,2024,B,14USU0002Z,5042000002,,,,31,,,,31,,,,0,100,40,77.9167
13 Admisión 2024A 408 14USU0002Z 5041100021,408,2024-2025,2024,B,14USU0002Z,5041100021,,,,31,,,,31,,,,0,100,80,88.0833
13 Admisión 2024A 409 14USU0002Z 5031200004,409,2024-2025,2024,B,14USU0002Z,5031200004,,,,5,,,,5,,,,0,100,40,88.8567
13 Admisión 2024A 410 14USU0002Z 5041400032,410,2024-2025,2024,B,14USU0002Z,5041400032,,,,30,,,,30,,,,0,100,40,98.07
13 Admisión 2024A 411 14USU0002Z 5011500002,411,2024-2025,2024,B,14USU0002Z,5011500002,,,,45,,,,45,,,,0,100,80,92.75
13 Admisión 2024A 412 14USU0002Z 5011100022,412,2024-2025,2024,B,14USU0002Z,5011100022,,,,22,,,,22,,,,0,100,40,78.1667
13 Admisión 2024A 413 14USU0002Z 5092100006,413,2024-2025,2024,B,14USU0002Z,5092100006,,,,91,,,,91,,,,0,100,120,76.8333
13 Admisión 2024A 414 14USU0002Z 5092100006,414,2024-2025,2024,B,14USU0002Z,5092100006,,,,14,,,,14,,,,0,100,40,70.17
13 Admisión 2024A 415 14USU0002Z 5094200006,415,2024-2025,2024,B,14USU0002Z,5094200006,,,,22,,,,22,,,,0,100,40,74.8333
13 Admisión 2024A 416 14USU0002Z 5031100007,416,2024-2025,2024,B,14USU0002Z,5031100007,,,,44,,,,44,,,,0,100,80,87.1667
13 Admisión 2024A 417 14USU0002Z 5101600013,417,2024-2025,2024,B,14USU0002Z,5101600013,,,,17,,,,17,,,,0,100,40,101.1667
13 Admisión 2024A 418 14USU0210F 5033100003,418,2024-2025,2024,B,14USU0210F,5033100003,,,,130,,,,90,,,,40,69.23076923,90,116.9367
13 Admisión 2024A 419 14USU0210F 2092100004,419,2024-2025,2024,B,14USU0210F,2092100004,,,,16,,,,16,,,,0,100,25,121.677
13 Admisión 2024A 420 14USU0210F 5072400001,420,2024-2025,2024,B,14USU0210F,5072400001,,,,9,,,,9,,,,0,100,20,105.3333
13 Admisión 2024A 421 14USU0210F 5051100015,421,2024-2025,2024,B,14USU0210F,5051100015,,,,56,,,,35,,,,21,62.5,35,133.9167
13 Admisión 2024A 422 14USU0210F 5062100034,422,2024-2025,2024,B,14USU0210F,5062100034,,,,48,,,,40,,,,8,83.33333333,40,112.0833
13 Admisión 2024A 423 14USU0210F 5081100010,423,2024-2025,2024,B,14USU0210F,5081100010,,,,84,,,,40,,,,44,47.61904762,40,124.7133
13 Admisión 2024A 424 14USU0210F 5041100021,424,2024-2025,2024,B,14USU0210F,5041100021,,,,125,,,,70,,,,55,56,70,115.9667
13 Admisión 2024A 425 14USU0210F 5093100002,425,2024-2025,2024,B,14USU0210F,5093100002,,,,409,,,,35,,,,374,8.557457213,35,165
13 Admisión 2024A 426 14USU0210F 5101100015,426,2024-2025,2024,B,14USU0210F,5101100015,,,,96,,,,40,,,,56,41.66666667,40,120.1667
13 Admisión 2024A 427 14USU0210F 5042200024,427,2024-2025,2024,B,14USU0210F,5042200024,,,,23,,,,23,,,,0,100,30,98.75
13 Admisión 2024A 428 14USU0210F 5092100006,428,2024-2025,2024,B,14USU0210F,5092100006,,,,178,,,,90,,,,88,50.56179775,90,121.75
13 Admisión 2024A 429 14USU0210F 5022300022,429,2024-2025,2024,B,14USU0210F,5022300022,,,,20,,,,20,,,,0,100,30,93.9767
13 Admisión 2024A 430 14USU0210F 5082100001,430,2024-2025,2024,B,14USU0210F,5082100001,,,,346,,,,80,,,,266,23.12138728,80,136.4
13 Admisión 2024A 431 14USU0210F 5041100056,431,2024-2025,2024,B,14USU0210F,5041100056,,,,207,,,,80,,,,127,38.647343,80,134.6633
13 Admisión 2024A 432 14USU0210F 5094200006,432,2024-2025,2024,B,14USU0210F,5094200006,,,,124,,,,66,,,,58,53.22580645,65,118.0933
13 Admisión 2024A 433 14USU0210F 5032100038,433,2024-2025,2024,B,14USU0210F,5032100038,,,,17,,,,17,,,,0,100,30,97.75
13 Admisión 2024A 434 14USU0210F 5031100007,434,2024-2025,2024,B,14USU0210F,5031100007,,,,202,,,,80,,,,122,39.6039604,80,130.82
13 Admisión 2024A 435 14USU0210F 5103100007,435,2024-2025,2024,B,14USU0210F,5103100007,,,,52,,,,35,,,,17,67.30769231,35,111.5
13 Admisión 2024A 436 14USU0210F 5031500010,436,2024-2025,2024,B,14USU0210F,5031500010,,,,32,,,,32,,,,0,100,40,88.87
13 Admisión 2024A 437 14USU0210F 5091100011,437,2024-2025,2024,B,14USU0210F,5091100011,,,,612,,,,64,,,,548,10.45751634,60,174.45
13 Admisión 2024A 438 14USU0011G 5071000020,438,2024-2025,2024,B,14USU0011G,5071000020,,,,56,,,,40,,,,16,71.42857143,40,131.7667
13 Admisión 2024A 439 14USU0011G 5073200005,439,2024-2025,2024,B,14USU0011G,5073200005,,,,104,,,,80,,,,24,76.92307692,80,117.98
13 Admisión 2024A 440 14USU0011G 5051200024,440,2024-2025,2024,B,14USU0011G,5051200024,,,,29,,,,25,,,,4,86.20689655,25,113.8867
13 Admisión 2024A 441 14USU0011G 5071100005,441,2024-2025,2024,B,14USU0011G,5071100005,,,,56,,,,25,,,,31,44.64285714,25,135.81
13 Admisión 2024A 442 14USU0011G 5071300014,442,2024-2025,2024,B,14USU0011G,5071300014,,,,93,,,,25,,,,68,26.88172043,25,149.4167
13 Admisión 2024A 443 14USU0011G 5042000002,443,2024-2025,2024,B,14USU0011G,5042000002,,,,126,,,,80,,,,46,63.49206349,80,118.03
13 Admisión 2024A 444 14USU0011G 5051300048,444,2024-2025,2024,B,14USU0011G,5051300048,,,,7,,,,7,,,,0,100,25,98.98
13 Admisión 2024A 445 14USU0011G 5031300044,445,2024-2025,2024,B,14USU0011G,5031300044,,,,7,,,,7,,,,0,100,25,95.7133
13 Admisión 2024A 446 14USU0011G 5092100006,446,2024-2025,2024,B,14USU0011G,5092100006,,,,159,,,,80,,,,79,50.31446541,80,120.54
13 Admisión 2024A 447 14USU0011G 5041100056,447,2024-2025,2024,B,14USU0011G,5041100056,,,,97,,,,80,,,,17,82.4742268,80,115.6667
13 Admisión 2024A 448 14USU0011G 5094200006,448,2024-2025,2024,B,14USU0011G,5094200006,,,,112,,,,80,,,,32,71.42857143,80,118.8733
13 Admisión 2024A 449 14USU0011G 5094100009,449,2024-2025,2024,B,14USU0011G,5094100009,,,,162,,,,90,,,,72,55.55555556,90,120.8067
13 Admisión 2024A 450 14USU0011G 5091100011,450,2024-2025,2024,B,14USU0011G,5091100011,,,,535,,,,80,,,,455,14.95327103,80,168.8033
13 Admisión 2024A 451 14USU0008T 5033100003,451,2024-2025,2024,B,14USU0008T,5033100003,,,,358,,,,180,,,,178,50.27932961,180,123.0733
13 Admisión 2024A 452 14USU0008T 5061100001,452,2024-2025,2024,B,14USU0008T,5061100001,,,,116,,,,96,,,,20,82.75862069,96,115.75
13 Admisión 2024A 453 14USU0008T 5071200009,453,2024-2025,2024,B,14USU0008T,5071200009,,,,64,,,,60,,,,4,93.75,60,104.2633
13 Admisión 2024A 454 14USU0008T 5052200002,454,2024-2025,2024,B,14USU0008T,5052200002,,,,75,,,,75,,,,0,100,90,102.33
13 Admisión 2024A 455 14USU0008T 5042100012,455,2024-2025,2024,B,14USU0008T,5042100012,,,,196,,,,126,,,,70,64.28571429,126,117.7633
13 Admisión 2024A 456 14USU0008T 5073100009,456,2024-2025,2024,B,14USU0008T,5073100009,,,,313,,,,80,,,,233,25.55910543,80,147.7733
13 Admisión 2024A 457 14USU0008T 5033200024,457,2024-2025,2024,B,14USU0008T,5033200024,,,,130,,,,35,,,,95,26.92307692,35,137.93
13 Admisión 2024A 458 14USU0008T 5041400032,458,2024-2025,2024,B,14USU0008T,5041400032,,,,216,,,,120,,,,96,55.55555556,120,128.3033
13 Admisión 2024A 459 14USU0008T 5021600062,459,2024-2025,2024,B,14USU0008T,5021600062,,,,52,,,,30,,,,22,57.69230769,30,120.5933
13 Admisión 2024A 460 14USU0008T 5092100006,460,2024-2025,2024,B,14USU0008T,5092100006,,,,180,,,,35,,,,145,19.44444444,35,138.1133
13 Admisión 2024A 461 14USU0008T 5022500001,461,2024-2025,2024,B,14USU0008T,5022500001,,,,14,,,,14,,,,0,100,35,82.75
13 Admisión 2024A 462 14USU0008T 5031500008,462,2024-2025,2024,B,14USU0008T,5031500008,,,,45,,,,35,,,,10,77.77777778,35,103.1
13 Admisión 2024A 463 14USU0008T 5021000010,463,2024-2025,2024,B,14USU0008T,5021000010,,,,20,,,,20,,,,0,100,30,98.8867
13 Admisión 2024A 464 14USU0008T 5094200006,464,2024-2025,2024,B,14USU0008T,5094200006,,,,221,,,,76,,,,145,34.38914027,76,130.8133
13 Admisión 2024A 465 14USU0008T 5095600005,465,2024-2025,2024,B,14USU0008T,5095600005,,,,26,,,,26,,,,0,100,35,98.0833
13 Admisión 2024A 466 14USU0008T 5091100011,466,2024-2025,2024,B,14USU0008T,5091100011,,,,871,,,,120,,,,751,13.77726751,120,173.1533
13 Admisión 2024A 467 14USU0013E 5031500008,467,2024-2025,2024,B,14USU0013E,5031500008,,,,10,,,,10,,,,0,100,40,90.88
13 Admisión 2024A 468 14USU0003Y 5033100003,468,2024-2025,2024,B,14USU0003Y,5033100003,,,,105,,,,80,,,,25,76.19047619,80,110.7233
13 Admisión 2024A 469 14USU0003Y 5052200021,469,2024-2025,2024,B,14USU0003Y,5052200021,,,,9,,,,9,,,,0,100,20,97.8533
13 Admisión 2024A 470 14USU0003Y 5062200073,470,2024-2025,2024,B,14USU0003Y,5062200073,,,,73,,,,60,,,,13,82.19178082,60,120.75
13 Admisión 2024A 471 14USU0003Y 5051100015,471,2024-2025,2024,B,14USU0003Y,5051100015,,,,21,,,,21,,,,0,100,30,102.0833
13 Admisión 2024A 472 14USU0003Y 5071300014,472,2024-2025,2024,B,14USU0003Y,5071300014,,,,118,,,,80,,,,38,67.79661017,80,123.4933
13 Admisión 2024A 473 14USU0003Y 5042000002,473,2024-2025,2024,B,14USU0003Y,5042000002,,,,87,,,,80,,,,7,91.95402299,80,100.5033
13 Admisión 2024A 474 14USU0003Y 5041100021,474,2024-2025,2024,B,14USU0003Y,5041100021,,,,51,,,,40,,,,11,78.43137255,40,105.2
13 Admisión 2024A 475 14USU0003Y 5041400032,475,2024-2025,2024,B,14USU0003Y,5041400032,,,,147,,,,80,,,,67,54.42176871,80,130.9733
13 Admisión 2024A 476 14USU0003Y 5011500002,476,2024-2025,2024,B,14USU0003Y,5011500002,,,,112,,,,80,,,,32,71.42857143,80,109.84
13 Admisión 2024A 477 14USU0003Y 5092100006,477,2024-2025,2024,B,14USU0003Y,5092100006,,,,220,,,,70,,,,150,31.81818182,70,125.6567
13 Admisión 2024A 478 14USU0003Y 5031500008,478,2024-2025,2024,B,14USU0003Y,5031500008,,,,27,,,,27,,,,0,100,35,93.82
13 Admisión 2024A 479 14USU0003Y 5094200006,479,2024-2025,2024,B,14USU0003Y,5094200006,,,,115,,,,80,,,,35,69.56521739,80,115.0767
13 Admisión 2024A 480 14USU0003Y 5031100007,480,2024-2025,2024,B,14USU0003Y,5031100007,,,,183,,,,80,,,,103,43.71584699,80,127.1333
13 Admisión 2024A 481 14USU0003Y 5095400006,481,2024-2025,2024,B,14USU0003Y,5095400006,,,,123,,,,80,,,,43,65.04065041,80,128.0633
13 Admisión 2024A 482 14USU0003Y 5062200082,482,2024-2025,2024,B,14USU0003Y,5062200082,,,,37,,,,35,,,,2,94.59459459,35,109.9167
13 Admisión 2024A 483 14USU0003Y 5031500010,483,2024-2025,2024,B,14USU0003Y,5031500010,,,,24,,,,24,,,,0,100,35,91.5133
13 Admisión 2024A 484 14USU0003Y 5101600013,484,2024-2025,2024,B,14USU0003Y,5101600013,,,,26,,,,26,,,,0,100,30,84.62
13 Admisión 2024A 485 14USU0003Y 5091100011,485,2024-2025,2024,B,14USU0003Y,5091100011,,,,487,,,,70,,,,417,14.37371663,70,166.3133
13 Admisión 2024A 486 14USU0012F 5061300148,486,2024-2025,2024,B,14USU0012F,5061300148,,,,324,,,,150,,,,174,46.2962963,150,139.2233
13 Admisión 2024A 487 14USU0012F 5061300147,487,2024-2025,2024,B,14USU0012F,5061300147,,,,244,,,,90,,,,154,36.8852459,90,129
13 Admisión 2024A 488 14USU0012F 5095200007,488,2024-2025,2024,B,14USU0012F,5095200007,,,,246,,,,90,,,,156,36.58536585,90,138.5833
13 Admisión 2024A 489 14USU0012F 5071300158,489,2024-2025,2024,B,14USU0012F,5071300158,,,,368,,,,120,,,,248,32.60869565,120,143.6667
13 Admisión 2024A 490 14USU0012F 5041300066,490,2024-2025,2024,B,14USU0012F,5041300066,,,,352,,,,150,,,,202,42.61363636,150,134.0033
13 Admisión 2024A 491 14USU0012F 5042100065,491,2024-2025,2024,B,14USU0012F,5042100065,,,,427,,,,166,,,,261,38.87587822,175,60
13 Admisión 2024A 492 14USU0012F 5104100015,492,2024-2025,2024,B,14USU0012F,5104100015,,,,79,,,,22,,,,57,27.84810127,25,60
13 Admisión 2024A 493 14USU0012F 5032100001,493,2024-2025,2024,B,14USU0012F,5032100001,,,,47,,,,17,,,,30,36.17021277,20,60
13 Admisión 2024A 494 14USU0012F 5011200004,494,2024-2025,2024,B,14USU0012F,5011200004,,,,189,,,,67,,,,122,35.44973545,73,60
13 Admisión 2024A 495 14USU0012F 5021000007,495,2024-2025,2024,B,14USU0012F,5021000007,,,,90,,,,40,,,,50,44.44444444,45,60
13 Admisión 2024A 496 14USU0012F 5032200012,496,2024-2025,2024,B,14USU0012F,5032200012,,,,41,,,,11,,,,30,26.82926829,14,60
