name,row,ciclo,cve_plantel,cve_programa,modalidad,matricula_h,matricula_m,matricula_nb,matricula_t,discapacidad_h,discapacidad_m,discapacidad_nb,discapacidad_t,habla_indigena_h,habla_indigena_m,habla_indigena_nb,habla_indigena_t
1 2020-2021 14MMS0607X BGAI Escolarizada,1,2020-2021,14MMS0607X,BGAI,Escolarizada,19,21,,40,1,0,,1,0,0,,0
2 2020-2021 14MMS0607X BGC Escolarizada,2,2020-2021,14MMS0607X,BGC,Escolarizada,1090,1465,,2555,18,29,,47,0,0,,0
3 2020-2021 14MMS0608W BGAI Escolarizada,3,2020-2021,14MMS0608W,BGAI,Escolarizada,0,0,,0,0,0,,0,0,0,,0
4 2020-2021 14MMS0608W BGC Escolarizada,4,2020-2021,14MMS0608W,BGC,Escolarizada,1622,2063,,3685,24,24,,48,0,1,,1
5 2020-2021 14MMS0609V BGAI Escolarizada,5,2020-2021,14MMS0609V,BGAI,Escolarizada,50,51,,101,0,0,,0,0,0,,0
6 2020-2021 14MMS0609V BGC Escolarizada,6,2020-2021,14MMS0609V,BGC,Escolarizada,829,1351,,2180,16,13,,29,0,0,,0
7 2020-2021 14MMS0610K BGAI Escolarizada,7,2020-2021,14MMS0610K,BGAI,Escolarizada,80,63,,143,1,0,,1,0,0,,0
8 2020-2021 14MMS0610K BGC Escolarizada,8,2020-2021,14MMS0610K,BGC,Escolarizada,860,1359,,2219,13,23,,36,0,0,,0
9 2020-2021 14MMS0611J BGC Escolarizada,9,2020-2021,14MMS0611J,BGC,Escolarizada,988,1492,,2480,19,20,,39,0,0,,0
10 2020-2021 14MMS0612I BGC Escolarizada,10,2020-2021,14MMS0612I,BGC,Escolarizada,1704,2728,,4432,27,42,,69,0,3,,3
11 2020-2021 14MMS0613H BGC Escolarizada,11,2020-2021,14MMS0613H,BGC,Escolarizada,2307,2921,,5228,50,39,,89,6,9,,15
12 2020-2021 14MMS0614G 3101600003 Escolarizada,12,2020-2021,14MMS0614G,3101600003,Escolarizada,251,667,,918,7,11,,18,0,0,,0
13 2020-2021 14MMS0614G BGC Escolarizada,13,2020-2021,14MMS0614G,BGC,Escolarizada,1742,2739,,4481,34,47,,81,0,0,,0
14 2020-2021 14MMS0615F BGC Escolarizada,14,2020-2021,14MMS0615F,BGC,Escolarizada,889,1454,,2343,9,28,,37,0,0,,0
15 2020-2021 14MMS0616E 2071100002 Escolarizada,15,2020-2021,14MMS0616E,2071100002,Escolarizada,254,7,,261,3,0,,3,0,0,,0
16 2020-2021 14MMS0616E 2071400001 Escolarizada,16,2020-2021,14MMS0616E,2071400001,Escolarizada,236,337,,573,2,10,,12,0,0,,0
17 2020-2021 14MMS0616E 2092100004 Escolarizada,17,2020-2021,14MMS0616E,2092100004,Escolarizada,240,659,,899,3,5,,8,0,0,,0
18 2020-2021 14MMS0616E 3081100003 Escolarizada,18,2020-2021,14MMS0616E,3081100003,Escolarizada,250,208,,458,4,2,,6,0,0,,0
19 2020-2021 14MMS0616E BGC Escolarizada,19,2020-2021,14MMS0616E,BGC,Escolarizada,407,548,,955,9,12,,21,0,0,,0
20 2020-2021 14MMS0617D BGC Escolarizada,20,2020-2021,14MMS0617D,BGC,Escolarizada,474,664,,1138,7,6,,13,1,0,,1
21 2020-2021 14MMS0618C BGAI Escolarizada,21,2020-2021,14MMS0618C,BGAI,Escolarizada,0,0,,0,0,0,,0,0,0,,0
22 2020-2021 14MMS0618C BGC Escolarizada,22,2020-2021,14MMS0618C,BGC,Escolarizada,713,932,,1645,9,10,,19,0,0,,0
23 2020-2021 14MMS0619B BGAI Escolarizada,23,2020-2021,14MMS0619B,BGAI,Escolarizada,0,0,,0,0,0,,0,0,0,,0
24 2020-2021 14MMS0619B BGC Escolarizada,24,2020-2021,14MMS0619B,BGC,Escolarizada,588,779,,1367,19,13,,32,0,1,,1
25 2020-2021 14MMS0620R BGAI Escolarizada,25,2020-2021,14MMS0620R,BGAI,Escolarizada,0,0,,0,0,0,,0,0,0,,0
26 2020-2021 14MMS0620R BGC Escolarizada,26,2020-2021,14MMS0620R,BGC,Escolarizada,225,271,,496,1,1,,2,0,0,,0
27 2020-2021 14MMS0621Q BGC Escolarizada,27,2020-2021,14MMS0621Q,BGC,Escolarizada,730,975,,1705,23,19,,42,0,0,,0
28 2020-2021 14MMS0622P BGC Escolarizada,28,2020-2021,14MMS0622P,BGC,Escolarizada,257,272,,529,5,9,,14,0,0,,0
29 2020-2021 14MMS0623O BGC Escolarizada,29,2020-2021,14MMS0623O,BGC,Escolarizada,1377,1972,,3349,22,36,,58,0,1,,1
30 2020-2021 14MMS0624N BGC Escolarizada,30,2020-2021,14MMS0624N,BGC,Escolarizada,290,397,,687,2,4,,6,0,1,,1
31 2020-2021 14MMS0625M BGAI Escolarizada,31,2020-2021,14MMS0625M,BGAI,Escolarizada,12,13,,25,0,0,,0,0,0,,0
32 2020-2021 14MMS0625M BGC Escolarizada,32,2020-2021,14MMS0625M,BGC,Escolarizada,283,328,,611,6,3,,9,21,20,,41
33 2020-2021 14MMS0626L BGC Escolarizada,33,2020-2021,14MMS0626L,BGC,Escolarizada,852,1193,,2045,15,37,,52,0,2,,2
34 2020-2021 14MMS0627K BGAI Escolarizada,34,2020-2021,14MMS0627K,BGAI,Escolarizada,6,15,,21,0,1,,1,0,0,,0
35 2020-2021 14MMS0627K BGC Escolarizada,35,2020-2021,14MMS0627K,BGC,Escolarizada,309,329,,638,0,0,,0,0,0,,0
36 2020-2021 14MMS0628J BGC Escolarizada,36,2020-2021,14MMS0628J,BGC,Escolarizada,827,1010,,1837,22,18,,40,0,1,,1
37 2020-2021 14MMS0629I BGAI Escolarizada,37,2020-2021,14MMS0629I,BGAI,Escolarizada,0,0,,0,0,0,,0,0,0,,0
38 2020-2021 14MMS0629I BGC Escolarizada,38,2020-2021,14MMS0629I,BGC,Escolarizada,831,1084,,1915,18,24,,42,0,0,,0
39 2020-2021 14MMS0630Y BGC Escolarizada,39,2020-2021,14MMS0630Y,BGC,Escolarizada,943,1213,,2156,19,23,,42,1,0,,1
40 2020-2021 14MMS0631X BGC Escolarizada,40,2020-2021,14MMS0631X,BGC,Escolarizada,1430,1850,,3280,15,18,,33,3,2,,5
41 2020-2021 14MMS0632W 3042100026 Escolarizada,41,2020-2021,14MMS0632W,3042100026,Escolarizada,88,86,,174,1,0,,1,0,0,,0
42 2020-2021 14MMS0632W BGAI Escolarizada,42,2020-2021,14MMS0632W,BGAI,Escolarizada,0,0,,0,0,0,,0,0,0,,0
43 2020-2021 14MMS0632W BGC Escolarizada,43,2020-2021,14MMS0632W,BGC,Escolarizada,1106,1417,,2523,24,19,,43,0,0,,0
44 2020-2021 14MMS0633V BGC Escolarizada,44,2020-2021,14MMS0633V,BGC,Escolarizada,214,284,,498,6,7,,13,0,2,,2
45 2020-2021 14MMS0634U BGC Escolarizada,45,2020-2021,14MMS0634U,BGC,Escolarizada,799,1224,,2023,26,30,,56,0,2,,2
46 2020-2021 14MMS0635T BGC Escolarizada,46,2020-2021,14MMS0635T,BGC,Escolarizada,620,762,,1382,19,26,,45,0,0,,0
47 2020-2021 14MMS0636S BGC Escolarizada,47,2020-2021,14MMS0636S,BGC,Escolarizada,1248,1470,,2718,13,17,,30,1,1,,2
48 2020-2021 14MMS0637R BGC Escolarizada,48,2020-2021,14MMS0637R,BGC,Escolarizada,359,417,,776,6,7,,13,1,0,,1
49 2020-2021 14MMS0638Q BGC Escolarizada,49,2020-2021,14MMS0638Q,BGC,Escolarizada,330,469,,799,1,0,,1,0,0,,0
50 2020-2021 14MMS0639P BGC Escolarizada,50,2020-2021,14MMS0639P,BGC,Escolarizada,262,291,,553,5,2,,7,0,0,,0
51 2020-2021 14MMS0640E BGC Escolarizada,51,2020-2021,14MMS0640E,BGC,Escolarizada,425,588,,1013,10,12,,22,0,0,,0
52 2020-2021 14MMS0641D BGC Escolarizada,52,2020-2021,14MMS0641D,BGC,Escolarizada,203,267,,470,4,4,,8,0,1,,1
53 2020-2021 14MMS0642C BGC Escolarizada,53,2020-2021,14MMS0642C,BGC,Escolarizada,267,370,,637,4,11,,15,0,0,,0
54 2020-2021 14MMS0643B BGAI Escolarizada,54,2020-2021,14MMS0643B,BGAI,Escolarizada,17,10,,27,0,0,,0,0,0,,0
55 2020-2021 14MMS0643B BGC Escolarizada,55,2020-2021,14MMS0643B,BGC,Escolarizada,473,534,,1007,3,4,,7,0,0,,0
56 2020-2021 14MMS0644A BGC Escolarizada,56,2020-2021,14MMS0644A,BGC,Escolarizada,386,416,,802,2,1,,3,0,0,,0
57 2020-2021 14MMS0645Z 3021700001 Escolarizada,57,2020-2021,14MMS0645Z,3021700001,Escolarizada,100,134,,234,1,2,,3,0,0,,0
58 2020-2021 14MMS0645Z 3042100001 Escolarizada,58,2020-2021,14MMS0645Z,3042100001,Escolarizada,151,264,,415,4,5,,9,0,0,,0
59 2020-2021 14MMS0645Z BGAI Escolarizada,59,2020-2021,14MMS0645Z,BGAI,Escolarizada,54,57,,111,1,0,,1,0,0,,0
60 2020-2021 14MMS0645Z BGC Escolarizada,60,2020-2021,14MMS0645Z,BGC,Escolarizada,1171,1883,,3054,20,35,,55,0,0,,0
61 2020-2021 14MMS0646Z BGC Escolarizada,61,2020-2021,14MMS0646Z,BGC,Escolarizada,2612,2566,,5178,35,20,,55,2,2,,4
62 2020-2021 14MMS0647Y BGAI Escolarizada,62,2020-2021,14MMS0647Y,BGAI,Escolarizada,10,11,,21,0,0,,0,0,0,,0
63 2020-2021 14MMS0647Y BGC Escolarizada,63,2020-2021,14MMS0647Y,BGC,Escolarizada,1268,1816,,3084,13,21,,34,3,1,,4
64 2020-2021 14MMS0648X BGC Escolarizada,64,2020-2021,14MMS0648X,BGC,Escolarizada,1255,1891,,3146,18,24,,42,0,6,,6
65 2020-2021 14MMS0649W BGAI Escolarizada,65,2020-2021,14MMS0649W,BGAI,Escolarizada,36,37,,73,0,0,,0,0,0,,0
66 2020-2021 14MMS0649W BGC Escolarizada,66,2020-2021,14MMS0649W,BGC,Escolarizada,1814,2478,,4292,23,29,,52,3,4,,7
67 2020-2021 14MMS0650L 3093100005 Escolarizada,67,2020-2021,14MMS0650L,3093100005,Escolarizada,128,322,,450,2,3,,5,0,0,,0
68 2020-2021 14MMS0650L 3095300007 Escolarizada,68,2020-2021,14MMS0650L,3095300007,Escolarizada,139,336,,475,1,4,,5,0,0,,0
69 2020-2021 14MMS0650L BGAI Escolarizada,69,2020-2021,14MMS0650L,BGAI,Escolarizada,82,71,,153,0,0,,0,0,0,,0
70 2020-2021 14MMS0650L BGC Escolarizada,70,2020-2021,14MMS0650L,BGC,Escolarizada,1305,1744,,3049,19,23,,42,0,0,,0
71 2020-2021 14MMS0651K 3101600003 Escolarizada,71,2020-2021,14MMS0651K,3101600003,Escolarizada,111,143,,254,1,5,,6,0,0,,0
72 2020-2021 14MMS0651K BGAI Escolarizada,72,2020-2021,14MMS0651K,BGAI,Escolarizada,0,0,,0,0,0,,0,0,0,,0
73 2020-2021 14MMS0651K BGC Escolarizada,73,2020-2021,14MMS0651K,BGC,Escolarizada,432,615,,1047,7,13,,20,0,2,,2
74 2020-2021 14MMS0652J BGC Escolarizada,74,2020-2021,14MMS0652J,BGC,Escolarizada,256,321,,577,7,15,,22,0,0,,0
75 2020-2021 14MMS0653I BGC Escolarizada,75,2020-2021,14MMS0653I,BGC,Escolarizada,520,645,,1165,6,8,,14,0,1,,1
76 2020-2021 14MMS0654H BGAI Escolarizada,76,2020-2021,14MMS0654H,BGAI,Escolarizada,26,23,,49,0,0,,0,0,0,,0
77 2020-2021 14MMS0654H BGC Escolarizada,77,2020-2021,14MMS0654H,BGC,Escolarizada,607,1023,,1630,8,13,,21,0,1,,1
78 2020-2021 14MMS0655G BGC Escolarizada,78,2020-2021,14MMS0655G,BGC,Escolarizada,740,856,,1596,4,5,,9,1,3,,4
79 2020-2021 14MMS0656F BGC Escolarizada,79,2020-2021,14MMS0656F,BGC,Escolarizada,236,235,,471,1,0,,1,0,0,,0
80 2020-2021 14MMS0657E BGAI Escolarizada,80,2020-2021,14MMS0657E,BGAI,Escolarizada,176,159,,335,0,0,,0,0,0,,0
81 2020-2021 14MMS0657E BGC Escolarizada,81,2020-2021,14MMS0657E,BGC,Escolarizada,951,1297,,2248,10,14,,24,0,0,,0
82 2020-2021 14MMS0658D BGC Escolarizada,82,2020-2021,14MMS0658D,BGC,Escolarizada,625,805,,1430,15,13,,28,0,0,,0
83 2020-2021 14MMS0659C 3042100026 Escolarizada,83,2020-2021,14MMS0659C,3042100026,Escolarizada,102,96,,198,6,2,,8,0,0,,0
84 2020-2021 14MMS0659C BGC Escolarizada,84,2020-2021,14MMS0659C,BGC,Escolarizada,304,439,,743,4,18,,22,0,0,,0
85 2020-2021 14MMS0660S 3042000001 Escolarizada,85,2020-2021,14MMS0660S,3042000001,Escolarizada,94,88,,182,0,0,,0,0,0,,0
86 2020-2021 14MMS0660S 3101600003 Escolarizada,86,2020-2021,14MMS0660S,3101600003,Escolarizada,61,102,,163,0,0,,0,0,0,,0
87 2020-2021 14MMS0660S BGC Escolarizada,87,2020-2021,14MMS0660S,BGC,Escolarizada,395,321,,716,1,0,,1,0,0,,0
88 2020-2021 14MMS0661R BGC Escolarizada,88,2020-2021,14MMS0661R,BGC,Escolarizada,92,104,,196,2,1,,3,0,0,,0
89 2020-2021 14MMS0662Q BGC Escolarizada,89,2020-2021,14MMS0662Q,BGC,Escolarizada,135,145,,280,0,0,,0,0,0,,0
90 2020-2021 14MMS0663P BGC Escolarizada,90,2020-2021,14MMS0663P,BGC,Escolarizada,78,84,,162,1,2,,3,0,0,,0
91 2020-2021 14MMS0664O BGC Escolarizada,91,2020-2021,14MMS0664O,BGC,Escolarizada,75,83,,158,0,1,,1,0,0,,0
92 2020-2021 14MMS0665N BGC Escolarizada,92,2020-2021,14MMS0665N,BGC,Escolarizada,115,130,,245,2,1,,3,0,0,,0
93 2020-2021 14MMS0666M BGC Escolarizada,93,2020-2021,14MMS0666M,BGC,Escolarizada,126,158,,284,2,8,,10,0,0,,0
94 2020-2021 14MMS0667L BGC Escolarizada,94,2020-2021,14MMS0667L,BGC,Escolarizada,109,203,,312,0,0,,0,0,0,,0
95 2020-2021 14MMS0668K BGC Escolarizada,95,2020-2021,14MMS0668K,BGC,Escolarizada,246,345,,591,3,3,,6,0,0,,0
96 2020-2021 14MMS0669J BGC Escolarizada,96,2020-2021,14MMS0669J,BGC,Escolarizada,123,157,,280,1,3,,4,0,0,,0
97 2020-2021 14MMS0670Z BGC Escolarizada,97,2020-2021,14MMS0670Z,BGC,Escolarizada,77,80,,157,0,1,,1,0,0,,0
98 2020-2021 14MMS0671Y BGC Escolarizada,98,2020-2021,14MMS0671Y,BGC,Escolarizada,73,87,,160,0,0,,0,0,0,,0
99 2020-2021 14MMS0672X BGC Escolarizada,99,2020-2021,14MMS0672X,BGC,Escolarizada,27,32,,59,0,0,,0,0,0,,0
100 2020-2021 14MMS0673W BGC Escolarizada,100,2020-2021,14MMS0673W,BGC,Escolarizada,118,119,,237,0,2,,2,0,0,,0
101 2020-2021 14MMS0674V BGC Escolarizada,101,2020-2021,14MMS0674V,BGC,Escolarizada,76,85,,161,0,0,,0,0,0,,0
102 2020-2021 14MMS0675U BGC Escolarizada,102,2020-2021,14MMS0675U,BGC,Escolarizada,56,80,,136,1,1,,2,0,0,,0
103 2020-2021 14MMS0676T BGC Escolarizada,103,2020-2021,14MMS0676T,BGC,Escolarizada,123,126,,249,1,0,,1,0,0,,0
104 2020-2021 14MMS0677S BGC Escolarizada,104,2020-2021,14MMS0677S,BGC,Escolarizada,116,131,,247,0,0,,0,0,0,,0
105 2020-2021 14MMS0678R BGC Escolarizada,105,2020-2021,14MMS0678R,BGC,Escolarizada,133,110,,243,0,0,,0,0,0,,0
106 2020-2021 14MMS0679Q BGC Escolarizada,106,2020-2021,14MMS0679Q,BGC,Escolarizada,186,164,,350,1,0,,1,0,0,,0
107 2020-2021 14MMS0680F BGC Escolarizada,107,2020-2021,14MMS0680F,BGC,Escolarizada,110,104,,214,0,1,,1,0,0,,0
108 2020-2021 14MMS0681E BGC Escolarizada,108,2020-2021,14MMS0681E,BGC,Escolarizada,95,103,,198,0,1,,1,0,0,,0
109 2020-2021 14MMS0682D BGC Escolarizada,109,2020-2021,14MMS0682D,BGC,Escolarizada,141,156,,297,2,2,,4,0,0,,0
110 2020-2021 14MMS0683C BGC Escolarizada,110,2020-2021,14MMS0683C,BGC,Escolarizada,161,171,,332,1,1,,2,0,1,,1
111 2020-2021 14MMS0684B BGC Escolarizada,111,2020-2021,14MMS0684B,BGC,Escolarizada,60,74,,134,0,0,,0,0,0,,0
112 2020-2021 14MMS0685A BGAI Escolarizada,112,2020-2021,14MMS0685A,BGAI,Escolarizada,0,0,,0,0,0,,0,0,0,,0
113 2020-2021 14MMS0685A BGC Escolarizada,113,2020-2021,14MMS0685A,BGC,Escolarizada,191,196,,387,3,2,,5,6,11,,17
114 2020-2021 14MMS0686Z BGC Escolarizada,114,2020-2021,14MMS0686Z,BGC,Escolarizada,120,128,,248,1,0,,1,50,41,,91
115 2020-2021 14MMS0687Z BGC Escolarizada,115,2020-2021,14MMS0687Z,BGC,Escolarizada,57,57,,114,0,1,,1,5,2,,7
116 2020-2021 14MMS0688Y BGC Escolarizada,116,2020-2021,14MMS0688Y,BGC,Escolarizada,95,117,,212,1,0,,1,4,7,,11
117 2020-2021 14MMS0689X BGC Escolarizada,117,2020-2021,14MMS0689X,BGC,Escolarizada,64,55,,119,0,0,,0,0,0,,0
118 2020-2021 14MMS0690M BGC Escolarizada,118,2020-2021,14MMS0690M,BGC,Escolarizada,23,42,,65,0,0,,0,0,0,,0
119 2020-2021 14MMS0691L BGC Escolarizada,119,2020-2021,14MMS0691L,BGC,Escolarizada,76,108,,184,0,0,,0,0,0,,0
120 2020-2021 14MMS0692K BGC Escolarizada,120,2020-2021,14MMS0692K,BGC,Escolarizada,116,114,,230,3,1,,4,0,0,,0
121 2020-2021 14MMS0693J BGC Escolarizada,121,2020-2021,14MMS0693J,BGC,Escolarizada,337,345,,682,1,1,,2,0,1,,1
122 2020-2021 14MMS0694I BGC Escolarizada,122,2020-2021,14MMS0694I,BGC,Escolarizada,79,113,,192,1,1,,2,0,0,,0
123 2020-2021 14MMS0695H BGC Escolarizada,123,2020-2021,14MMS0695H,BGC,Escolarizada,180,226,,406,6,4,,10,0,0,,0
124 2020-2021 14MMS0696G BGC Escolarizada,124,2020-2021,14MMS0696G,BGC,Escolarizada,207,296,,503,0,2,,2,0,0,,0
125 2020-2021 14MMS0697F BGC Escolarizada,125,2020-2021,14MMS0697F,BGC,Escolarizada,107,105,,212,1,1,,2,0,0,,0
126 2020-2021 14MMS0698E BGC Escolarizada,126,2020-2021,14MMS0698E,BGC,Escolarizada,218,186,,404,0,0,,0,0,0,,0
127 2020-2021 14MMS0699D 3081100003 Escolarizada,127,2020-2021,14MMS0699D,3081100003,Escolarizada,46,42,,88,0,0,,0,0,0,,0
128 2020-2021 14MMS0699D BGC Escolarizada,128,2020-2021,14MMS0699D,BGC,Escolarizada,143,159,,302,4,0,,4,0,0,,0
129 2020-2021 14MMS0700C BGC Escolarizada,129,2020-2021,14MMS0700C,BGC,Escolarizada,112,134,,246,0,0,,0,0,0,,0
130 2020-2021 14MMS0701B BGC Escolarizada,130,2020-2021,14MMS0701B,BGC,Escolarizada,380,465,,845,4,9,,13,2,0,,2
131 2020-2021 14MMS0702A BGC Escolarizada,131,2020-2021,14MMS0702A,BGC,Escolarizada,83,75,,158,2,2,,4,0,0,,0
132 2020-2021 14MMS0703Z BGC Escolarizada,132,2020-2021,14MMS0703Z,BGC,Escolarizada,124,134,,258,0,0,,0,0,0,,0
133 2020-2021 14MMS0704Z BGC Escolarizada,133,2020-2021,14MMS0704Z,BGC,Escolarizada,76,77,,153,0,0,,0,0,0,,0
134 2020-2021 14MMS0705Y BGC Escolarizada,134,2020-2021,14MMS0705Y,BGC,Escolarizada,310,370,,680,6,7,,13,0,1,,1
135 2020-2021 14MMS0706X BGC Escolarizada,135,2020-2021,14MMS0706X,BGC,Escolarizada,411,469,,880,13,8,,21,0,0,,0
136 2020-2021 14MMS0707W BGC Escolarizada,136,2020-2021,14MMS0707W,BGC,Escolarizada,355,413,,768,0,2,,2,0,0,,0
137 2020-2021 14MMS0708V BGC Escolarizada,137,2020-2021,14MMS0708V,BGC,Escolarizada,295,326,,621,2,3,,5,0,0,,0
138 2020-2021 14MMS0709U BGC Escolarizada,138,2020-2021,14MMS0709U,BGC,Escolarizada,207,197,,404,0,0,,0,1,0,,1
139 2020-2021 14MMS0710J BGC Escolarizada,139,2020-2021,14MMS0710J,BGC,Escolarizada,174,195,,369,0,1,,1,2,0,,2
140 2020-2021 14MMS0711I BGC Escolarizada,140,2020-2021,14MMS0711I,BGC,Escolarizada,96,99,,195,1,0,,1,0,0,,0
141 2020-2021 14MMS0712H BGC Escolarizada,141,2020-2021,14MMS0712H,BGC,Escolarizada,227,282,,509,0,0,,0,0,0,,0
142 2020-2021 14MMS0713G BGC Escolarizada,142,2020-2021,14MMS0713G,BGC,Escolarizada,249,292,,541,6,3,,9,0,0,,0
143 2020-2021 14MMS0714F BGC Escolarizada,143,2020-2021,14MMS0714F,BGC,Escolarizada,182,215,,397,5,6,,11,0,0,,0
144 2020-2021 14MMS0715E BGC Escolarizada,144,2020-2021,14MMS0715E,BGC,Escolarizada,109,143,,252,4,5,,9,0,0,,0
145 2020-2021 14MMS0716D BGC Escolarizada,145,2020-2021,14MMS0716D,BGC,Escolarizada,155,189,,344,0,0,,0,0,0,,0
146 2020-2021 14MMS0717C 3042000001 Escolarizada,146,2020-2021,14MMS0717C,3042000001,Escolarizada,47,40,,87,0,0,,0,0,0,,0
147 2020-2021 14MMS0717C 3101600003 Escolarizada,147,2020-2021,14MMS0717C,3101600003,Escolarizada,21,41,,62,0,0,,0,0,0,,0
148 2020-2021 14MMS0717C BGC Escolarizada,148,2020-2021,14MMS0717C,BGC,Escolarizada,256,240,,496,2,0,,2,0,0,,0
149 2020-2021 14MMS0718B 3042000001 Escolarizada,149,2020-2021,14MMS0718B,3042000001,Escolarizada,42,37,,79,0,0,,0,0,0,,0
150 2020-2021 14MMS0718B 3101600003 Escolarizada,150,2020-2021,14MMS0718B,3101600003,Escolarizada,67,103,,170,0,0,,0,0,0,,0
151 2020-2021 14MMS0718B BGC Escolarizada,151,2020-2021,14MMS0718B,BGC,Escolarizada,213,244,,457,0,0,,0,0,0,,0
152 2020-2021 14MMS0719A BGC Escolarizada,152,2020-2021,14MMS0719A,BGC,Escolarizada,111,123,,234,0,0,,0,0,0,,0
153 2020-2021 14MMS0720Q BGC Escolarizada,153,2020-2021,14MMS0720Q,BGC,Escolarizada,177,227,,404,0,0,,0,0,0,,0
154 2020-2021 14MMS0721P BGC Escolarizada,154,2020-2021,14MMS0721P,BGC,Escolarizada,210,304,,514,5,7,,12,0,1,,1
155 2020-2021 14MMS0722O BGC Escolarizada,155,2020-2021,14MMS0722O,BGC,Escolarizada,246,267,,513,2,5,,7,1,0,,1
156 2020-2021 14MMS0723N BGC Escolarizada,156,2020-2021,14MMS0723N,BGC,Escolarizada,62,71,,133,1,0,,1,0,0,,0
157 2020-2021 14MMS0724M BGC Escolarizada,157,2020-2021,14MMS0724M,BGC,Escolarizada,108,133,,241,0,0,,0,0,0,,0
158 2020-2021 14MMS0725L BGC Escolarizada,158,2020-2021,14MMS0725L,BGC,Escolarizada,56,72,,128,0,0,,0,0,0,,0
159 2020-2021 14MMS0726K BGC Escolarizada,159,2020-2021,14MMS0726K,BGC,Escolarizada,47,54,,101,0,0,,0,0,0,,0
160 2020-2021 14MMS0727J BGC Escolarizada,160,2020-2021,14MMS0727J,BGC,Escolarizada,53,76,,129,0,0,,0,0,0,,0
161 2020-2021 14MMS0728I BGC Escolarizada,161,2020-2021,14MMS0728I,BGC,Escolarizada,71,73,,144,2,1,,3,0,0,,0
162 2020-2021 14MMS0730X BGC Escolarizada,162,2020-2021,14MMS0730X,BGC,Escolarizada,86,81,,167,0,0,,0,0,0,,0
163 2020-2021 14MMS0731W BGC Escolarizada,163,2020-2021,14MMS0731W,BGC,Escolarizada,82,61,,143,1,0,,1,3,1,,4
164 2020-2021 14MMS0732V BGC Escolarizada,164,2020-2021,14MMS0732V,BGC,Escolarizada,117,99,,216,0,2,,2,0,1,,1
165 2020-2021 14MMS0733U BGC Escolarizada,165,2020-2021,14MMS0733U,BGC,Escolarizada,63,52,,115,0,0,,0,0,0,,0
166 2020-2021 14MMS0734T BGC Escolarizada,166,2020-2021,14MMS0734T,BGC,Escolarizada,43,41,,84,0,1,,1,5,3,,8
167 2020-2021 14MMS0735S BGC Escolarizada,167,2020-2021,14MMS0735S,BGC,Escolarizada,54,44,,98,1,3,,4,0,0,,0
168 2020-2021 14MMS0736R BGC Escolarizada,168,2020-2021,14MMS0736R,BGC,Escolarizada,58,50,,108,0,0,,0,0,0,,0
169 2020-2021 14MMS0737Q BGC Escolarizada,169,2020-2021,14MMS0737Q,BGC,Escolarizada,45,53,,98,0,2,,2,0,0,,0
170 2020-2021 14MMS0738P BGC Escolarizada,170,2020-2021,14MMS0738P,BGC,Escolarizada,28,42,,70,0,0,,0,5,2,,7
171 2020-2021 14MMS0739O BGC Escolarizada,171,2020-2021,14MMS0739O,BGC,Escolarizada,112,100,,212,1,1,,2,2,0,,2
172 2020-2021 14MMS0740D BGC Escolarizada,172,2020-2021,14MMS0740D,BGC,Escolarizada,37,48,,85,0,0,,0,0,0,,0
173 2020-2021 14MMS0741C BGC Escolarizada,173,2020-2021,14MMS0741C,BGC,Escolarizada,50,75,,125,0,0,,0,0,0,,0
174 2020-2021 14MMS0742B BGC Escolarizada,174,2020-2021,14MMS0742B,BGC,Escolarizada,44,45,,89,0,0,,0,0,0,,0
175 2020-2021 14MMS0743A BGC Escolarizada,175,2020-2021,14MMS0743A,BGC,Escolarizada,55,41,,96,0,0,,0,0,0,,0
176 2020-2021 14MMS0744Z BGC Escolarizada,176,2020-2021,14MMS0744Z,BGC,Escolarizada,420,396,,816,6,7,,13,0,0,,0
177 2020-2021 14MMS0745Z BGC Escolarizada,177,2020-2021,14MMS0745Z,BGC,Escolarizada,38,47,,85,0,0,,0,0,0,,0
178 2020-2021 14MMS0746Y BGC Escolarizada,178,2020-2021,14MMS0746Y,BGC,Escolarizada,109,138,,247,1,0,,1,0,0,,0
179 2020-2021 14MMS0747X BGC Escolarizada,179,2020-2021,14MMS0747X,BGC,Escolarizada,155,176,,331,0,0,,0,0,0,,0
180 2020-2021 14MMS0748W 3081100003 Escolarizada,180,2020-2021,14MMS0748W,3081100003,Escolarizada,89,44,,133,3,0,,3,0,0,,0
181 2020-2021 14MMS0748W BGC Escolarizada,181,2020-2021,14MMS0748W,BGC,Escolarizada,97,146,,243,1,0,,1,0,0,,0
182 2020-2021 14MMS0749V BGAI Escolarizada,182,2020-2021,14MMS0749V,BGAI,Escolarizada,75,142,,217,8,2,,10,0,1,,1
183 2020-2021 14MMS0750K BGC Escolarizada,183,2020-2021,14MMS0750K,BGC,Escolarizada,113,153,,266,5,15,,20,0,0,,0
184 2020-2021 14MMS0751J 3021600008 Escolarizada,184,2020-2021,14MMS0751J,3021600008,Escolarizada,17,112,,129,0,0,,0,17,107,,124
185 2020-2021 14MMS0751J 3081100019 Escolarizada,185,2020-2021,14MMS0751J,3081100019,Escolarizada,123,19,,142,0,0,,0,114,19,,133
186 2020-2021 14MMS0751J BGC Escolarizada,186,2020-2021,14MMS0751J,BGC,Escolarizada,0,0,,0,0,0,,0,0,0,,0
187 2020-2021 14MMS0752I 3061300004 Escolarizada,187,2020-2021,14MMS0752I,3061300004,Escolarizada,348,229,,577,9,5,,14,1,0,,1
188 2020-2021 14MMS0752I 3073200001 Escolarizada,188,2020-2021,14MMS0752I,3073200001,Escolarizada,263,321,,584,3,6,,9,0,0,,0
189 2020-2021 14MMS0752I BGC Escolarizada,189,2020-2021,14MMS0752I,BGC,Escolarizada,570,1071,,1641,9,26,,35,2,1,,3
190 2020-2021 14MMS0753H BGC Escolarizada,190,2020-2021,14MMS0753H,BGC,Escolarizada,1118,1451,,2569,18,25,,43,0,0,,0
191 2020-2021 14MMS0754G BGC Escolarizada,191,2020-2021,14MMS0754G,BGC,Escolarizada,93,122,,215,6,14,,20,0,0,,0
192 2020-2021 14MMS0755F BGC Escolarizada,192,2020-2021,14MMS0755F,BGC,Escolarizada,85,98,,183,2,0,,2,0,0,,0
193 2020-2021 14MMS0756E BGC Escolarizada,193,2020-2021,14MMS0756E,BGC,Escolarizada,1092,1455,,2547,15,16,,31,6,2,,8
194 2020-2021 14MMS0757D BGC Escolarizada,194,2020-2021,14MMS0757D,BGC,Escolarizada,1179,1474,,2653,14,22,,36,3,2,,5
195 2020-2021 14MMS0758C BGC Escolarizada,195,2020-2021,14MMS0758C,BGC,Escolarizada,103,87,,190,3,2,,5,0,0,,0
196 2020-2021 14MMS0759B BGC Escolarizada,196,2020-2021,14MMS0759B,BGC,Escolarizada,1401,1760,,3161,18,23,,41,0,3,,3
197 2020-2021 14MMS0760R BGC Escolarizada,197,2020-2021,14MMS0760R,BGC,Escolarizada,39,45,,84,0,0,,0,0,0,,0
198 2020-2021 14MMS0761Q BGC Escolarizada,198,2020-2021,14MMS0761Q,BGC,Escolarizada,139,146,,285,0,0,,0,0,0,,0
199 2020-2021 14MMS0762P BGC Escolarizada,199,2020-2021,14MMS0762P,BGC,Escolarizada,119,135,,254,1,0,,1,0,0,,0
200 2020-2021 14MMS0763O BGC Escolarizada,200,2020-2021,14MMS0763O,BGC,Escolarizada,64,54,,118,0,0,,0,0,0,,0
201 2020-2021 14MMS0764N BGC Escolarizada,201,2020-2021,14MMS0764N,BGC,Escolarizada,70,94,,164,0,1,,1,0,0,,0
202 2020-2021 14MMS0766L BGC Escolarizada,202,2020-2021,14MMS0766L,BGC,Escolarizada,26,30,,56,0,0,,0,0,0,,0
203 2020-2021 14MMS0767K BGC Escolarizada,203,2020-2021,14MMS0767K,BGC,Escolarizada,349,379,,728,1,5,,6,0,0,,0
204 2020-2021 14MMS0768J BGC Escolarizada,204,2020-2021,14MMS0768J,BGC,Escolarizada,106,103,,209,1,4,,5,0,0,,0
205 2020-2021 14MMS0769I BGC Escolarizada,205,2020-2021,14MMS0769I,BGC,Escolarizada,112,136,,248,0,1,,1,0,0,,0
206 2020-2021 14MMS0770Y BGC Escolarizada,206,2020-2021,14MMS0770Y,BGC,Escolarizada,36,33,,69,1,0,,1,0,0,,0
207 2020-2021 14MMS0771X BGC Escolarizada,207,2020-2021,14MMS0771X,BGC,Escolarizada,147,213,,360,0,0,,0,0,0,,0
208 2020-2021 14MMS0772W BGC Escolarizada,208,2020-2021,14MMS0772W,BGC,Escolarizada,42,56,,98,0,1,,1,0,0,,0
209 2020-2021 14MMS0773V BGC Escolarizada,209,2020-2021,14MMS0773V,BGC,Escolarizada,786,840,,1626,13,18,,31,0,0,,0
210 2020-2021 14MMS0774U 2092100004 Escolarizada,210,2020-2021,14MMS0774U,2092100004,Escolarizada,360,1012,,1372,3,4,,7,1,4,,5
211 2020-2021 14MMS0775T 2021300033 Escolarizada,211,2020-2021,14MMS0775T,2021300033,Escolarizada,339,188,,527,11,3,,14,0,0,,0
212 2020-2021 14MMS0776S 2062200013 Escolarizada,212,2020-2021,14MMS0776S,2062200013,Escolarizada,770,240,,1010,20,3,,23,0,0,,0
213 2020-2021 14MMS0776S 2071100002 Escolarizada,213,2020-2021,14MMS0776S,2071100002,Escolarizada,865,39,,904,15,0,,15,0,0,,0
214 2020-2021 14MMS0776S 2071200002 Escolarizada,214,2020-2021,14MMS0776S,2071200002,Escolarizada,474,18,,492,12,0,,12,0,0,,0
215 2020-2021 14MMS0776S 2071400003 Escolarizada,215,2020-2021,14MMS0776S,2071400003,Escolarizada,320,333,,653,5,4,,9,0,0,,0
216 2020-2021 14MMS0776S 2072100002 Escolarizada,216,2020-2021,14MMS0776S,2072100002,Escolarizada,287,722,,1009,5,13,,18,0,1,,1
217 2020-2021 14MMS0776S 2072300001 Escolarizada,217,2020-2021,14MMS0776S,2072300001,Escolarizada,197,77,,274,4,1,,5,0,0,,0
218 2020-2021 14MMS0776S 2072400003 Escolarizada,218,2020-2021,14MMS0776S,2072400003,Escolarizada,213,67,,280,4,0,,4,0,0,,0
219 2020-2021 14MMS0776S 3071700002 Escolarizada,219,2020-2021,14MMS0776S,3071700002,Escolarizada,76,104,,180,1,2,,3,0,1,,1
220 2020-2021 14MMS0776S 3073200001 Escolarizada,220,2020-2021,14MMS0776S,3073200001,Escolarizada,404,208,,612,12,6,,18,1,0,,1
221 2020-2021 14MMS0777R 2092100004 Escolarizada,221,2020-2021,14MMS0777R,2092100004,Escolarizada,176,579,,755,5,4,,9,0,0,,0
222 2020-2021 14MMS0798D BGC Escolarizada,222,2020-2021,14MMS0798D,BGC,Escolarizada,227,298,,525,3,8,,11,0,0,,0
223 2020-2021 14MMS0799C 2051200001 Escolarizada,223,2020-2021,14MMS0799C,2051200001,Escolarizada,142,251,,393,0,3,,3,0,0,,0
224 2020-2021 14MMS0799C 2062100003 Escolarizada,224,2020-2021,14MMS0799C,2062100003,Escolarizada,142,84,,226,4,1,,5,0,0,,0
225 2020-2021 14MMS0799C 2062200007 Escolarizada,225,2020-2021,14MMS0799C,2062200007,Escolarizada,803,332,,1135,18,3,,21,1,0,,1
226 2020-2021 14MMS0799C 2071100002 Escolarizada,226,2020-2021,14MMS0799C,2071100002,Escolarizada,183,20,,203,3,0,,3,0,0,,0
227 2020-2021 14MMS0799C 2071200002 Escolarizada,227,2020-2021,14MMS0799C,2071200002,Escolarizada,97,13,,110,2,0,,2,0,0,,0
228 2020-2021 14MMS0799C 2071200011 Escolarizada,228,2020-2021,14MMS0799C,2071200011,Escolarizada,251,60,,311,6,1,,7,0,1,,1
229 2020-2021 14MMS0799C 2072000001 Escolarizada,229,2020-2021,14MMS0799C,2072000001,Escolarizada,112,46,,158,1,1,,2,0,0,,0
230 2020-2021 14MMS0799C 3041100005 Escolarizada,230,2020-2021,14MMS0799C,3041100005,Escolarizada,177,294,,471,4,4,,8,0,0,,0
231 2020-2021 14MMS0799C 3042000001 Escolarizada,231,2020-2021,14MMS0799C,3042000001,Escolarizada,369,567,,936,5,8,,13,0,0,,0
232 2020-2021 14MMS0817B BGC Escolarizada,232,2020-2021,14MMS0817B,BGC,Escolarizada,191,167,,358,1,2,,3,0,0,,0
233 2020-2021 14MMS0818A BGC Escolarizada,233,2020-2021,14MMS0818A,BGC,Escolarizada,1266,1900,,3166,20,41,,61,0,0,,0
234 2020-2021 14MMS0827I BGC Escolarizada,234,2020-2021,14MMS0827I,BGC,Escolarizada,97,120,,217,0,1,,1,0,0,,0
235 2020-2021 14MMS0832U BGC Escolarizada,235,2020-2021,14MMS0832U,BGC,Escolarizada,82,103,,185,0,0,,0,0,0,,0
236 2020-2021 14MMS0844Z BGC Escolarizada,236,2020-2021,14MMS0844Z,BGC,Escolarizada,1055,1144,,2199,17,19,,36,2,0,,2
237 2020-2021 14USU0002Z 5011500002 Escolarizada,237,2020-2021,14USU0002Z,5011500002,Escolarizada,42,88,,130,3,2,,5,12,12,,24
238 2020-2021 14USU0002Z 5031100007 Escolarizada,238,2020-2021,14USU0002Z,5031100007,Escolarizada,83,331,,414,1,7,,8,3,4,,7
239 2020-2021 14USU0002Z 5031200004 Escolarizada,239,2020-2021,14USU0002Z,5031200004,Escolarizada,14,25,,39,1,1,,2,1,3,,4
240 2020-2021 14USU0002Z 5033100003 Escolarizada,240,2020-2021,14USU0002Z,5033100003,Escolarizada,322,333,,655,5,6,,11,13,9,,22
241 2020-2021 14USU0002Z 5041100021 Escolarizada,241,2020-2021,14USU0002Z,5041100021,Escolarizada,100,37,,137,2,0,,2,13,3,,16
242 2020-2021 14USU0002Z 5041400032 Escolarizada,242,2020-2021,14USU0002Z,5041400032,Escolarizada,82,125,,207,2,6,,8,8,4,,12
243 2020-2021 14USU0002Z 5042000002 Escolarizada,243,2020-2021,14USU0002Z,5042000002,Escolarizada,162,186,,348,10,3,,13,15,2,,17
244 2020-2021 14USU0002Z 5062100034 Escolarizada,244,2020-2021,14USU0002Z,5062100034,Escolarizada,11,15,,26,0,1,,1,0,0,,0
245 2020-2021 14USU0002Z 5062200073 Escolarizada,245,2020-2021,14USU0002Z,5062200073,Escolarizada,197,64,,261,9,0,,9,15,2,,17
246 2020-2021 14USU0002Z 5071300009 Escolarizada,246,2020-2021,14USU0002Z,5071300009,Escolarizada,252,29,,281,8,2,,10,7,0,,7
247 2020-2021 14USU0002Z 5092100006 Escolarizada,247,2020-2021,14USU0002Z,5092100006,Escolarizada,252,784,,1036,6,16,,22,8,35,,43
248 2020-2021 14USU0002Z 5094200006 Escolarizada,248,2020-2021,14USU0002Z,5094200006,Escolarizada,70,187,,257,4,5,,9,2,11,,13
249 2020-2021 14USU0002Z 5101600013 Escolarizada,249,2020-2021,14USU0002Z,5101600013,Escolarizada,30,58,,88,1,5,,6,0,4,,4
250 2020-2021 14USU0002Z 7011400011 Escolarizada,250,2020-2021,14USU0002Z,7011400011,Escolarizada,10,15,,25,0,0,,0,0,1,,1
251 2020-2021 14USU0002Z 7031000052 Escolarizada,251,2020-2021,14USU0002Z,7031000052,Escolarizada,2,2,,4,0,1,,1,0,0,,0
252 2020-2021 14USU0002Z 7031200009 Escolarizada,252,2020-2021,14USU0002Z,7031200009,Escolarizada,9,4,,13,0,0,,0,3,0,,3
253 2020-2021 14USU0002Z 7033100026 Escolarizada,253,2020-2021,14USU0002Z,7033100026,Escolarizada,27,18,,45,1,1,,2,1,0,,1
254 2020-2021 14USU0002Z 7042100033 Escolarizada,254,2020-2021,14USU0002Z,7042100033,Escolarizada,39,23,,62,0,0,,0,1,1,,2
255 2020-2021 14USU0002Z 7095600030 Escolarizada,255,2020-2021,14USU0002Z,7095600030,Escolarizada,27,25,,52,1,1,,2,1,0,,1
256 2020-2021 14USU0003Y 5011500002 Escolarizada,256,2020-2021,14USU0003Y,5011500002,Escolarizada,55,190,,245,1,3,,4,0,0,,0
257 2020-2021 14USU0003Y 5031100007 Escolarizada,257,2020-2021,14USU0003Y,5031100007,Escolarizada,101,336,,437,4,11,,15,0,0,,0
258 2020-2021 14USU0003Y 5031500010 Escolarizada,258,2020-2021,14USU0003Y,5031500010,Escolarizada,46,429,,475,2,8,,10,0,0,,0
259 2020-2021 14USU0003Y 5033100003 Escolarizada,259,2020-2021,14USU0003Y,5033100003,Escolarizada,181,279,,460,2,7,,9,0,0,,0
260 2020-2021 14USU0003Y 5041100021 Escolarizada,260,2020-2021,14USU0003Y,5041100021,Escolarizada,123,77,,200,3,3,,6,0,0,,0
261 2020-2021 14USU0003Y 5041400032 Escolarizada,261,2020-2021,14USU0003Y,5041400032,Escolarizada,171,285,,456,6,5,,11,0,0,,0
262 2020-2021 14USU0003Y 5042000002 Escolarizada,262,2020-2021,14USU0003Y,5042000002,Escolarizada,154,237,,391,7,6,,13,0,1,,1
263 2020-2021 14USU0003Y 5051100015 Escolarizada,263,2020-2021,14USU0003Y,5051100015,Escolarizada,69,112,,181,1,4,,5,0,1,,1
264 2020-2021 14USU0003Y 5052200021 Escolarizada,264,2020-2021,14USU0003Y,5052200021,Escolarizada,46,40,,86,2,1,,3,0,0,,0
265 2020-2021 14USU0003Y 5062200055 Escolarizada,265,2020-2021,14USU0003Y,5062200055,Escolarizada,0,0,,0,0,0,,0,0,0,,0
266 2020-2021 14USU0003Y 5062200073 Escolarizada,266,2020-2021,14USU0003Y,5062200073,Escolarizada,158,20,,178,3,0,,3,0,0,,0
267 2020-2021 14USU0003Y 5062200082 Escolarizada,267,2020-2021,14USU0003Y,5062200082,Escolarizada,149,42,,191,2,1,,3,0,0,,0
268 2020-2021 14USU0003Y 5071300014 Escolarizada,268,2020-2021,14USU0003Y,5071300014,Escolarizada,354,28,,382,9,0,,9,1,0,,1
269 2020-2021 14USU0003Y 5071300091 Escolarizada,269,2020-2021,14USU0003Y,5071300091,Escolarizada,95,14,,109,4,1,,5,0,0,,0
270 2020-2021 14USU0003Y 5072400001 Escolarizada,270,2020-2021,14USU0003Y,5072400001,Escolarizada,30,19,,49,0,0,,0,0,0,,0
271 2020-2021 14USU0003Y 5092100006 Escolarizada,271,2020-2021,14USU0003Y,5092100006,Escolarizada,0,0,,0,0,0,,0,0,0,,0
272 2020-2021 14USU0003Y 5094200006 Escolarizada,272,2020-2021,14USU0003Y,5094200006,Escolarizada,60,171,,231,4,3,,7,0,0,,0
273 2020-2021 14USU0003Y 5101600013 Escolarizada,273,2020-2021,14USU0003Y,5101600013,Escolarizada,55,169,,224,2,5,,7,0,0,,0
274 2020-2021 14USU0003Y 7011400011 Escolarizada,274,2020-2021,14USU0003Y,7011400011,Escolarizada,13,34,,47,1,0,,1,0,0,,0
275 2020-2021 14USU0003Y 7012500034 Escolarizada,275,2020-2021,14USU0003Y,7012500034,Escolarizada,0,0,,0,0,0,,0,0,0,,0
276 2020-2021 14USU0003Y 7031200071 Escolarizada,276,2020-2021,14USU0003Y,7031200071,Escolarizada,8,6,,14,0,0,,0,0,0,,0
277 2020-2021 14USU0003Y 7052100021 Escolarizada,277,2020-2021,14USU0003Y,7052100021,Escolarizada,2,0,,2,0,0,,0,0,0,,0
278 2020-2021 14USU0003Y 7061300005 Escolarizada,278,2020-2021,14USU0003Y,7061300005,Escolarizada,9,1,,10,1,0,,1,0,0,,0
279 2020-2021 14USU0003Y 7071300003 Escolarizada,279,2020-2021,14USU0003Y,7071300003,Escolarizada,12,2,,14,0,0,,0,0,0,,0
280 2020-2021 14USU0003Y 8052100019 Escolarizada,280,2020-2021,14USU0003Y,8052100019,Escolarizada,7,4,,11,0,0,,0,0,0,,0
281 2020-2021 14USU0005W 5021000114 Escolarizada,281,2020-2021,14USU0005W,5021000114,Escolarizada,205,247,,452,3,4,,7,0,1,,1
282 2020-2021 14USU0005W 5021200054 Escolarizada,282,2020-2021,14USU0005W,5021200054,Escolarizada,81,202,,283,5,3,,8,1,0,,1
283 2020-2021 14USU0005W 5021200055 Escolarizada,283,2020-2021,14USU0005W,5021200055,Escolarizada,99,116,,215,2,2,,4,0,0,,0
284 2020-2021 14USU0005W 5021400012 Escolarizada,284,2020-2021,14USU0005W,5021400012,Escolarizada,64,32,,96,0,0,,0,0,0,,0
285 2020-2021 14USU0005W 5021700002 Escolarizada,285,2020-2021,14USU0005W,5021700002,Escolarizada,186,338,,524,4,3,,7,0,0,,0
286 2020-2021 14USU0005W 7012602009 Escolarizada,286,2020-2021,14USU0005W,7012602009,Escolarizada,7,10,,17,0,0,,0,0,0,,0
287 2020-2021 14USU0005W 7031000012 Escolarizada,287,2020-2021,14USU0005W,7031000012,Escolarizada,5,9,,14,0,1,,1,0,0,,0
288 2020-2021 14USU0006V 5021300063 Escolarizada,288,2020-2021,14USU0006V,5021300063,Escolarizada,175,86,,261,3,1,,4,1,0,,1
289 2020-2021 14USU0007U 5051100006 Escolarizada,289,2020-2021,14USU0007U,5051100006,Escolarizada,134,159,,293,6,3,,9,1,0,,1
290 2020-2021 14USU0008T 5021000010 Escolarizada,290,2020-2021,14USU0008T,5021000010,Escolarizada,53,133,,186,2,1,,3,0,0,,0
291 2020-2021 14USU0008T 5021600062 Escolarizada,291,2020-2021,14USU0008T,5021600062,Escolarizada,77,139,,216,3,2,,5,0,0,,0
292 2020-2021 14USU0008T 5022500001 Escolarizada,292,2020-2021,14USU0008T,5022500001,Escolarizada,59,114,,173,3,5,,8,0,0,,0
293 2020-2021 14USU0008T 5031500008 Escolarizada,293,2020-2021,14USU0008T,5031500008,Escolarizada,34,230,,264,0,2,,2,0,0,,0
294 2020-2021 14USU0008T 5033100003 Escolarizada,294,2020-2021,14USU0008T,5033100003,Escolarizada,593,830,,1423,7,15,,22,0,2,,2
295 2020-2021 14USU0008T 5033200024 Escolarizada,295,2020-2021,14USU0008T,5033200024,Escolarizada,47,132,,179,0,6,,6,0,0,,0
296 2020-2021 14USU0008T 5041400032 Escolarizada,296,2020-2021,14USU0008T,5041400032,Escolarizada,375,452,,827,8,12,,20,1,0,,1
297 2020-2021 14USU0008T 5042100012 Escolarizada,297,2020-2021,14USU0008T,5042100012,Escolarizada,368,432,,800,7,4,,11,0,0,,0
298 2020-2021 14USU0008T 5052200002 Escolarizada,298,2020-2021,14USU0008T,5052200002,Escolarizada,365,156,,521,13,4,,17,1,0,,1
299 2020-2021 14USU0008T 5061100001 Escolarizada,299,2020-2021,14USU0008T,5061100001,Escolarizada,385,63,,448,14,0,,14,1,1,,2
300 2020-2021 14USU0008T 5071200009 Escolarizada,300,2020-2021,14USU0008T,5071200009,Escolarizada,475,95,,570,7,3,,10,1,0,,1
301 2020-2021 14USU0008T 5073100009 Escolarizada,301,2020-2021,14USU0008T,5073100009,Escolarizada,57,54,,111,3,1,,4,0,0,,0
302 2020-2021 14USU0008T 5091100011 Escolarizada,302,2020-2021,14USU0008T,5091100011,Escolarizada,508,776,,1284,5,4,,9,0,1,,1
303 2020-2021 14USU0008T 5094200006 Escolarizada,303,2020-2021,14USU0008T,5094200006,Escolarizada,95,435,,530,1,9,,10,0,1,,1
304 2020-2021 14USU0008T 5095600005 Escolarizada,304,2020-2021,14USU0008T,5095600005,Escolarizada,58,154,,212,2,2,,4,0,0,,0
305 2020-2021 14USU0008T 7042300011 Escolarizada,305,2020-2021,14USU0008T,7042300011,Escolarizada,8,8,,16,0,0,,0,0,0,,0
306 2020-2021 14USU0008T 7071000033 Escolarizada,306,2020-2021,14USU0008T,7071000033,Escolarizada,8,0,,8,0,0,,0,0,0,,0
307 2020-2021 14USU0008T 7071200021 Escolarizada,307,2020-2021,14USU0008T,7071200021,Escolarizada,13,3,,16,0,0,,0,0,0,,0
308 2020-2021 14USU0008T 7102100006 Escolarizada,308,2020-2021,14USU0008T,7102100006,Escolarizada,9,2,,11,0,0,,0,0,0,,0
309 2020-2021 14USU0008T 8033100003 Escolarizada,309,2020-2021,14USU0008T,8033100003,Escolarizada,21,15,,36,0,1,,1,0,0,,0
310 2020-2021 14USU0008T 8071200008 Escolarizada,310,2020-2021,14USU0008T,8071200008,Escolarizada,17,9,,26,0,0,,0,0,0,,0
311 2020-2021 14USU0008T 8091345016 Escolarizada,311,2020-2021,14USU0008T,8091345016,Escolarizada,7,8,,15,1,0,,1,0,0,,0
312 2020-2021 14USU0008T 8102100001 Escolarizada,312,2020-2021,14USU0008T,8102100001,Escolarizada,8,4,,12,0,0,,0,0,0,,0
313 2020-2021 14USU0009S 5033100003 Escolarizada,313,2020-2021,14USU0009S,5033100003,Escolarizada,17,32,,49,0,0,,0,0,0,,0
314 2020-2021 14USU0009S 5042000002 Escolarizada,314,2020-2021,14USU0009S,5042000002,Escolarizada,40,53,,93,0,1,,1,0,0,,0
315 2020-2021 14USU0009S 5101600013 Escolarizada,315,2020-2021,14USU0009S,5101600013,Escolarizada,18,28,,46,0,0,,0,0,0,,0
316 2020-2021 14USU0010H 5021500119 Escolarizada,316,2020-2021,14USU0010H,5021500119,Escolarizada,29,82,,111,2,5,,7,1,1,,2
317 2020-2021 14USU0010H 5031200031 Escolarizada,317,2020-2021,14USU0010H,5031200031,Escolarizada,205,329,,534,1,9,,10,1,0,,1
318 2020-2021 14USU0010H 5031300010 Escolarizada,318,2020-2021,14USU0010H,5031300010,Escolarizada,345,273,,618,3,3,,6,0,2,,2
319 2020-2021 14USU0010H 5031300014 Escolarizada,319,2020-2021,14USU0010H,5031300014,Escolarizada,218,535,,753,2,5,,7,1,1,,2
320 2020-2021 14USU0010H 5031500010 Escolarizada,320,2020-2021,14USU0010H,5031500010,Escolarizada,70,1136,,1206,3,28,,31,0,1,,1
321 2020-2021 14USU0010H 5032100027 Escolarizada,321,2020-2021,14USU0010H,5032100027,Escolarizada,47,83,,130,0,1,,1,0,0,,0
322 2020-2021 14USU0010H 5033200006 Escolarizada,322,2020-2021,14USU0010H,5033200006,Escolarizada,138,301,,439,2,10,,12,0,0,,0
323 2020-2021 14USU0010H 7011200033 Escolarizada,323,2020-2021,14USU0010H,7011200033,Escolarizada,3,12,,15,0,0,,0,0,0,,0
324 2020-2021 14USU0010H 7012603017 Escolarizada,324,2020-2021,14USU0010H,7012603017,Escolarizada,11,18,,29,0,0,,0,0,0,,0
325 2020-2021 14USU0010H 7022200011 Escolarizada,325,2020-2021,14USU0010H,7022200011,Escolarizada,2,6,,8,0,0,,0,0,0,,0
326 2020-2021 14USU0010H 7022200019 Escolarizada,326,2020-2021,14USU0010H,7022200019,Escolarizada,1,5,,6,0,0,,0,0,0,,0
327 2020-2021 14USU0010H 7022300005 Escolarizada,327,2020-2021,14USU0010H,7022300005,Escolarizada,8,6,,14,0,0,,0,0,0,,0
328 2020-2021 14USU0010H 7022400002 Escolarizada,328,2020-2021,14USU0010H,7022400002,Escolarizada,3,10,,13,0,0,,0,0,0,,0
329 2020-2021 14USU0010H 7022500015 Escolarizada,329,2020-2021,14USU0010H,7022500015,Escolarizada,7,7,,14,0,0,,0,0,0,,0
330 2020-2021 14USU0010H 7022600008 Escolarizada,330,2020-2021,14USU0010H,7022600008,Escolarizada,21,3,,24,1,0,,1,0,0,,0
331 2020-2021 14USU0010H 7031000001 Escolarizada,331,2020-2021,14USU0010H,7031000001,Escolarizada,12,16,,28,0,0,,0,0,0,,0
332 2020-2021 14USU0010H 7031200043 Escolarizada,332,2020-2021,14USU0010H,7031200043,Escolarizada,0,0,,0,0,0,,0,0,0,,0
333 2020-2021 14USU0010H 7031300005 Escolarizada,333,2020-2021,14USU0010H,7031300005,Escolarizada,8,7,,15,0,0,,0,0,0,,0
334 2020-2021 14USU0010H 7031300078 Escolarizada,334,2020-2021,14USU0010H,7031300078,Escolarizada,7,7,,14,0,0,,0,0,0,,0
335 2020-2021 14USU0010H 7032100004 Escolarizada,335,2020-2021,14USU0010H,7032100004,Escolarizada,9,9,,18,0,0,,0,0,0,,0
336 2020-2021 14USU0010H 7032100049 Escolarizada,336,2020-2021,14USU0010H,7032100049,Escolarizada,2,5,,7,0,0,,0,0,0,,0
337 2020-2021 14USU0010H 7073100005 Escolarizada,337,2020-2021,14USU0010H,7073100005,Escolarizada,3,6,,9,0,0,,0,0,0,,0
338 2020-2021 14USU0010H 8011000006 Escolarizada,338,2020-2021,14USU0010H,8011000006,Escolarizada,7,7,,14,0,0,,0,0,0,,0
339 2020-2021 14USU0010H 8011500003 Escolarizada,339,2020-2021,14USU0010H,8011500003,Escolarizada,9,14,,23,0,0,,0,0,0,,0
340 2020-2021 14USU0010H 8022000001 Escolarizada,340,2020-2021,14USU0010H,8022000001,Escolarizada,7,5,,12,1,0,,1,0,0,,0
341 2020-2021 14USU0010H 8022500004 Escolarizada,341,2020-2021,14USU0010H,8022500004,Escolarizada,7,10,,17,0,0,,0,0,0,,0
342 2020-2021 14USU0010H 8031000001 Escolarizada,342,2020-2021,14USU0010H,8031000001,Escolarizada,18,25,,43,0,0,,0,0,0,,0
343 2020-2021 14USU0010H 8031300003 Escolarizada,343,2020-2021,14USU0010H,8031300003,Escolarizada,17,14,,31,0,0,,0,0,0,,0
344 2020-2021 14USU0010H 8052300012 Escolarizada,344,2020-2021,14USU0010H,8052300012,Escolarizada,6,9,,15,0,0,,0,0,1,,1
345 2020-2021 14USU0011G 5042100092 Escolarizada,345,2020-2021,14USU0011G,5042100092,Escolarizada,29,52,,81,0,1,,1,0,0,,0
346 2020-2021 14USU0011G 5051200024 Escolarizada,346,2020-2021,14USU0011G,5051200024,Escolarizada,17,24,,41,0,0,,0,0,0,,0
347 2020-2021 14USU0011G 5071100005 Escolarizada,347,2020-2021,14USU0011G,5071100005,Escolarizada,25,15,,40,1,0,,1,0,0,,0
348 2020-2021 14USU0011G 5071300014 Escolarizada,348,2020-2021,14USU0011G,5071300014,Escolarizada,73,5,,78,4,0,,4,0,0,,0
349 2020-2021 14USU0011G 5073200005 Escolarizada,349,2020-2021,14USU0011G,5073200005,Escolarizada,52,10,,62,0,0,,0,1,0,,1
350 2020-2021 14USU0011G 5094100009 Escolarizada,350,2020-2021,14USU0011G,5094100009,Escolarizada,59,140,,199,2,1,,3,0,0,,0
351 2020-2021 14USU0100Z 5012603011 Escolarizada,351,2020-2021,14USU0100Z,5012603011,Escolarizada,49,114,,163,1,1,,2,0,1,,1
352 2020-2021 14USU0100Z 5012603027 Escolarizada,352,2020-2021,14USU0100Z,5012603027,Escolarizada,73,141,,214,3,1,,4,0,0,,0
353 2020-2021 14USU0100Z 5022300022 Escolarizada,353,2020-2021,14USU0100Z,5022300022,Escolarizada,161,398,,559,8,4,,12,0,0,,0
354 2020-2021 14USU0100Z 5022500008 Escolarizada,354,2020-2021,14USU0100Z,5022500008,Escolarizada,373,285,,658,8,6,,14,1,1,,2
355 2020-2021 14USU0100Z 5022600002 Escolarizada,355,2020-2021,14USU0100Z,5022600002,Escolarizada,293,159,,452,7,6,,13,0,0,,0
356 2020-2021 14USU0100Z 5031200004 Escolarizada,356,2020-2021,14USU0100Z,5031200004,Escolarizada,94,188,,282,3,6,,9,0,0,,0
357 2020-2021 14USU0100Z 5033100003 Escolarizada,357,2020-2021,14USU0100Z,5033100003,Escolarizada,2970,3037,,6007,30,32,,62,5,4,,9
358 2020-2021 14USU0100Z 5052300015 Escolarizada,358,2020-2021,14USU0100Z,5052300015,Escolarizada,176,160,,336,4,5,,9,0,0,,0
359 2020-2021 14USU0100Z 7022300015 Escolarizada,359,2020-2021,14USU0100Z,7022300015,Escolarizada,0,0,,0,0,0,,0,0,0,,0
360 2020-2021 14USU0100Z 7033100026 Escolarizada,360,2020-2021,14USU0100Z,7033100026,Escolarizada,46,32,,78,2,0,,2,0,0,,0
361 2020-2021 14USU0100Z 8033100009 Escolarizada,361,2020-2021,14USU0100Z,8033100009,Escolarizada,20,14,,34,0,0,,0,0,0,,0
362 2020-2021 14USU0110G 5052100005 Escolarizada,362,2020-2021,14USU0110G,5052100005,Escolarizada,313,106,,419,10,2,,12,0,0,,0
363 2020-2021 14USU0110G 5052200007 Escolarizada,363,2020-2021,14USU0110G,5052200007,Escolarizada,413,357,,770,12,5,,17,1,0,,1
364 2020-2021 14USU0110G 5052200017 Escolarizada,364,2020-2021,14USU0110G,5052200017,Escolarizada,110,62,,172,2,2,,4,0,0,,0
365 2020-2021 14USU0110G 5053100004 Escolarizada,365,2020-2021,14USU0110G,5053100004,Escolarizada,196,111,,307,7,6,,13,0,1,,1
366 2020-2021 14USU0110G 5061000002 Escolarizada,366,2020-2021,14USU0110G,5061000002,Escolarizada,1513,237,,1750,41,6,,47,1,1,,2
367 2020-2021 14USU0110G 5062100009 Escolarizada,367,2020-2021,14USU0110G,5062100009,Escolarizada,1449,216,,1665,26,4,,30,4,1,,5
368 2020-2021 14USU0110G 5062200055 Escolarizada,368,2020-2021,14USU0110G,5062200055,Escolarizada,1201,201,,1402,35,3,,38,2,1,,3
369 2020-2021 14USU0110G 5071000020 Escolarizada,369,2020-2021,14USU0110G,5071000020,Escolarizada,386,283,,669,13,7,,20,1,1,,2
370 2020-2021 14USU0110G 5071200034 Escolarizada,370,2020-2021,14USU0110G,5071200034,Escolarizada,169,56,,225,10,0,,10,0,0,,0
371 2020-2021 14USU0110G 5071300009 Escolarizada,371,2020-2021,14USU0110G,5071300009,Escolarizada,1637,98,,1735,35,0,,35,3,0,,3
372 2020-2021 14USU0110G 5071300082 Escolarizada,372,2020-2021,14USU0110G,5071300082,Escolarizada,243,36,,279,9,0,,9,0,0,,0
373 2020-2021 14USU0110G 5071400015 Escolarizada,373,2020-2021,14USU0110G,5071400015,Escolarizada,877,651,,1528,25,15,,40,1,0,,1
374 2020-2021 14USU0110G 5071700019 Escolarizada,374,2020-2021,14USU0110G,5071700019,Escolarizada,1394,555,,1949,23,7,,30,4,1,,5
375 2020-2021 14USU0110G 5072100033 Escolarizada,375,2020-2021,14USU0110G,5072100033,Escolarizada,172,379,,551,4,9,,13,0,0,,0
376 2020-2021 14USU0110G 5073200005 Escolarizada,376,2020-2021,14USU0110G,5073200005,Escolarizada,1025,229,,1254,13,2,,15,2,0,,2
377 2020-2021 14USU0110G 5073200035 Escolarizada,377,2020-2021,14USU0110G,5073200035,Escolarizada,250,58,,308,6,2,,8,0,0,,0
378 2020-2021 14USU0110G 5095400006 Escolarizada,378,2020-2021,14USU0110G,5095400006,Escolarizada,631,1088,,1719,15,22,,37,1,1,,2
379 2020-2021 14USU0110G 5102100004 Escolarizada,379,2020-2021,14USU0110G,5102100004,Escolarizada,136,67,,203,3,0,,3,0,0,,0
380 2020-2021 14USU0110G 6041100014 Escolarizada,380,2020-2021,14USU0110G,6041100014,Escolarizada,0,0,,0,0,0,,0,0,0,,0
381 2020-2021 14USU0110G 7012604029 Escolarizada,381,2020-2021,14USU0110G,7012604029,Escolarizada,5,8,,13,0,0,,0,0,0,,0
382 2020-2021 14USU0110G 7041100029 Escolarizada,382,2020-2021,14USU0110G,7041100029,Escolarizada,0,0,,0,0,0,,0,0,0,,0
383 2020-2021 14USU0110G 7052100009 Escolarizada,383,2020-2021,14USU0110G,7052100009,Escolarizada,11,4,,15,0,0,,0,0,0,,0
384 2020-2021 14USU0110G 7052200003 Escolarizada,384,2020-2021,14USU0110G,7052200003,Escolarizada,8,6,,14,0,0,,0,0,0,,0
385 2020-2021 14USU0110G 7052200006 Escolarizada,385,2020-2021,14USU0110G,7052200006,Escolarizada,18,8,,26,2,0,,2,0,0,,0
386 2020-2021 14USU0110G 7052200018 Escolarizada,386,2020-2021,14USU0110G,7052200018,Escolarizada,15,2,,17,0,0,,0,0,0,,0
387 2020-2021 14USU0110G 7052300025 Escolarizada,387,2020-2021,14USU0110G,7052300025,Escolarizada,11,2,,13,0,0,,0,0,0,,0
388 2020-2021 14USU0110G 7053100007 Escolarizada,388,2020-2021,14USU0110G,7053100007,Escolarizada,11,3,,14,0,0,,0,0,0,,0
389 2020-2021 14USU0110G 7061300011 Escolarizada,389,2020-2021,14USU0110G,7061300011,Escolarizada,0,0,,0,0,0,,0,0,0,,0
390 2020-2021 14USU0110G 7062000007 Escolarizada,390,2020-2021,14USU0110G,7062000007,Escolarizada,12,5,,17,0,0,,0,0,0,,0
391 2020-2021 14USU0110G 7062200074 Escolarizada,391,2020-2021,14USU0110G,7062200074,Escolarizada,23,4,,27,0,0,,0,0,0,,0
392 2020-2021 14USU0110G 7071200009 Escolarizada,392,2020-2021,14USU0110G,7071200009,Escolarizada,14,1,,15,0,0,,0,1,0,,1
393 2020-2021 14USU0110G 7071300026 Escolarizada,393,2020-2021,14USU0110G,7071300026,Escolarizada,29,1,,30,0,0,,0,0,0,,0
394 2020-2021 14USU0110G 7071400012 Escolarizada,394,2020-2021,14USU0110G,7071400012,Escolarizada,5,8,,13,1,1,,2,0,0,,0
395 2020-2021 14USU0110G 7071500006 Escolarizada,395,2020-2021,14USU0110G,7071500006,Escolarizada,3,1,,4,0,0,,0,0,0,,0
396 2020-2021 14USU0110G 7071600009 Escolarizada,396,2020-2021,14USU0110G,7071600009,Escolarizada,0,0,,0,0,0,,0,0,0,,0
397 2020-2021 14USU0110G 7071600020 Escolarizada,397,2020-2021,14USU0110G,7071600020,Escolarizada,5,4,,9,0,0,,0,0,0,,0
398 2020-2021 14USU0110G 7071700002 Escolarizada,398,2020-2021,14USU0110G,7071700002,Escolarizada,0,0,,0,0,0,,0,0,0,,0
399 2020-2021 14USU0110G 7101500016 Escolarizada,399,2020-2021,14USU0110G,7101500016,Escolarizada,1,4,,5,0,0,,0,0,0,,0
400 2020-2021 14USU0110G 8052000007 Escolarizada,400,2020-2021,14USU0110G,8052000007,Escolarizada,1,3,,4,0,0,,0,0,0,,0
401 2020-2021 14USU0110G 8052100009 Escolarizada,401,2020-2021,14USU0110G,8052100009,Escolarizada,12,2,,14,0,0,,0,0,0,,0
402 2020-2021 14USU0110G 8052200001 Escolarizada,402,2020-2021,14USU0110G,8052200001,Escolarizada,11,3,,14,0,0,,0,0,0,,0
403 2020-2021 14USU0110G 8052200009 Escolarizada,403,2020-2021,14USU0110G,8052200009,Escolarizada,7,12,,19,0,0,,0,0,0,,0
404 2020-2021 14USU0110G 8052200018 Escolarizada,404,2020-2021,14USU0110G,8052200018,Escolarizada,23,4,,27,0,0,,0,0,0,,0
405 2020-2021 14USU0110G 8053100005 Escolarizada,405,2020-2021,14USU0110G,8053100005,Escolarizada,0,1,,1,0,0,,0,0,0,,0
406 2020-2021 14USU0110G 8071300016 Escolarizada,406,2020-2021,14USU0110G,8071300016,Escolarizada,25,9,,34,0,0,,0,0,0,,0
407 2020-2021 14USU0110G 8071400003 Escolarizada,407,2020-2021,14USU0110G,8071400003,Escolarizada,9,15,,24,0,0,,0,0,0,,0
408 2020-2021 14USU0120N 5031400003 Escolarizada,408,2020-2021,14USU0120N,5031400003,Escolarizada,460,203,,663,8,1,,9,0,1,,1
409 2020-2021 14USU0120N 5032100065 Escolarizada,409,2020-2021,14USU0120N,5032100065,Escolarizada,150,403,,553,0,7,,7,0,0,,0
410 2020-2021 14USU0120N 5041100009 Escolarizada,410,2020-2021,14USU0120N,5041100009,Escolarizada,185,147,,332,3,4,,7,0,0,,0
411 2020-2021 14USU0120N 5041100056 Escolarizada,411,2020-2021,14USU0120N,5041100056,Escolarizada,1578,2130,,3708,18,29,,47,0,1,,1
412 2020-2021 14USU0120N 5041100127 Escolarizada,412,2020-2021,14USU0120N,5041100127,Escolarizada,293,468,,761,8,10,,18,1,0,,1
413 2020-2021 14USU0120N 5041200028 Escolarizada,413,2020-2021,14USU0120N,5041200028,Escolarizada,1040,1324,,2364,12,17,,29,4,2,,6
414 2020-2021 14USU0120N 5041300007 Escolarizada,414,2020-2021,14USU0120N,5041300007,Escolarizada,1032,828,,1860,18,17,,35,2,0,,2
415 2020-2021 14USU0120N 5041400032 Escolarizada,415,2020-2021,14USU0120N,5041400032,Escolarizada,1590,1878,,3468,20,24,,44,0,4,,4
416 2020-2021 14USU0120N 5042000002 Escolarizada,416,2020-2021,14USU0120N,5042000002,Escolarizada,1372,1525,,2897,16,25,,41,1,1,,2
417 2020-2021 14USU0120N 5042100117 Escolarizada,417,2020-2021,14USU0120N,5042100117,Escolarizada,204,989,,1193,3,6,,9,0,2,,2
418 2020-2021 14USU0120N 5042300027 Escolarizada,418,2020-2021,14USU0120N,5042300027,Escolarizada,336,239,,575,5,3,,8,1,2,,3
419 2020-2021 14USU0120N 5051300020 Escolarizada,419,2020-2021,14USU0120N,5051300020,Escolarizada,118,227,,345,1,5,,6,1,0,,1
420 2020-2021 14USU0120N 5062200082 Escolarizada,420,2020-2021,14USU0120N,5062200082,Escolarizada,475,142,,617,13,4,,17,3,0,,3
421 2020-2021 14USU0120N 5101600013 Escolarizada,421,2020-2021,14USU0120N,5101600013,Escolarizada,342,1120,,1462,5,14,,19,0,0,,0
422 2020-2021 14USU0120N 7011000042 Escolarizada,422,2020-2021,14USU0120N,7011000042,Escolarizada,10,14,,24,0,0,,0,0,0,,0
423 2020-2021 14USU0120N 7011200077 Escolarizada,423,2020-2021,14USU0120N,7011200077,Escolarizada,3,3,,6,0,1,,1,1,0,,1
424 2020-2021 14USU0120N 7011400011 Escolarizada,424,2020-2021,14USU0120N,7011400011,Escolarizada,19,23,,42,0,2,,2,1,0,,1
425 2020-2021 14USU0120N 7012000087 Escolarizada,425,2020-2021,14USU0120N,7012000087,Escolarizada,2,1,,3,0,0,,0,0,0,,0
426 2020-2021 14USU0120N 7012500034 Escolarizada,426,2020-2021,14USU0120N,7012500034,Escolarizada,6,10,,16,0,0,,0,0,0,,0
427 2020-2021 14USU0120N 7031300023 Escolarizada,427,2020-2021,14USU0120N,7031300023,Escolarizada,22,9,,31,1,0,,1,0,0,,0
428 2020-2021 14USU0120N 7031400008 Escolarizada,428,2020-2021,14USU0120N,7031400008,Escolarizada,14,2,,16,0,0,,0,1,1,,2
429 2020-2021 14USU0120N 7031400038 Escolarizada,429,2020-2021,14USU0120N,7031400038,Escolarizada,13,11,,24,0,0,,0,0,0,,0
430 2020-2021 14USU0120N 7031500062 Escolarizada,430,2020-2021,14USU0120N,7031500062,Escolarizada,18,13,,31,1,0,,1,0,0,,0
431 2020-2021 14USU0120N 7041100024 Escolarizada,431,2020-2021,14USU0120N,7041100024,Escolarizada,5,6,,11,0,0,,0,0,0,,0
432 2020-2021 14USU0120N 7041100026 Escolarizada,432,2020-2021,14USU0120N,7041100026,Escolarizada,8,18,,26,0,0,,0,0,0,,0
433 2020-2021 14USU0120N 7041200034 Escolarizada,433,2020-2021,14USU0120N,7041200034,Escolarizada,41,50,,91,0,1,,1,0,0,,0
434 2020-2021 14USU0120N 7041300021 Escolarizada,434,2020-2021,14USU0120N,7041300021,Escolarizada,51,37,,88,0,1,,1,0,0,,0
435 2020-2021 14USU0120N 7041300024 Escolarizada,435,2020-2021,14USU0120N,7041300024,Escolarizada,0,0,,0,0,0,,0,0,0,,0
436 2020-2021 14USU0120N 7041400008 Escolarizada,436,2020-2021,14USU0120N,7041400008,Escolarizada,0,0,,0,0,0,,0,0,0,,0
437 2020-2021 14USU0120N 7041400009 Escolarizada,437,2020-2021,14USU0120N,7041400009,Escolarizada,0,0,,0,0,0,,0,0,0,,0
438 2020-2021 14USU0120N 7041400048 Escolarizada,438,2020-2021,14USU0120N,7041400048,Escolarizada,36,18,,54,0,0,,0,0,0,,0
439 2020-2021 14USU0120N 7042100033 Escolarizada,439,2020-2021,14USU0120N,7042100033,Escolarizada,101,68,,169,2,0,,2,0,0,,0
440 2020-2021 14USU0120N 7042100129 Escolarizada,440,2020-2021,14USU0120N,7042100129,Escolarizada,0,0,,0,0,0,,0,0,0,,0
441 2020-2021 14USU0120N 7061000012 Escolarizada,441,2020-2021,14USU0120N,7061000012,Escolarizada,18,11,,29,1,1,,2,0,0,,0
442 2020-2021 14USU0120N 7062200049 Escolarizada,442,2020-2021,14USU0120N,7062200049,Escolarizada,34,18,,52,0,0,,0,0,0,,0
443 2020-2021 14USU0120N 7103100010 Escolarizada,443,2020-2021,14USU0120N,7103100010,Escolarizada,30,34,,64,0,1,,1,0,0,,0
444 2020-2021 14USU0120N 8031300020 Escolarizada,444,2020-2021,14USU0120N,8031300020,Escolarizada,14,10,,24,0,0,,0,0,0,,0
445 2020-2021 14USU0120N 8031400010 Escolarizada,445,2020-2021,14USU0120N,8031400010,Escolarizada,0,0,,0,0,0,,0,0,0,,0
446 2020-2021 14USU0120N 8031400014 Escolarizada,446,2020-2021,14USU0120N,8031400014,Escolarizada,14,9,,23,0,0,,0,0,0,,0
447 2020-2021 14USU0120N 8041400003 Escolarizada,447,2020-2021,14USU0120N,8041400003,Escolarizada,12,8,,20,0,0,,0,0,0,,0
448 2020-2021 14USU0120N 8042000005 Escolarizada,448,2020-2021,14USU0120N,8042000005,Escolarizada,23,24,,47,0,0,,0,0,0,,0
449 2020-2021 14USU0120N 8042500005 Escolarizada,449,2020-2021,14USU0120N,8042500005,Escolarizada,10,33,,43,0,0,,0,1,0,,1
450 2020-2021 14USU0120N 8062200005 Escolarizada,450,2020-2021,14USU0120N,8062200005,Escolarizada,10,4,,14,0,0,,0,1,0,,1
451 2020-2021 14USU0130U 5041100021 Escolarizada,451,2020-2021,14USU0130U,5041100021,Escolarizada,165,105,,270,1,2,,3,0,1,,1
452 2020-2021 14USU0130U 5051100003 Escolarizada,452,2020-2021,14USU0130U,5051100003,Escolarizada,857,1105,,1962,12,27,,39,2,0,,2
453 2020-2021 14USU0130U 5072100018 Escolarizada,453,2020-2021,14USU0130U,5072100018,Escolarizada,97,177,,274,4,2,,6,0,1,,1
454 2020-2021 14USU0130U 5081300016 Escolarizada,454,2020-2021,14USU0130U,5081300016,Escolarizada,1338,515,,1853,21,9,,30,1,2,,3
455 2020-2021 14USU0130U 5082100001 Escolarizada,455,2020-2021,14USU0130U,5082100001,Escolarizada,862,1746,,2608,12,36,,48,1,1,,2
456 2020-2021 14USU0130U 7011000002 Escolarizada,456,2020-2021,14USU0130U,7011000002,Escolarizada,9,9,,18,0,0,,0,0,0,,0
457 2020-2021 14USU0130U 7031100005 Escolarizada,457,2020-2021,14USU0130U,7031100005,Escolarizada,32,23,,55,2,0,,2,0,0,,0
458 2020-2021 14USU0130U 7051100007 Escolarizada,458,2020-2021,14USU0130U,7051100007,Escolarizada,0,0,,0,0,0,,0,0,0,,0
459 2020-2021 14USU0130U 7051300013 Escolarizada,459,2020-2021,14USU0130U,7051300013,Escolarizada,21,18,,39,0,0,,0,0,0,,0
460 2020-2021 14USU0130U 7081000006 Escolarizada,460,2020-2021,14USU0130U,7081000006,Escolarizada,6,0,,6,0,0,,0,0,0,,0
461 2020-2021 14USU0130U 7081100051 Escolarizada,461,2020-2021,14USU0130U,7081100051,Escolarizada,6,3,,9,0,0,,0,0,0,,0
462 2020-2021 14USU0130U 7081100056 Escolarizada,462,2020-2021,14USU0130U,7081100056,Escolarizada,7,4,,11,0,1,,1,0,0,,0
463 2020-2021 14USU0130U 7081100072 Escolarizada,463,2020-2021,14USU0130U,7081100072,Escolarizada,0,0,,0,0,0,,0,0,0,,0
464 2020-2021 14USU0130U 7095600007 Escolarizada,464,2020-2021,14USU0130U,7095600007,Escolarizada,5,8,,13,0,0,,0,1,0,,1
465 2020-2021 14USU0130U 8031100002 Escolarizada,465,2020-2021,14USU0130U,8031100002,Escolarizada,14,19,,33,1,1,,2,0,0,,0
466 2020-2021 14USU0130U 8051100024 Escolarizada,466,2020-2021,14USU0130U,8051100024,Escolarizada,6,5,,11,0,0,,0,0,0,,0
467 2020-2021 14USU0130U 8051300007 Escolarizada,467,2020-2021,14USU0130U,8051300007,Escolarizada,23,25,,48,0,0,,0,1,1,,2
468 2020-2021 14USU0140A 5021000110 Escolarizada,468,2020-2021,14USU0140A,5021000110,Escolarizada,42,48,,90,3,0,,3,0,0,,0
469 2020-2021 14USU0140A 5021500044 Escolarizada,469,2020-2021,14USU0140A,5021500044,Escolarizada,538,853,,1391,12,27,,39,2,0,,2
470 2020-2021 14USU0140A 5021600017 Escolarizada,470,2020-2021,14USU0140A,5021600017,Escolarizada,54,477,,531,0,11,,11,0,0,,0
471 2020-2021 14USU0140A 5021600024 Escolarizada,471,2020-2021,14USU0140A,5021600024,Escolarizada,61,283,,344,0,2,,2,0,1,,1
472 2020-2021 14USU0140A 5071100019 Escolarizada,472,2020-2021,14USU0140A,5071100019,Escolarizada,264,346,,610,3,4,,7,0,0,,0
473 2020-2021 14USU0140A 5073100009 Escolarizada,473,2020-2021,14USU0140A,5073100009,Escolarizada,1247,930,,2177,15,8,,23,2,2,,4
474 2020-2021 14USU0140A 5073100024 Escolarizada,474,2020-2021,14USU0140A,5073100024,Escolarizada,182,167,,349,1,4,,5,0,0,,0
475 2020-2021 14USU0140A 7012602009 Escolarizada,475,2020-2021,14USU0140A,7012602009,Escolarizada,0,0,,0,0,0,,0,0,0,,0
476 2020-2021 14USU0140A 7021300007 Escolarizada,476,2020-2021,14USU0140A,7021300007,Escolarizada,4,4,,8,0,0,,0,0,0,,0
477 2020-2021 14USU0140A 7021400038 Escolarizada,477,2020-2021,14USU0140A,7021400038,Escolarizada,6,5,,11,0,0,,0,0,0,,0
478 2020-2021 14USU0140A 7021600006 Escolarizada,478,2020-2021,14USU0140A,7021600006,Escolarizada,4,1,,5,0,0,,0,0,0,,0
479 2020-2021 14USU0140A 7021600019 Escolarizada,479,2020-2021,14USU0140A,7021600019,Escolarizada,4,7,,11,0,0,,0,0,0,,0
480 2020-2021 14USU0140A 7042500117 Escolarizada,480,2020-2021,14USU0140A,7042500117,Escolarizada,6,11,,17,0,0,,0,0,0,,0
481 2020-2021 14USU0140A 7073100051 Escolarizada,481,2020-2021,14USU0140A,7073100051,Escolarizada,0,0,,0,0,0,,0,0,0,,0
482 2020-2021 14USU0140A 7073100082 Escolarizada,482,2020-2021,14USU0140A,7073100082,Escolarizada,19,9,,28,0,0,,0,0,0,,0
483 2020-2021 14USU0140A 7073100088 Escolarizada,483,2020-2021,14USU0140A,7073100088,Escolarizada,16,13,,29,1,0,,1,0,0,,0
484 2020-2021 14USU0140A 7073100089 Escolarizada,484,2020-2021,14USU0140A,7073100089,Escolarizada,12,16,,28,0,0,,0,0,0,,0
485 2020-2021 14USU0140A 7103100003 Escolarizada,485,2020-2021,14USU0140A,7103100003,Escolarizada,5,6,,11,1,0,,1,0,0,,0
486 2020-2021 14USU0140A 8021000010 Escolarizada,486,2020-2021,14USU0140A,8021000010,Escolarizada,7,5,,12,0,0,,0,0,0,,0
487 2020-2021 14USU0140A 8073100010 Escolarizada,487,2020-2021,14USU0140A,8073100010,Escolarizada,18,19,,37,0,0,,0,0,1,,1
488 2020-2021 14USU0150H 5031100007 Escolarizada,488,2020-2021,14USU0150H,5031100007,Escolarizada,47,148,,195,1,6,,7,0,0,,0
489 2020-2021 14USU0150H 5033100003 Escolarizada,489,2020-2021,14USU0150H,5033100003,Escolarizada,111,117,,228,2,4,,6,0,0,,0
490 2020-2021 14USU0150H 5041400032 Escolarizada,490,2020-2021,14USU0150H,5041400032,Escolarizada,89,94,,183,4,3,,7,0,0,,0
491 2020-2021 14USU0150H 5042000002 Escolarizada,491,2020-2021,14USU0150H,5042000002,Escolarizada,73,87,,160,1,2,,3,0,0,,0
492 2020-2021 14USU0150H 5042100117 Escolarizada,492,2020-2021,14USU0150H,5042100117,Escolarizada,39,96,,135,2,5,,7,0,0,,0
493 2020-2021 14USU0160O 5011500002 Escolarizada,493,2020-2021,14USU0160O,5011500002,Escolarizada,0,0,,0,0,0,,0,0,0,,0
494 2020-2021 14USU0160O 5031100007 Escolarizada,494,2020-2021,14USU0160O,5031100007,Escolarizada,153,412,,565,6,18,,24,0,1,,1
495 2020-2021 14USU0160O 5032100038 Escolarizada,495,2020-2021,14USU0160O,5032100038,Escolarizada,60,63,,123,1,0,,1,0,0,,0
496 2020-2021 14USU0160O 5033100003 Escolarizada,496,2020-2021,14USU0160O,5033100003,Escolarizada,253,357,,610,7,9,,16,2,0,,2
497 2020-2021 14USU0160O 5041100056 Escolarizada,497,2020-2021,14USU0160O,5041100056,Escolarizada,173,290,,463,5,4,,9,0,0,,0
498 2020-2021 14USU0160O 5041200028 Escolarizada,498,2020-2021,14USU0160O,5041200028,Escolarizada,116,135,,251,5,5,,10,0,0,,0
499 2020-2021 14USU0160O 5041400032 Escolarizada,499,2020-2021,14USU0160O,5041400032,Escolarizada,99,179,,278,3,13,,16,0,0,,0
500 2020-2021 14USU0160O 5042000002 Escolarizada,500,2020-2021,14USU0160O,5042000002,Escolarizada,133,178,,311,3,4,,7,0,0,,0
501 2020-2021 14USU0160O 5042100117 Escolarizada,501,2020-2021,14USU0160O,5042100117,Escolarizada,62,195,,257,2,7,,9,0,0,,0
502 2020-2021 14USU0160O 5061000002 Escolarizada,502,2020-2021,14USU0160O,5061000002,Escolarizada,200,45,,245,10,0,,10,0,0,,0
503 2020-2021 14USU0160O 5062200055 Escolarizada,503,2020-2021,14USU0160O,5062200055,Escolarizada,174,54,,228,5,3,,8,0,0,,0
504 2020-2021 14USU0160O 5071400015 Escolarizada,504,2020-2021,14USU0160O,5071400015,Escolarizada,184,166,,350,3,3,,6,0,0,,0
505 2020-2021 14USU0160O 5071700019 Escolarizada,505,2020-2021,14USU0160O,5071700019,Escolarizada,234,68,,302,5,2,,7,0,0,,0
506 2020-2021 14USU0160O 5095400006 Escolarizada,506,2020-2021,14USU0160O,5095400006,Escolarizada,179,325,,504,9,5,,14,0,0,,0
507 2020-2021 14USU0160O 7031100252 Escolarizada,507,2020-2021,14USU0160O,7031100252,Escolarizada,2,2,,4,0,0,,0,0,0,,0
508 2020-2021 14USU0160O 7031100253 Escolarizada,508,2020-2021,14USU0160O,7031100253,Escolarizada,0,2,,2,0,0,,0,0,0,,0
509 2020-2021 14USU0160O 7031300005 Escolarizada,509,2020-2021,14USU0160O,7031300005,Escolarizada,3,1,,4,0,0,,0,0,0,,0
510 2020-2021 14USU0160O 7031300048 Escolarizada,510,2020-2021,14USU0160O,7031300048,Escolarizada,0,0,,0,0,0,,0,0,0,,0
511 2020-2021 14USU0160O 7033100026 Escolarizada,511,2020-2021,14USU0160O,7033100026,Escolarizada,3,2,,5,0,0,,0,0,0,,0
512 2020-2021 14USU0160O 7042100033 Escolarizada,512,2020-2021,14USU0160O,7042100033,Escolarizada,10,5,,15,0,0,,0,0,0,,0
513 2020-2021 14USU0160O 7053100018 Escolarizada,513,2020-2021,14USU0160O,7053100018,Escolarizada,6,1,,7,0,0,,0,0,0,,0
514 2020-2021 14USU0160O 7081100078 Escolarizada,514,2020-2021,14USU0160O,7081100078,Escolarizada,5,4,,9,0,0,,0,0,0,,0
515 2020-2021 14USU0160O 8031300003 Escolarizada,515,2020-2021,14USU0160O,8031300003,Escolarizada,5,3,,8,0,0,,0,0,0,,0
516 2020-2021 14USU0160O 8052000002 Escolarizada,516,2020-2021,14USU0160O,8052000002,Escolarizada,0,0,,0,0,0,,0,0,0,,0
517 2020-2021 14USU0160O 8071000012 Escolarizada,517,2020-2021,14USU0160O,8071000012,Escolarizada,5,1,,6,0,0,,0,0,0,,0
518 2020-2021 14USU0160O 8081100033 Escolarizada,518,2020-2021,14USU0160O,8081100033,Escolarizada,0,0,,0,0,0,,0,0,0,,0
519 2020-2021 14USU0170V 5033100003 Escolarizada,519,2020-2021,14USU0170V,5033100003,Escolarizada,80,64,,144,3,4,,7,0,0,,0
520 2020-2021 14USU0170V 5041100021 Escolarizada,520,2020-2021,14USU0170V,5041100021,Escolarizada,107,50,,157,4,1,,5,0,1,,1
521 2020-2021 14USU0170V 5041400032 Escolarizada,521,2020-2021,14USU0170V,5041400032,Escolarizada,1,0,,1,0,0,,0,0,0,,0
522 2020-2021 14USU0170V 5042000002 Escolarizada,522,2020-2021,14USU0170V,5042000002,Escolarizada,69,90,,159,0,0,,0,0,0,,0
523 2020-2021 14USU0170V 5081100010 Escolarizada,523,2020-2021,14USU0170V,5081100010,Escolarizada,160,72,,232,4,1,,5,0,0,,0
524 2020-2021 14USU0170V 5092100006 Escolarizada,524,2020-2021,14USU0170V,5092100006,Escolarizada,12,37,,49,0,2,,2,0,0,,0
525 2020-2021 14USU0180B 5033100003 Escolarizada,525,2020-2021,14USU0180B,5033100003,Escolarizada,18,13,,31,0,0,,0,0,0,,0
526 2020-2021 14USU0180B 5042000002 Escolarizada,526,2020-2021,14USU0180B,5042000002,Escolarizada,0,0,,0,0,0,,0,0,0,,0
527 2020-2021 14USU0190I 5021000114 Escolarizada,527,2020-2021,14USU0190I,5021000114,Escolarizada,30,55,,85,2,2,,4,0,0,,0
528 2020-2021 14USU0190I 5021500002 Escolarizada,528,2020-2021,14USU0190I,5021500002,Escolarizada,217,145,,362,15,5,,20,0,0,,0
529 2020-2021 14USU0190I 5021500044 Escolarizada,529,2020-2021,14USU0190I,5021500044,Escolarizada,70,128,,198,5,4,,9,0,0,,0
530 2020-2021 14USU0190I 5021700002 Escolarizada,530,2020-2021,14USU0190I,5021700002,Escolarizada,28,84,,112,3,5,,8,0,0,,0
531 2020-2021 14USU0190I 5031100007 Escolarizada,531,2020-2021,14USU0190I,5031100007,Escolarizada,117,413,,530,7,10,,17,0,0,,0
532 2020-2021 14USU0190I 5033100003 Escolarizada,532,2020-2021,14USU0190I,5033100003,Escolarizada,237,330,,567,3,12,,15,1,1,,2
533 2020-2021 14USU0190I 5041400032 Escolarizada,533,2020-2021,14USU0190I,5041400032,Escolarizada,287,316,,603,14,5,,19,0,1,,1
534 2020-2021 14USU0190I 5042000002 Escolarizada,534,2020-2021,14USU0190I,5042000002,Escolarizada,234,361,,595,9,11,,20,2,1,,3
535 2020-2021 14USU0190I 5051100003 Escolarizada,535,2020-2021,14USU0190I,5051100003,Escolarizada,104,129,,233,7,3,,10,0,0,,0
536 2020-2021 14USU0190I 5061000002 Escolarizada,536,2020-2021,14USU0190I,5061000002,Escolarizada,190,31,,221,11,2,,13,0,1,,1
537 2020-2021 14USU0190I 5062100034 Escolarizada,537,2020-2021,14USU0190I,5062100034,Escolarizada,151,35,,186,7,0,,7,1,0,,1
538 2020-2021 14USU0190I 5071000047 Escolarizada,538,2020-2021,14USU0190I,5071000047,Escolarizada,78,2,,80,8,0,,8,0,0,,0
539 2020-2021 14USU0190I 5072100049 Escolarizada,539,2020-2021,14USU0190I,5072100049,Escolarizada,60,76,,136,2,0,,2,0,1,,1
540 2020-2021 14USU0190I 5073100009 Escolarizada,540,2020-2021,14USU0190I,5073100009,Escolarizada,312,210,,522,11,8,,19,2,0,,2
541 2020-2021 14USU0190I 5073200005 Escolarizada,541,2020-2021,14USU0190I,5073200005,Escolarizada,341,77,,418,6,4,,10,1,0,,1
542 2020-2021 14USU0190I 5091100011 Escolarizada,542,2020-2021,14USU0190I,5091100011,Escolarizada,210,285,,495,3,3,,6,1,0,,1
543 2020-2021 14USU0190I 5092100006 Escolarizada,543,2020-2021,14USU0190I,5092100006,Escolarizada,67,271,,338,0,10,,10,0,1,,1
544 2020-2021 14USU0190I 5094200006 Escolarizada,544,2020-2021,14USU0190I,5094200006,Escolarizada,77,244,,321,1,3,,4,0,0,,0
545 2020-2021 14USU0190I 5101100015 Escolarizada,545,2020-2021,14USU0190I,5101100015,Escolarizada,181,88,,269,4,0,,4,0,0,,0
546 2020-2021 14USU0190I 5101600013 Escolarizada,546,2020-2021,14USU0190I,5101600013,Escolarizada,146,267,,413,6,6,,12,2,0,,2
547 2020-2021 14USU0190I 7011400011 Escolarizada,547,2020-2021,14USU0190I,7011400011,Escolarizada,1,0,,1,0,0,,0,0,0,,0
548 2020-2021 14USU0190I 7033100026 Escolarizada,548,2020-2021,14USU0190I,7033100026,Escolarizada,0,0,,0,0,0,,0,0,0,,0
549 2020-2021 14USU0190I 7041400008 Escolarizada,549,2020-2021,14USU0190I,7041400008,Escolarizada,12,11,,23,0,1,,1,0,0,,0
550 2020-2021 14USU0190I 7041400028 Escolarizada,550,2020-2021,14USU0190I,7041400028,Escolarizada,0,0,,0,0,0,,0,0,0,,0
551 2020-2021 14USU0190I 7042100033 Escolarizada,551,2020-2021,14USU0190I,7042100033,Escolarizada,19,21,,40,1,0,,1,0,0,,0
552 2020-2021 14USU0190I 7042200008 Escolarizada,552,2020-2021,14USU0190I,7042200008,Escolarizada,0,0,,0,0,0,,0,0,0,,0
553 2020-2021 14USU0190I 7042300054 Escolarizada,553,2020-2021,14USU0190I,7042300054,Escolarizada,11,9,,20,1,0,,1,0,0,,0
554 2020-2021 14USU0190I 7052300006 Escolarizada,554,2020-2021,14USU0190I,7052300006,Escolarizada,12,6,,18,0,0,,0,0,0,,0
555 2020-2021 14USU0190I 8042000014 Escolarizada,555,2020-2021,14USU0190I,8042000014,Escolarizada,7,11,,18,0,0,,0,0,0,,0
556 2020-2021 14USU0190I 8042200004 Escolarizada,556,2020-2021,14USU0190I,8042200004,Escolarizada,17,22,,39,0,0,,0,0,0,,0
557 2020-2021 14USU0190I 8051300007 Escolarizada,557,2020-2021,14USU0190I,8051300007,Escolarizada,9,11,,20,0,0,,0,0,0,,0
558 2020-2021 14USU0190I 8051300013 Escolarizada,558,2020-2021,14USU0190I,8051300013,Escolarizada,0,0,,0,0,0,,0,0,0,,0
559 2020-2021 14USU0200Z 4071500002 Escolarizada,559,2020-2021,14USU0200Z,4071500002,Escolarizada,214,3,,217,6,0,,6,1,0,,1
560 2020-2021 14USU0200Z 5021000002 Escolarizada,560,2020-2021,14USU0200Z,5021000002,Escolarizada,18,6,,24,0,0,,0,0,0,,0
561 2020-2021 14USU0200Z 5033100003 Escolarizada,561,2020-2021,14USU0200Z,5033100003,Escolarizada,186,284,,470,3,9,,12,2,2,,4
562 2020-2021 14USU0200Z 5041100007 Escolarizada,562,2020-2021,14USU0200Z,5041100007,Escolarizada,94,160,,254,2,7,,9,0,0,,0
563 2020-2021 14USU0200Z 5041300007 Escolarizada,563,2020-2021,14USU0200Z,5041300007,Escolarizada,78,73,,151,3,2,,5,1,2,,3
564 2020-2021 14USU0200Z 5041400032 Escolarizada,564,2020-2021,14USU0200Z,5041400032,Escolarizada,155,265,,420,3,5,,8,0,0,,0
565 2020-2021 14USU0200Z 5042000002 Escolarizada,565,2020-2021,14USU0200Z,5042000002,Escolarizada,145,234,,379,6,3,,9,1,1,,2
566 2020-2021 14USU0200Z 5051300005 Escolarizada,566,2020-2021,14USU0200Z,5051300005,Escolarizada,108,88,,196,2,1,,3,0,1,,1
567 2020-2021 14USU0200Z 5062100033 Escolarizada,567,2020-2021,14USU0200Z,5062100033,Escolarizada,132,34,,166,3,1,,4,1,1,,2
568 2020-2021 14USU0200Z 5071300014 Escolarizada,568,2020-2021,14USU0200Z,5071300014,Escolarizada,275,28,,303,9,0,,9,0,2,,2
569 2020-2021 14USU0200Z 5073200010 Escolarizada,569,2020-2021,14USU0200Z,5073200010,Escolarizada,269,23,,292,4,1,,5,0,0,,0
570 2020-2021 14USU0200Z 5081300016 Escolarizada,570,2020-2021,14USU0200Z,5081300016,Escolarizada,279,122,,401,3,5,,8,1,2,,3
571 2020-2021 14USU0200Z 5092100006 Escolarizada,571,2020-2021,14USU0200Z,5092100006,Escolarizada,59,292,,351,1,2,,3,0,0,,0
572 2020-2021 14USU0200Z 5094200006 Escolarizada,572,2020-2021,14USU0200Z,5094200006,Escolarizada,51,220,,271,2,4,,6,0,1,,1
573 2020-2021 14USU0200Z 5101600013 Escolarizada,573,2020-2021,14USU0200Z,5101600013,Escolarizada,67,134,,201,2,7,,9,0,0,,0
574 2020-2021 14USU0200Z 7033100026 Escolarizada,574,2020-2021,14USU0200Z,7033100026,Escolarizada,20,21,,41,0,1,,1,0,0,,0
575 2020-2021 14USU0200Z 7041300024 Escolarizada,575,2020-2021,14USU0200Z,7041300024,Escolarizada,0,0,,0,0,0,,0,0,0,,0
576 2020-2021 14USU0200Z 7041400008 Escolarizada,576,2020-2021,14USU0200Z,7041400008,Escolarizada,0,0,,0,0,0,,0,0,0,,0
577 2020-2021 14USU0200Z 7042100015 Escolarizada,577,2020-2021,14USU0200Z,7042100015,Escolarizada,47,38,,85,1,0,,1,0,0,,0
578 2020-2021 14USU0200Z 7051300018 Escolarizada,578,2020-2021,14USU0200Z,7051300018,Escolarizada,8,15,,23,0,0,,0,0,0,,0
579 2020-2021 14USU0200Z 7051300079 Escolarizada,579,2020-2021,14USU0200Z,7051300079,Escolarizada,4,3,,7,0,0,,0,0,0,,0
580 2020-2021 14USU0200Z 7081100073 Escolarizada,580,2020-2021,14USU0200Z,7081100073,Escolarizada,11,2,,13,0,0,,0,0,0,,0
581 2020-2021 14USU0200Z 8051300007 Escolarizada,581,2020-2021,14USU0200Z,8051300007,Escolarizada,11,12,,23,0,2,,2,0,0,,0
582 2020-2021 14USU0210F 4101600012 Escolarizada,582,2020-2021,14USU0210F,4101600012,Escolarizada,0,0,,0,0,0,,0,0,0,,0
583 2020-2021 14USU0210F 4103100001 Escolarizada,583,2020-2021,14USU0210F,4103100001,Escolarizada,0,0,,0,0,0,,0,0,0,,0
584 2020-2021 14USU0210F 5022300022 Escolarizada,584,2020-2021,14USU0210F,5022300022,Escolarizada,41,84,,125,4,5,,9,0,0,,0
585 2020-2021 14USU0210F 5031100007 Escolarizada,585,2020-2021,14USU0210F,5031100007,Escolarizada,144,457,,601,6,18,,24,1,0,,1
586 2020-2021 14USU0210F 5031500010 Escolarizada,586,2020-2021,14USU0210F,5031500010,Escolarizada,27,245,,272,3,10,,13,0,2,,2
587 2020-2021 14USU0210F 5032100038 Escolarizada,587,2020-2021,14USU0210F,5032100038,Escolarizada,47,65,,112,4,2,,6,0,0,,0
588 2020-2021 14USU0210F 5033100003 Escolarizada,588,2020-2021,14USU0210F,5033100003,Escolarizada,282,412,,694,13,8,,21,2,0,,2
589 2020-2021 14USU0210F 5041100021 Escolarizada,589,2020-2021,14USU0210F,5041100021,Escolarizada,249,214,,463,3,8,,11,0,0,,0
590 2020-2021 14USU0210F 5041100056 Escolarizada,590,2020-2021,14USU0210F,5041100056,Escolarizada,248,403,,651,9,8,,17,0,1,,1
591 2020-2021 14USU0210F 5042200024 Escolarizada,591,2020-2021,14USU0210F,5042200024,Escolarizada,74,166,,240,3,5,,8,0,1,,1
592 2020-2021 14USU0210F 5051100015 Escolarizada,592,2020-2021,14USU0210F,5051100015,Escolarizada,61,98,,159,5,4,,9,1,0,,1
593 2020-2021 14USU0210F 5062100034 Escolarizada,593,2020-2021,14USU0210F,5062100034,Escolarizada,247,58,,305,11,3,,14,0,0,,0
594 2020-2021 14USU0210F 5072400001 Escolarizada,594,2020-2021,14USU0210F,5072400001,Escolarizada,59,39,,98,2,1,,3,0,0,,0
595 2020-2021 14USU0210F 5081100010 Escolarizada,595,2020-2021,14USU0210F,5081100010,Escolarizada,166,112,,278,6,2,,8,0,1,,1
596 2020-2021 14USU0210F 5082100001 Escolarizada,596,2020-2021,14USU0210F,5082100001,Escolarizada,320,361,,681,6,10,,16,0,0,,0
597 2020-2021 14USU0210F 5091100011 Escolarizada,597,2020-2021,14USU0210F,5091100011,Escolarizada,355,497,,852,3,8,,11,0,1,,1
598 2020-2021 14USU0210F 5092100006 Escolarizada,598,2020-2021,14USU0210F,5092100006,Escolarizada,178,796,,974,5,12,,17,1,1,,2
599 2020-2021 14USU0210F 5094200006 Escolarizada,599,2020-2021,14USU0210F,5094200006,Escolarizada,106,377,,483,3,5,,8,0,2,,2
600 2020-2021 14USU0210F 5101100015 Escolarizada,600,2020-2021,14USU0210F,5101100015,Escolarizada,26,11,,37,1,0,,1,0,0,,0
601 2020-2021 14USU0210F 5103100007 Escolarizada,601,2020-2021,14USU0210F,5103100007,Escolarizada,172,102,,274,1,3,,4,0,0,,0
602 2020-2021 14USU0210F 7011400011 Escolarizada,602,2020-2021,14USU0210F,7011400011,Escolarizada,5,6,,11,0,0,,0,0,0,,0
603 2020-2021 14USU0210F 7031100005 Escolarizada,603,2020-2021,14USU0210F,7031100005,Escolarizada,3,10,,13,0,0,,0,0,0,,0
604 2020-2021 14USU0210F 7031100176 Escolarizada,604,2020-2021,14USU0210F,7031100176,Escolarizada,5,6,,11,0,0,,0,1,0,,1
605 2020-2021 14USU0210F 7033100026 Escolarizada,605,2020-2021,14USU0210F,7033100026,Escolarizada,11,18,,29,0,1,,1,1,0,,1
606 2020-2021 14USU0210F 7042000002 Escolarizada,606,2020-2021,14USU0210F,7042000002,Escolarizada,0,0,,0,0,0,,0,0,0,,0
607 2020-2021 14USU0210F 7042100033 Escolarizada,607,2020-2021,14USU0210F,7042100033,Escolarizada,14,6,,20,0,0,,0,0,0,,0
608 2020-2021 14USU0210F 7095600015 Escolarizada,608,2020-2021,14USU0210F,7095600015,Escolarizada,0,0,,0,0,0,,0,0,0,,0
609 2020-2021 14USU0210F 7095600030 Escolarizada,609,2020-2021,14USU0210F,7095600030,Escolarizada,12,8,,20,0,0,,0,0,0,,0
610 2020-2021 14USU0210F 8031100002 Escolarizada,610,2020-2021,14USU0210F,8031100002,Escolarizada,2,13,,15,0,0,,0,0,0,,0
611 2020-2021 14USU0210F 8031100026 Escolarizada,611,2020-2021,14USU0210F,8031100026,Escolarizada,3,8,,11,0,0,,0,0,0,,0
612 2020-2021 14USU0220M 5011500002 Escolarizada,612,2020-2021,14USU0220M,5011500002,Escolarizada,0,0,,0,0,0,,0,0,0,,0
613 2020-2021 14USU0220M 5031100007 Escolarizada,613,2020-2021,14USU0220M,5031100007,Escolarizada,73,297,,370,2,5,,7,0,0,,0
614 2020-2021 14USU0220M 5033100003 Escolarizada,614,2020-2021,14USU0220M,5033100003,Escolarizada,132,226,,358,8,16,,24,0,0,,0
615 2020-2021 14USU0220M 5041100056 Escolarizada,615,2020-2021,14USU0220M,5041100056,Escolarizada,106,204,,310,1,9,,10,0,0,,0
616 2020-2021 14USU0220M 5041400032 Escolarizada,616,2020-2021,14USU0220M,5041400032,Escolarizada,127,201,,328,4,4,,8,0,0,,0
617 2020-2021 14USU0220M 5042000002 Escolarizada,617,2020-2021,14USU0220M,5042000002,Escolarizada,137,165,,302,8,6,,14,0,0,,0
618 2020-2021 14USU0220M 5061000002 Escolarizada,618,2020-2021,14USU0220M,5061000002,Escolarizada,127,31,,158,10,3,,13,0,0,,0
619 2020-2021 14USU0220M 5072100002 Escolarizada,619,2020-2021,14USU0220M,5072100002,Escolarizada,91,95,,186,4,3,,7,0,0,,0
620 2020-2021 14USU0220M 5081100050 Escolarizada,620,2020-2021,14USU0220M,5081100050,Escolarizada,124,50,,174,3,0,,3,0,0,,0
621 2020-2021 14USU0220M 5082100001 Escolarizada,621,2020-2021,14USU0220M,5082100001,Escolarizada,125,102,,227,3,5,,8,0,0,,0
622 2020-2021 14USU0220M 5091100011 Escolarizada,622,2020-2021,14USU0220M,5091100011,Escolarizada,213,295,,508,3,6,,9,0,0,,0
623 2020-2021 14USU0220M 5092100006 Escolarizada,623,2020-2021,14USU0220M,5092100006,Escolarizada,66,286,,352,3,9,,12,0,0,,0
624 2020-2021 14USU0220M 5093100002 Escolarizada,624,2020-2021,14USU0220M,5093100002,Escolarizada,114,308,,422,2,6,,8,0,0,,0
625 2020-2021 14USU0220M 5094200006 Escolarizada,625,2020-2021,14USU0220M,5094200006,Escolarizada,44,287,,331,3,8,,11,0,0,,0
626 2020-2021 14USU0220M 6081100002 Escolarizada,626,2020-2021,14USU0220M,6081100002,Escolarizada,0,0,,0,0,0,,0,0,0,,0
627 2020-2021 14USU0220M 6093202001 Escolarizada,627,2020-2021,14USU0220M,6093202001,Escolarizada,2,6,,8,0,0,,0,0,0,,0
628 2020-2021 14USU0220M 6093203005 Escolarizada,628,2020-2021,14USU0220M,6093203005,Escolarizada,1,7,,8,0,0,,0,0,0,,0
629 2020-2021 14USU0220M 7011200088 Escolarizada,629,2020-2021,14USU0220M,7011200088,Escolarizada,7,15,,22,0,0,,0,0,0,,0
630 2020-2021 14USU0220M 7042100033 Escolarizada,630,2020-2021,14USU0220M,7042100033,Escolarizada,20,11,,31,0,1,,1,0,0,,0
631 2020-2021 14USU0220M 7095600015 Escolarizada,631,2020-2021,14USU0220M,7095600015,Escolarizada,0,0,,0,0,0,,0,0,0,,0
632 2020-2021 14USU0220M 8031200023 Escolarizada,632,2020-2021,14USU0220M,8031200023,Escolarizada,0,0,,0,0,0,,0,0,0,,0
633 2020-2021 14USU0220M 8095200001 Escolarizada,633,2020-2021,14USU0220M,8095200001,Escolarizada,11,21,,32,0,0,,0,0,0,,0
634 2020-2021 14USU0221L 5022000001 Escolarizada,634,2020-2021,14USU0221L,5022000001,Escolarizada,33,62,,95,2,3,,5,0,0,,0
635 2020-2021 14USU0221L 5031100007 Escolarizada,635,2020-2021,14USU0221L,5031100007,Escolarizada,71,232,,303,3,5,,8,0,0,,0
636 2020-2021 14USU0221L 5033100003 Escolarizada,636,2020-2021,14USU0221L,5033100003,Escolarizada,113,204,,317,8,8,,16,0,0,,0
637 2020-2021 14USU0221L 5042000002 Escolarizada,637,2020-2021,14USU0221L,5042000002,Escolarizada,54,101,,155,3,4,,7,0,0,,0
638 2020-2021 14USU0221L 5042400005 Escolarizada,638,2020-2021,14USU0221L,5042400005,Escolarizada,133,169,,302,3,6,,9,0,0,,0
639 2020-2021 14USU0221L 5062200073 Escolarizada,639,2020-2021,14USU0221L,5062200073,Escolarizada,127,27,,154,9,1,,10,0,0,,0
640 2020-2021 14USU0221L 5071300009 Escolarizada,640,2020-2021,14USU0221L,5071300009,Escolarizada,116,11,,127,4,1,,5,0,0,,0
641 2020-2021 14USU0221L 5071300014 Escolarizada,641,2020-2021,14USU0221L,5071300014,Escolarizada,298,40,,338,5,3,,8,1,0,,1
642 2020-2021 14USU0221L 5071400008 Escolarizada,642,2020-2021,14USU0221L,5071400008,Escolarizada,128,216,,344,2,11,,13,0,0,,0
643 2020-2021 14USU0221L 5071700019 Escolarizada,643,2020-2021,14USU0221L,5071700019,Escolarizada,76,58,,134,4,2,,6,0,0,,0
644 2020-2021 14USU0221L 7012604064 Escolarizada,644,2020-2021,14USU0221L,7012604064,Escolarizada,7,2,,9,0,0,,0,0,0,,0
645 2020-2021 14USU0221L 7022500032 Escolarizada,645,2020-2021,14USU0221L,7022500032,Escolarizada,1,2,,3,0,0,,0,0,0,,0
646 2020-2021 14USU0221L 7071000035 Escolarizada,646,2020-2021,14USU0221L,7071000035,Escolarizada,3,2,,5,0,0,,0,0,0,,0
647 2020-2021 14USU0221L 8071000002 Escolarizada,647,2020-2021,14USU0221L,8071000002,Escolarizada,13,3,,16,0,0,,0,0,0,,0
648 2020-2021 14USU0222K 5022200040 Escolarizada,648,2020-2021,14USU0222K,5022200040,Escolarizada,32,75,,107,1,0,,1,0,0,,0
649 2020-2021 14USU0222K 5031100007 Escolarizada,649,2020-2021,14USU0222K,5031100007,Escolarizada,30,132,,162,2,3,,5,0,0,,0
650 2020-2021 14USU0222K 5032100038 Escolarizada,650,2020-2021,14USU0222K,5032100038,Escolarizada,14,17,,31,0,0,,0,0,0,,0
651 2020-2021 14USU0222K 5033100003 Escolarizada,651,2020-2021,14USU0222K,5033100003,Escolarizada,124,135,,259,2,4,,6,0,0,,0
652 2020-2021 14USU0222K 5042000002 Escolarizada,652,2020-2021,14USU0222K,5042000002,Escolarizada,52,69,,121,0,4,,4,0,1,,1
653 2020-2021 14USU0222K 5062200082 Escolarizada,653,2020-2021,14USU0222K,5062200082,Escolarizada,40,27,,67,1,2,,3,0,0,,0
654 2020-2021 14USU0222K 5071000047 Escolarizada,654,2020-2021,14USU0222K,5071000047,Escolarizada,68,9,,77,3,2,,5,0,0,,0
655 2020-2021 14USU0222K 5071700019 Escolarizada,655,2020-2021,14USU0222K,5071700019,Escolarizada,22,5,,27,0,0,,0,0,0,,0
656 2020-2021 14USU0230T 4093100005 Escolarizada,656,2020-2021,14USU0230T,4093100005,Escolarizada,77,190,,267,2,5,,7,0,0,,0
657 2020-2021 14USU0230T 4094100005 Escolarizada,657,2020-2021,14USU0230T,4094100005,Escolarizada,98,261,,359,2,5,,7,0,0,,0
658 2020-2021 14USU0230T 4094100010 Escolarizada,658,2020-2021,14USU0230T,4094100010,Escolarizada,57,114,,171,1,3,,4,0,0,,0
659 2020-2021 14USU0230T 4095300010 Escolarizada,659,2020-2021,14USU0230T,4095300010,Escolarizada,210,284,,494,3,4,,7,0,0,,0
660 2020-2021 14USU0230T 4103100001 Escolarizada,660,2020-2021,14USU0230T,4103100001,Escolarizada,132,172,,304,1,2,,3,0,0,,0
661 2020-2021 14USU0230T 5031100007 Escolarizada,661,2020-2021,14USU0230T,5031100007,Escolarizada,524,1441,,1965,12,27,,39,1,0,,1
662 2020-2021 14USU0230T 5033200024 Escolarizada,662,2020-2021,14USU0230T,5033200024,Escolarizada,28,97,,125,2,4,,6,0,0,,0
663 2020-2021 14USU0230T 5091100011 Escolarizada,663,2020-2021,14USU0230T,5091100011,Escolarizada,1748,2680,,4428,18,20,,38,1,1,,2
664 2020-2021 14USU0230T 5092100006 Escolarizada,664,2020-2021,14USU0230T,5092100006,Escolarizada,515,2040,,2555,5,18,,23,3,6,,9
665 2020-2021 14USU0230T 5093100002 Escolarizada,665,2020-2021,14USU0230T,5093100002,Escolarizada,479,1149,,1628,4,6,,10,0,0,,0
666 2020-2021 14USU0230T 5094200006 Escolarizada,666,2020-2021,14USU0230T,5094200006,Escolarizada,212,830,,1042,5,13,,18,2,0,,2
667 2020-2021 14USU0230T 5094300009 Escolarizada,667,2020-2021,14USU0230T,5094300009,Escolarizada,30,111,,141,1,0,,1,0,0,,0
668 2020-2021 14USU0230T 5101100015 Escolarizada,668,2020-2021,14USU0230T,5101100015,Escolarizada,936,587,,1523,14,7,,21,1,0,,1
669 2020-2021 14USU0230T 6051100001 Escolarizada,669,2020-2021,14USU0230T,6051100001,Escolarizada,2,3,,5,0,0,,0,0,0,,0
670 2020-2021 14USU0230T 6091301004 Escolarizada,670,2020-2021,14USU0230T,6091301004,Escolarizada,62,86,,148,0,1,,1,0,1,,1
671 2020-2021 14USU0230T 6091301005 Escolarizada,671,2020-2021,14USU0230T,6091301005,Escolarizada,0,1,,1,0,0,,0,0,0,,0
672 2020-2021 14USU0230T 6091301008 Escolarizada,672,2020-2021,14USU0230T,6091301008,Escolarizada,7,6,,13,0,0,,0,1,0,,1
673 2020-2021 14USU0230T 6091302001 Escolarizada,673,2020-2021,14USU0230T,6091302001,Escolarizada,12,5,,17,0,0,,0,0,0,,0
674 2020-2021 14USU0230T 6091304001 Escolarizada,674,2020-2021,14USU0230T,6091304001,Escolarizada,28,6,,34,0,0,,0,0,0,,0
675 2020-2021 14USU0230T 6091304018 Escolarizada,675,2020-2021,14USU0230T,6091304018,Escolarizada,3,0,,3,0,0,,0,0,0,,0
676 2020-2021 14USU0230T 6091305002 Escolarizada,676,2020-2021,14USU0230T,6091305002,Escolarizada,129,33,,162,1,1,,2,0,0,,0
677 2020-2021 14USU0230T 6091306001 Escolarizada,677,2020-2021,14USU0230T,6091306001,Escolarizada,2,5,,7,0,0,,0,0,0,,0
678 2020-2021 14USU0230T 6091307001 Escolarizada,678,2020-2021,14USU0230T,6091307001,Escolarizada,33,4,,37,0,0,,0,0,0,,0
679 2020-2021 14USU0230T 6091308001 Escolarizada,679,2020-2021,14USU0230T,6091308001,Escolarizada,8,3,,11,0,0,,0,0,0,,0
680 2020-2021 14USU0230T 6091309002 Escolarizada,680,2020-2021,14USU0230T,6091309002,Escolarizada,50,10,,60,1,0,,1,0,0,,0
681 2020-2021 14USU0230T 6091310001 Escolarizada,681,2020-2021,14USU0230T,6091310001,Escolarizada,16,40,,56,0,1,,1,0,0,,0
682 2020-2021 14USU0230T 6091310002 Escolarizada,682,2020-2021,14USU0230T,6091310002,Escolarizada,3,4,,7,0,0,,0,0,0,,0
683 2020-2021 14USU0230T 6091311001 Escolarizada,683,2020-2021,14USU0230T,6091311001,Escolarizada,7,6,,13,1,0,,1,0,0,,0
684 2020-2021 14USU0230T 6091312001 Escolarizada,684,2020-2021,14USU0230T,6091312001,Escolarizada,10,6,,16,1,1,,2,0,0,,0
685 2020-2021 14USU0230T 6091313001 Escolarizada,685,2020-2021,14USU0230T,6091313001,Escolarizada,1,0,,1,0,0,,0,0,0,,0
686 2020-2021 14USU0230T 6091313004 Escolarizada,686,2020-2021,14USU0230T,6091313004,Escolarizada,7,9,,16,1,0,,1,0,0,,0
687 2020-2021 14USU0230T 6091313008 Escolarizada,687,2020-2021,14USU0230T,6091313008,Escolarizada,1,6,,7,0,0,,0,0,0,,0
688 2020-2021 14USU0230T 6091314001 Escolarizada,688,2020-2021,14USU0230T,6091314001,Escolarizada,7,7,,14,0,0,,0,0,0,,0
689 2020-2021 14USU0230T 6091315001 Escolarizada,689,2020-2021,14USU0230T,6091315001,Escolarizada,29,37,,66,2,0,,2,0,0,,0
690 2020-2021 14USU0230T 6091316002 Escolarizada,690,2020-2021,14USU0230T,6091316002,Escolarizada,54,115,,169,0,1,,1,0,0,,0
691 2020-2021 14USU0230T 6091316004 Escolarizada,691,2020-2021,14USU0230T,6091316004,Escolarizada,5,5,,10,1,0,,1,0,0,,0
692 2020-2021 14USU0230T 6091316007 Escolarizada,692,2020-2021,14USU0230T,6091316007,Escolarizada,9,8,,17,0,0,,0,0,0,,0
693 2020-2021 14USU0230T 6091317001 Escolarizada,693,2020-2021,14USU0230T,6091317001,Escolarizada,8,6,,14,0,0,,0,0,0,,0
694 2020-2021 14USU0230T 6091318001 Escolarizada,694,2020-2021,14USU0230T,6091318001,Escolarizada,2,1,,3,0,0,,0,0,0,,0
695 2020-2021 14USU0230T 6091318002 Escolarizada,695,2020-2021,14USU0230T,6091318002,Escolarizada,5,1,,6,0,0,,0,0,0,,0
696 2020-2021 14USU0230T 6091319001 Escolarizada,696,2020-2021,14USU0230T,6091319001,Escolarizada,0,3,,3,0,0,,0,0,0,,0
697 2020-2021 14USU0230T 6091319004 Escolarizada,697,2020-2021,14USU0230T,6091319004,Escolarizada,3,6,,9,0,0,,0,0,0,,0
698 2020-2021 14USU0230T 6091321003 Escolarizada,698,2020-2021,14USU0230T,6091321003,Escolarizada,5,5,,10,0,0,,0,0,0,,0
699 2020-2021 14USU0230T 6091322003 Escolarizada,699,2020-2021,14USU0230T,6091322003,Escolarizada,16,28,,44,0,0,,0,0,0,,0
700 2020-2021 14USU0230T 6091323001 Escolarizada,700,2020-2021,14USU0230T,6091323001,Escolarizada,49,27,,76,3,0,,3,1,0,,1
701 2020-2021 14USU0230T 6091323002 Escolarizada,701,2020-2021,14USU0230T,6091323002,Escolarizada,0,0,,0,0,0,,0,0,0,,0
702 2020-2021 14USU0230T 6091325001 Escolarizada,702,2020-2021,14USU0230T,6091325001,Escolarizada,0,0,,0,0,0,,0,0,0,,0
703 2020-2021 14USU0230T 6091325002 Escolarizada,703,2020-2021,14USU0230T,6091325002,Escolarizada,4,4,,8,0,0,,0,0,0,,0
704 2020-2021 14USU0230T 6091326001 Escolarizada,704,2020-2021,14USU0230T,6091326001,Escolarizada,84,134,,218,0,0,,0,0,1,,1
705 2020-2021 14USU0230T 6091327002 Escolarizada,705,2020-2021,14USU0230T,6091327002,Escolarizada,139,98,,237,3,1,,4,0,0,,0
706 2020-2021 14USU0230T 6091329001 Escolarizada,706,2020-2021,14USU0230T,6091329001,Escolarizada,7,12,,19,0,0,,0,0,0,,0
707 2020-2021 14USU0230T 6091331003 Escolarizada,707,2020-2021,14USU0230T,6091331003,Escolarizada,23,24,,47,0,0,,0,0,0,,0
708 2020-2021 14USU0230T 6091332001 Escolarizada,708,2020-2021,14USU0230T,6091332001,Escolarizada,16,12,,28,0,0,,0,0,0,,0
709 2020-2021 14USU0230T 6091334001 Escolarizada,709,2020-2021,14USU0230T,6091334001,Escolarizada,8,1,,9,0,0,,0,0,0,,0
710 2020-2021 14USU0230T 6091335001 Escolarizada,710,2020-2021,14USU0230T,6091335001,Escolarizada,13,19,,32,0,0,,0,0,0,,0
711 2020-2021 14USU0230T 6091335003 Escolarizada,711,2020-2021,14USU0230T,6091335003,Escolarizada,2,2,,4,0,0,,0,0,0,,0
712 2020-2021 14USU0230T 6091336001 Escolarizada,712,2020-2021,14USU0230T,6091336001,Escolarizada,9,5,,14,0,0,,0,0,0,,0
713 2020-2021 14USU0230T 6091336005 Escolarizada,713,2020-2021,14USU0230T,6091336005,Escolarizada,12,8,,20,0,1,,1,0,0,,0
714 2020-2021 14USU0230T 6091336007 Escolarizada,714,2020-2021,14USU0230T,6091336007,Escolarizada,1,1,,2,0,0,,0,0,0,,0
715 2020-2021 14USU0230T 6091336009 Escolarizada,715,2020-2021,14USU0230T,6091336009,Escolarizada,0,0,,0,0,0,,0,0,0,,0
716 2020-2021 14USU0230T 6091336013 Escolarizada,716,2020-2021,14USU0230T,6091336013,Escolarizada,10,8,,18,0,0,,0,0,0,,0
717 2020-2021 14USU0230T 6091337005 Escolarizada,717,2020-2021,14USU0230T,6091337005,Escolarizada,73,5,,78,1,0,,1,0,0,,0
718 2020-2021 14USU0230T 6091338002 Escolarizada,718,2020-2021,14USU0230T,6091338002,Escolarizada,0,1,,1,0,0,,0,0,0,,0
719 2020-2021 14USU0230T 6091338003 Escolarizada,719,2020-2021,14USU0230T,6091338003,Escolarizada,14,28,,42,0,0,,0,0,0,,0
720 2020-2021 14USU0230T 6091339001 Escolarizada,720,2020-2021,14USU0230T,6091339001,Escolarizada,0,4,,4,0,0,,0,0,0,,0
721 2020-2021 14USU0230T 6091340001 Escolarizada,721,2020-2021,14USU0230T,6091340001,Escolarizada,39,93,,132,0,0,,0,0,0,,0
722 2020-2021 14USU0230T 6091340004 Escolarizada,722,2020-2021,14USU0230T,6091340004,Escolarizada,6,17,,23,0,0,,0,0,0,,0
723 2020-2021 14USU0230T 6091341001 Escolarizada,723,2020-2021,14USU0230T,6091341001,Escolarizada,7,5,,12,0,0,,0,0,0,,0
724 2020-2021 14USU0230T 6091342012 Escolarizada,724,2020-2021,14USU0230T,6091342012,Escolarizada,48,38,,86,0,1,,1,0,0,,0
725 2020-2021 14USU0230T 6091342013 Escolarizada,725,2020-2021,14USU0230T,6091342013,Escolarizada,0,0,,0,0,0,,0,0,0,,0
726 2020-2021 14USU0230T 6091343001 Escolarizada,726,2020-2021,14USU0230T,6091343001,Escolarizada,4,7,,11,0,0,,0,0,0,,0
727 2020-2021 14USU0230T 6091344001 Escolarizada,727,2020-2021,14USU0230T,6091344001,Escolarizada,53,4,,57,0,0,,0,0,0,,0
728 2020-2021 14USU0230T 6091344002 Escolarizada,728,2020-2021,14USU0230T,6091344002,Escolarizada,5,4,,9,0,0,,0,0,0,,0
729 2020-2021 14USU0230T 6091345008 Escolarizada,729,2020-2021,14USU0230T,6091345008,Escolarizada,3,3,,6,0,0,,0,0,0,,0
730 2020-2021 14USU0230T 6091345011 Escolarizada,730,2020-2021,14USU0230T,6091345011,Escolarizada,0,0,,0,0,0,,0,0,0,,0
731 2020-2021 14USU0230T 6092202002 Escolarizada,731,2020-2021,14USU0230T,6092202002,Escolarizada,2,12,,14,0,0,,0,0,0,,0
732 2020-2021 14USU0230T 6092203006 Escolarizada,732,2020-2021,14USU0230T,6092203006,Escolarizada,2,7,,9,0,0,,0,0,0,,0
733 2020-2021 14USU0230T 6092204007 Escolarizada,733,2020-2021,14USU0230T,6092204007,Escolarizada,8,5,,13,0,0,,0,0,0,,0
734 2020-2021 14USU0230T 6092206002 Escolarizada,734,2020-2021,14USU0230T,6092206002,Escolarizada,0,0,,0,0,0,,0,0,0,,0
735 2020-2021 14USU0230T 6092206010 Escolarizada,735,2020-2021,14USU0230T,6092206010,Escolarizada,0,5,,5,0,0,,0,0,0,,0
736 2020-2021 14USU0230T 6092207003 Escolarizada,736,2020-2021,14USU0230T,6092207003,Escolarizada,0,9,,9,0,0,,0,0,0,,0
737 2020-2021 14USU0230T 6092208015 Escolarizada,737,2020-2021,14USU0230T,6092208015,Escolarizada,0,4,,4,0,0,,0,0,0,,0
738 2020-2021 14USU0230T 6093201002 Escolarizada,738,2020-2021,14USU0230T,6093201002,Escolarizada,8,1,,9,0,0,,0,0,0,,0
739 2020-2021 14USU0230T 6093201005 Escolarizada,739,2020-2021,14USU0230T,6093201005,Escolarizada,1,3,,4,0,0,,0,0,0,,0
740 2020-2021 14USU0230T 6093202001 Escolarizada,740,2020-2021,14USU0230T,6093202001,Escolarizada,8,7,,15,0,0,,0,0,0,,0
741 2020-2021 14USU0230T 6093203005 Escolarizada,741,2020-2021,14USU0230T,6093203005,Escolarizada,2,12,,14,0,0,,0,0,0,,0
742 2020-2021 14USU0230T 6093204001 Escolarizada,742,2020-2021,14USU0230T,6093204001,Escolarizada,5,17,,22,0,0,,0,0,0,,0
743 2020-2021 14USU0230T 6093205004 Escolarizada,743,2020-2021,14USU0230T,6093205004,Escolarizada,3,4,,7,0,0,,0,0,0,,0
744 2020-2021 14USU0230T 6093206003 Escolarizada,744,2020-2021,14USU0230T,6093206003,Escolarizada,3,0,,3,0,0,,0,0,0,,0
745 2020-2021 14USU0230T 6095600002 Escolarizada,745,2020-2021,14USU0230T,6095600002,Escolarizada,8,10,,18,0,0,,0,0,0,,0
746 2020-2021 14USU0230T 7012601008 Escolarizada,746,2020-2021,14USU0230T,7012601008,Escolarizada,8,7,,15,0,0,,0,0,0,,0
747 2020-2021 14USU0230T 7012601010 Escolarizada,747,2020-2021,14USU0230T,7012601010,Escolarizada,0,0,,0,0,0,,0,0,0,,0
748 2020-2021 14USU0230T 7031100001 Escolarizada,748,2020-2021,14USU0230T,7031100001,Escolarizada,5,18,,23,0,0,,0,0,0,,0
749 2020-2021 14USU0230T 7031100028 Escolarizada,749,2020-2021,14USU0230T,7031100028,Escolarizada,0,0,,0,0,0,,0,0,0,,0
750 2020-2021 14USU0230T 7031100043 Escolarizada,750,2020-2021,14USU0230T,7031100043,Escolarizada,8,19,,27,0,0,,0,0,0,,0
751 2020-2021 14USU0230T 7031100103 Escolarizada,751,2020-2021,14USU0230T,7031100103,Escolarizada,0,0,,0,0,0,,0,0,0,,0
752 2020-2021 14USU0230T 7031100188 Escolarizada,752,2020-2021,14USU0230T,7031100188,Escolarizada,7,13,,20,0,0,,0,0,0,,0
753 2020-2021 14USU0230T 7031500022 Escolarizada,753,2020-2021,14USU0230T,7031500022,Escolarizada,7,17,,24,0,0,,0,0,0,,0
754 2020-2021 14USU0230T 7042500034 Escolarizada,754,2020-2021,14USU0230T,7042500034,Escolarizada,6,8,,14,0,0,,0,0,1,,1
755 2020-2021 14USU0230T 7042500062 Escolarizada,755,2020-2021,14USU0230T,7042500062,Escolarizada,0,0,,0,0,0,,0,0,0,,0
756 2020-2021 14USU0230T 7091316004 Escolarizada,756,2020-2021,14USU0230T,7091316004,Escolarizada,1,11,,12,0,0,,0,0,0,,0
757 2020-2021 14USU0230T 7091325001 Escolarizada,757,2020-2021,14USU0230T,7091325001,Escolarizada,3,10,,13,0,0,,0,0,0,,0
758 2020-2021 14USU0230T 7091345002 Escolarizada,758,2020-2021,14USU0230T,7091345002,Escolarizada,2,10,,12,0,1,,1,0,0,,0
759 2020-2021 14USU0230T 7091345005 Escolarizada,759,2020-2021,14USU0230T,7091345005,Escolarizada,0,0,,0,0,0,,0,0,0,,0
760 2020-2021 14USU0230T 7092208001 Escolarizada,760,2020-2021,14USU0230T,7092208001,Escolarizada,1,7,,8,0,0,,0,0,0,,0
761 2020-2021 14USU0230T 7093207003 Escolarizada,761,2020-2021,14USU0230T,7093207003,Escolarizada,1,2,,3,1,0,,1,0,0,,0
762 2020-2021 14USU0230T 7095000001 Escolarizada,762,2020-2021,14USU0230T,7095000001,Escolarizada,0,0,,0,0,0,,0,0,0,,0
763 2020-2021 14USU0230T 7095000011 Escolarizada,763,2020-2021,14USU0230T,7095000011,Escolarizada,10,8,,18,0,0,,0,1,0,,1
764 2020-2021 14USU0230T 7095600030 Escolarizada,764,2020-2021,14USU0230T,7095600030,Escolarizada,15,15,,30,0,3,,3,0,0,,0
765 2020-2021 14USU0230T 7095600046 Escolarizada,765,2020-2021,14USU0230T,7095600046,Escolarizada,2,5,,7,0,0,,0,0,0,,0
766 2020-2021 14USU0230T 7101000006 Escolarizada,766,2020-2021,14USU0230T,7101000006,Escolarizada,12,13,,25,1,0,,1,0,0,,0
767 2020-2021 14USU0230T 8031100011 Escolarizada,767,2020-2021,14USU0230T,8031100011,Escolarizada,2,5,,7,0,0,,0,0,0,,0
768 2020-2021 14USU0230T 8051100012 Escolarizada,768,2020-2021,14USU0230T,8051100012,Escolarizada,11,34,,45,0,2,,2,0,1,,1
769 2020-2021 14USU0230T 8051200017 Escolarizada,769,2020-2021,14USU0230T,8051200017,Escolarizada,33,36,,69,0,0,,0,1,0,,1
770 2020-2021 14USU0230T 8051200020 Escolarizada,770,2020-2021,14USU0230T,8051200020,Escolarizada,16,15,,31,0,0,,0,0,0,,0
771 2020-2021 14USU0230T 8072100013 Escolarizada,771,2020-2021,14USU0230T,8072100013,Escolarizada,6,15,,21,0,0,,0,0,0,,0
772 2020-2021 14USU0230T 8091100003 Escolarizada,772,2020-2021,14USU0230T,8091100003,Escolarizada,12,13,,25,0,0,,0,0,0,,0
773 2020-2021 14USU0230T 8091325001 Escolarizada,773,2020-2021,14USU0230T,8091325001,Escolarizada,0,0,,0,0,0,,0,0,0,,0
774 2020-2021 14USU0230T 8095000001 Escolarizada,774,2020-2021,14USU0230T,8095000001,Escolarizada,0,0,,0,0,0,,0,0,0,,0
775 2020-2021 14USU0230T 8095000003 Escolarizada,775,2020-2021,14USU0230T,8095000003,Escolarizada,2,0,,2,0,0,,0,0,0,,0
776 2020-2021 14USU0230T 8095200003 Escolarizada,776,2020-2021,14USU0230T,8095200003,Escolarizada,30,32,,62,0,1,,1,0,0,,0
777 2020-2021 14USU0230T 8095600001 Escolarizada,777,2020-2021,14USU0230T,8095600001,Escolarizada,18,25,,43,0,0,,0,0,1,,1
778 2020-2021 14USU0004X 5011200004 No escolarizada,778,2020-2021,14USU0004X,5011200004,No escolarizada,174,585,,759,4,19,,23,6,2,,8
779 2020-2021 14USU0004X 5011500002 No escolarizada,779,2020-2021,14USU0004X,5011500002,No escolarizada,11,24,,35,0,0,,0,0,0,,0
780 2020-2021 14USU0004X 5021000007 No escolarizada,780,2020-2021,14USU0004X,5021000007,No escolarizada,112,240,,352,0,5,,5,1,4,,5
781 2020-2021 14USU0004X 5032100001 No escolarizada,781,2020-2021,14USU0004X,5032100001,No escolarizada,35,19,,54,2,0,,2,0,0,,0
782 2020-2021 14USU0004X 5032200012 No escolarizada,782,2020-2021,14USU0004X,5032200012,No escolarizada,33,78,,111,0,1,,1,4,0,,4
783 2020-2021 14USU0004X 5041200075 No escolarizada,783,2020-2021,14USU0004X,5041200075,No escolarizada,178,214,,392,2,5,,7,1,1,,2
784 2020-2021 14USU0004X 5042100065 No escolarizada,784,2020-2021,14USU0004X,5042100065,No escolarizada,547,752,,1299,5,12,,17,2,0,,2
785 2020-2021 14USU0004X 5061000015 No escolarizada,785,2020-2021,14USU0004X,5061000015,No escolarizada,138,74,,212,3,2,,5,0,0,,0
786 2020-2021 14USU0004X 5062200105 No escolarizada,786,2020-2021,14USU0004X,5062200105,No escolarizada,477,138,,615,14,2,,16,4,0,,4
787 2020-2021 14USU0004X 5104100015 No escolarizada,787,2020-2021,14USU0004X,5104100015,No escolarizada,93,68,,161,3,2,,5,0,0,,0
788 2020-2021 14USU0004X 7011400029 No escolarizada,788,2020-2021,14USU0004X,7011400029,No escolarizada,17,31,,48,0,0,,0,0,1,,1
789 2020-2021 14USU0004X 7012400001 No escolarizada,789,2020-2021,14USU0004X,7012400001,No escolarizada,12,22,,34,0,0,,0,0,0,,0
790 2020-2021 14USU0004X 7021000014 No escolarizada,790,2020-2021,14USU0004X,7021000014,No escolarizada,2,7,,9,0,0,,0,0,0,,0
791 2020-2021 14USU0004X 7031300041 No escolarizada,791,2020-2021,14USU0004X,7031300041,No escolarizada,27,31,,58,0,0,,0,0,0,,0
792 2020-2021 14USU0004X 7032100037 No escolarizada,792,2020-2021,14USU0004X,7032100037,No escolarizada,7,12,,19,0,2,,2,0,0,,0
793 2020-2021 14USU0004X 7041100029 No escolarizada,793,2020-2021,14USU0004X,7041100029,No escolarizada,50,20,,70,1,0,,1,0,0,,0
794 2020-2021 14USU0004X 7042100177 No escolarizada,794,2020-2021,14USU0004X,7042100177,No escolarizada,0,0,,0,0,0,,0,0,0,,0
795 2020-2021 14USU0004X 7042100311 No escolarizada,795,2020-2021,14USU0004X,7042100311,No escolarizada,50,25,,75,2,0,,2,0,0,,0
796 2020-2021 14USU0004X 7042300030 No escolarizada,796,2020-2021,14USU0004X,7042300030,No escolarizada,0,0,,0,0,0,,0,0,0,,0
797 2020-2021 14USU0004X 7042300040 No escolarizada,797,2020-2021,14USU0004X,7042300040,No escolarizada,20,12,,32,0,0,,0,0,0,,0
798 2020-2021 14USU0004X 8011400005 No escolarizada,798,2020-2021,14USU0004X,8011400005,No escolarizada,3,5,,8,0,0,,0,0,0,,0
799 2020-2021 14USU0004X 8021000011 No escolarizada,799,2020-2021,14USU0004X,8021000011,No escolarizada,1,8,,9,1,0,,1,0,0,,0
